2025-12-24 13:16:08,969 | INFO | Saved model at AI_forecasting\artifacts\ml\models\ward_ward_1_electricity_demand_lgb.joblib
2025-12-24 13:16:09,330 | INFO | Saved forecast at AI_forecasting\results\ml\forecasts\ward_1_electricity_demand_forecast.csv
2025-12-24 13:16:09,820 | INFO | Saved model at AI_forecasting\artifacts\ml\models\ward_ward_1_water_demand_lgb.joblib
2025-12-24 13:16:10,171 | INFO | Saved forecast at AI_forecasting\results\ml\forecasts\ward_1_water_demand_forecast.csv
2025-12-24 13:16:10,674 | INFO | Saved model at AI_forecasting\artifacts\ml\models\ward_ward_1_congestion_index_lgb.joblib
2025-12-24 13:16:11,031 | INFO | Saved forecast at AI_forecasting\results\ml\forecasts\ward_1_congestion_index_forecast.csv
2025-12-24 13:16:11,521 | INFO | Saved model at AI_forecasting\artifacts\ml\models\ward_ward_1_pm25_lgb.joblib
2025-12-24 13:16:11,887 | INFO | Saved forecast at AI_forecasting\results\ml\forecasts\ward_1_pm25_forecast.csv
2025-12-24 13:16:12,384 | INFO | Saved model at AI_forecasting\artifacts\ml\models\ward_ward_10_electricity_demand_lgb.joblib
2025-12-24 13:16:12,740 | INFO | Saved forecast at AI_forecasting\results\ml\forecasts\ward_10_electricity_demand_forecast.csv
2025-12-24 13:16:13,233 | INFO | Saved model at AI_forecasting\artifacts\ml\models\ward_ward_10_water_demand_lgb.joblib
2025-12-24 13:16:13,584 | INFO | Saved forecast at AI_forecasting\results\ml\forecasts\ward_10_water_demand_forecast.csv
2025-12-24 13:16:14,085 | INFO | Saved model at AI_forecasting\artifacts\ml\models\ward_ward_10_congestion_index_lgb.joblib
2025-12-24 13:16:14,439 | INFO | Saved forecast at AI_forecasting\results\ml\forecasts\ward_10_congestion_index_forecast.csv
2025-12-24 13:16:14,926 | INFO | Saved model at AI_forecasting\artifacts\ml\models\ward_ward_10_pm25_lgb.joblib
2025-12-24 13:16:15,276 | INFO | Saved forecast at AI_forecasting\results\ml\forecasts\ward_10_pm25_forecast.csv
2025-12-24 13:16:15,770 | INFO | Saved model at AI_forecasting\artifacts\ml\models\ward_ward_100_electricity_demand_lgb.joblib
2025-12-24 13:16:16,125 | INFO | Saved forecast at AI_forecasting\results\ml\forecasts\ward_100_electricity_demand_forecast.csv
2025-12-24 13:16:16,615 | INFO | Saved model at AI_forecasting\artifacts\ml\models\ward_ward_100_water_demand_lgb.joblib
2025-12-24 13:16:16,969 | INFO | Saved forecast at AI_forecasting\results\ml\forecasts\ward_100_water_demand_forecast.csv
2025-12-24 13:16:17,489 | INFO | Saved model at AI_forecasting\artifacts\ml\models\ward_ward_100_congestion_index_lgb.joblib
2025-12-24 13:16:17,841 | INFO | Saved forecast at AI_forecasting\results\ml\forecasts\ward_100_congestion_index_forecast.csv
2025-12-24 13:16:18,331 | INFO | Saved model at AI_forecasting\artifacts\ml\models\ward_ward_100_pm25_lgb.joblib
2025-12-24 13:16:18,685 | INFO | Saved forecast at AI_forecasting\results\ml\forecasts\ward_100_pm25_forecast.csv
2025-12-24 13:16:19,175 | INFO | Saved model at AI_forecasting\artifacts\ml\models\ward_ward_101_electricity_demand_lgb.joblib
2025-12-24 13:16:19,529 | INFO | Saved forecast at AI_forecasting\results\ml\forecasts\ward_101_electricity_demand_forecast.csv
2025-12-24 13:16:20,018 | INFO | Saved model at AI_forecasting\artifacts\ml\models\ward_ward_101_water_demand_lgb.joblib
2025-12-24 13:16:20,373 | INFO | Saved forecast at AI_forecasting\results\ml\forecasts\ward_101_water_demand_forecast.csv
2025-12-24 13:16:20,868 | INFO | Saved model at AI_forecasting\artifacts\ml\models\ward_ward_101_congestion_index_lgb.joblib
2025-12-24 13:16:21,225 | INFO | Saved forecast at AI_forecasting\results\ml\forecasts\ward_101_congestion_index_forecast.csv
2025-12-24 13:16:21,709 | INFO | Saved model at AI_forecasting\artifacts\ml\models\ward_ward_101_pm25_lgb.joblib
2025-12-24 13:16:22,056 | INFO | Saved forecast at AI_forecasting\results\ml\forecasts\ward_101_pm25_forecast.csv
2025-12-24 13:16:22,540 | INFO | Saved model at AI_forecasting\artifacts\ml\models\ward_ward_102_electricity_demand_lgb.joblib
2025-12-24 13:16:22,907 | INFO | Saved forecast at AI_forecasting\results\ml\forecasts\ward_102_electricity_demand_forecast.csv
2025-12-24 13:16:23,394 | INFO | Saved model at AI_forecasting\artifacts\ml\models\ward_ward_102_water_demand_lgb.joblib
2025-12-24 13:16:23,754 | INFO | Saved forecast at AI_forecasting\results\ml\forecasts\ward_102_water_demand_forecast.csv
2025-12-24 13:16:24,244 | INFO | Saved model at AI_forecasting\artifacts\ml\models\ward_ward_102_congestion_index_lgb.joblib
2025-12-24 13:16:24,598 | INFO | Saved forecast at AI_forecasting\results\ml\forecasts\ward_102_congestion_index_forecast.csv
2025-12-24 13:16:25,090 | INFO | Saved model at AI_forecasting\artifacts\ml\models\ward_ward_102_pm25_lgb.joblib
2025-12-24 13:16:25,445 | INFO | Saved forecast at AI_forecasting\results\ml\forecasts\ward_102_pm25_forecast.csv
2025-12-24 13:16:25,940 | INFO | Saved model at AI_forecasting\artifacts\ml\models\ward_ward_103_electricity_demand_lgb.joblib
2025-12-24 13:16:26,307 | INFO | Saved forecast at AI_forecasting\results\ml\forecasts\ward_103_electricity_demand_forecast.csv
2025-12-24 13:16:26,796 | INFO | Saved model at AI_forecasting\artifacts\ml\models\ward_ward_103_water_demand_lgb.joblib
2025-12-24 13:16:27,156 | INFO | Saved forecast at AI_forecasting\results\ml\forecasts\ward_103_water_demand_forecast.csv
2025-12-24 13:16:27,655 | INFO | Saved model at AI_forecasting\artifacts\ml\models\ward_ward_103_congestion_index_lgb.joblib
2025-12-24 13:16:28,021 | INFO | Saved forecast at AI_forecasting\results\ml\forecasts\ward_103_congestion_index_forecast.csv
2025-12-24 13:16:28,509 | INFO | Saved model at AI_forecasting\artifacts\ml\models\ward_ward_103_pm25_lgb.joblib
2025-12-24 13:16:28,871 | INFO | Saved forecast at AI_forecasting\results\ml\forecasts\ward_103_pm25_forecast.csv
2025-12-24 13:16:29,369 | INFO | Saved model at AI_forecasting\artifacts\ml\models\ward_ward_104_electricity_demand_lgb.joblib
2025-12-24 13:16:29,725 | INFO | Saved forecast at AI_forecasting\results\ml\forecasts\ward_104_electricity_demand_forecast.csv
2025-12-24 13:16:30,219 | INFO | Saved model at AI_forecasting\artifacts\ml\models\ward_ward_104_water_demand_lgb.joblib
2025-12-24 13:16:30,590 | INFO | Saved forecast at AI_forecasting\results\ml\forecasts\ward_104_water_demand_forecast.csv
2025-12-24 13:16:31,094 | INFO | Saved model at AI_forecasting\artifacts\ml\models\ward_ward_104_congestion_index_lgb.joblib
2025-12-24 13:16:31,464 | INFO | Saved forecast at AI_forecasting\results\ml\forecasts\ward_104_congestion_index_forecast.csv
2025-12-24 13:16:31,958 | INFO | Saved model at AI_forecasting\artifacts\ml\models\ward_ward_104_pm25_lgb.joblib
2025-12-24 13:16:32,313 | INFO | Saved forecast at AI_forecasting\results\ml\forecasts\ward_104_pm25_forecast.csv
2025-12-24 13:16:32,815 | INFO | Saved model at AI_forecasting\artifacts\ml\models\ward_ward_105_electricity_demand_lgb.joblib
2025-12-24 13:16:33,173 | INFO | Saved forecast at AI_forecasting\results\ml\forecasts\ward_105_electricity_demand_forecast.csv
2025-12-24 13:16:33,671 | INFO | Saved model at AI_forecasting\artifacts\ml\models\ward_ward_105_water_demand_lgb.joblib
2025-12-24 13:16:34,027 | INFO | Saved forecast at AI_forecasting\results\ml\forecasts\ward_105_water_demand_forecast.csv
2025-12-24 13:16:34,523 | INFO | Saved model at AI_forecasting\artifacts\ml\models\ward_ward_105_congestion_index_lgb.joblib
2025-12-24 13:16:34,881 | INFO | Saved forecast at AI_forecasting\results\ml\forecasts\ward_105_congestion_index_forecast.csv
2025-12-24 13:16:35,411 | INFO | Saved model at AI_forecasting\artifacts\ml\models\ward_ward_105_pm25_lgb.joblib
2025-12-24 13:16:35,796 | INFO | Saved forecast at AI_forecasting\results\ml\forecasts\ward_105_pm25_forecast.csv
2025-12-24 13:16:36,328 | INFO | Saved model at AI_forecasting\artifacts\ml\models\ward_ward_106_electricity_demand_lgb.joblib
2025-12-24 13:16:36,715 | INFO | Saved forecast at AI_forecasting\results\ml\forecasts\ward_106_electricity_demand_forecast.csv
2025-12-24 13:16:37,224 | INFO | Saved model at AI_forecasting\artifacts\ml\models\ward_ward_106_water_demand_lgb.joblib
2025-12-24 13:16:37,590 | INFO | Saved forecast at AI_forecasting\results\ml\forecasts\ward_106_water_demand_forecast.csv
2025-12-24 13:16:38,090 | INFO | Saved model at AI_forecasting\artifacts\ml\models\ward_ward_106_congestion_index_lgb.joblib
2025-12-24 13:16:38,481 | INFO | Saved forecast at AI_forecasting\results\ml\forecasts\ward_106_congestion_index_forecast.csv
2025-12-24 13:16:38,982 | INFO | Saved model at AI_forecasting\artifacts\ml\models\ward_ward_106_pm25_lgb.joblib
2025-12-24 13:16:39,344 | INFO | Saved forecast at AI_forecasting\results\ml\forecasts\ward_106_pm25_forecast.csv
2025-12-24 13:16:39,848 | INFO | Saved model at AI_forecasting\artifacts\ml\models\ward_ward_107_electricity_demand_lgb.joblib
2025-12-24 13:16:40,205 | INFO | Saved forecast at AI_forecasting\results\ml\forecasts\ward_107_electricity_demand_forecast.csv
2025-12-24 13:16:40,716 | INFO | Saved model at AI_forecasting\artifacts\ml\models\ward_ward_107_water_demand_lgb.joblib
2025-12-24 13:16:41,072 | INFO | Saved forecast at AI_forecasting\results\ml\forecasts\ward_107_water_demand_forecast.csv
2025-12-24 13:16:41,579 | INFO | Saved model at AI_forecasting\artifacts\ml\models\ward_ward_107_congestion_index_lgb.joblib
2025-12-24 13:16:41,938 | INFO | Saved forecast at AI_forecasting\results\ml\forecasts\ward_107_congestion_index_forecast.csv
2025-12-24 13:16:42,444 | INFO | Saved model at AI_forecasting\artifacts\ml\models\ward_ward_107_pm25_lgb.joblib
2025-12-24 13:16:42,822 | INFO | Saved forecast at AI_forecasting\results\ml\forecasts\ward_107_pm25_forecast.csv
2025-12-24 13:16:43,359 | INFO | Saved model at AI_forecasting\artifacts\ml\models\ward_ward_108_electricity_demand_lgb.joblib
2025-12-24 13:16:43,732 | INFO | Saved forecast at AI_forecasting\results\ml\forecasts\ward_108_electricity_demand_forecast.csv
2025-12-24 13:16:44,232 | INFO | Saved model at AI_forecasting\artifacts\ml\models\ward_ward_108_water_demand_lgb.joblib
2025-12-24 13:16:44,592 | INFO | Saved forecast at AI_forecasting\results\ml\forecasts\ward_108_water_demand_forecast.csv
2025-12-24 13:16:45,100 | INFO | Saved model at AI_forecasting\artifacts\ml\models\ward_ward_108_congestion_index_lgb.joblib
2025-12-24 13:16:45,478 | INFO | Saved forecast at AI_forecasting\results\ml\forecasts\ward_108_congestion_index_forecast.csv
2025-12-24 13:16:46,149 | INFO | Saved model at AI_forecasting\artifacts\ml\models\ward_ward_108_pm25_lgb.joblib
2025-12-24 13:16:46,674 | INFO | Saved forecast at AI_forecasting\results\ml\forecasts\ward_108_pm25_forecast.csv
2025-12-24 13:16:47,305 | INFO | Saved model at AI_forecasting\artifacts\ml\models\ward_ward_109_electricity_demand_lgb.joblib
2025-12-24 13:16:47,772 | INFO | Saved forecast at AI_forecasting\results\ml\forecasts\ward_109_electricity_demand_forecast.csv
2025-12-24 13:16:48,415 | INFO | Saved model at AI_forecasting\artifacts\ml\models\ward_ward_109_water_demand_lgb.joblib
2025-12-24 13:16:48,867 | INFO | Saved forecast at AI_forecasting\results\ml\forecasts\ward_109_water_demand_forecast.csv
2025-12-24 13:16:49,521 | INFO | Saved model at AI_forecasting\artifacts\ml\models\ward_ward_109_congestion_index_lgb.joblib
2025-12-24 13:16:49,950 | INFO | Saved forecast at AI_forecasting\results\ml\forecasts\ward_109_congestion_index_forecast.csv
2025-12-24 13:16:50,604 | INFO | Saved model at AI_forecasting\artifacts\ml\models\ward_ward_109_pm25_lgb.joblib
2025-12-24 13:16:51,094 | INFO | Saved forecast at AI_forecasting\results\ml\forecasts\ward_109_pm25_forecast.csv
2025-12-24 13:16:51,727 | INFO | Saved model at AI_forecasting\artifacts\ml\models\ward_ward_11_electricity_demand_lgb.joblib
2025-12-24 13:16:52,222 | INFO | Saved forecast at AI_forecasting\results\ml\forecasts\ward_11_electricity_demand_forecast.csv
2025-12-24 13:16:52,856 | INFO | Saved model at AI_forecasting\artifacts\ml\models\ward_ward_11_water_demand_lgb.joblib
2025-12-24 13:16:53,324 | INFO | Saved forecast at AI_forecasting\results\ml\forecasts\ward_11_water_demand_forecast.csv
2025-12-24 13:16:54,016 | INFO | Saved model at AI_forecasting\artifacts\ml\models\ward_ward_11_congestion_index_lgb.joblib
2025-12-24 13:16:54,524 | INFO | Saved forecast at AI_forecasting\results\ml\forecasts\ward_11_congestion_index_forecast.csv
2025-12-24 13:16:55,162 | INFO | Saved model at AI_forecasting\artifacts\ml\models\ward_ward_11_pm25_lgb.joblib
2025-12-24 13:16:55,669 | INFO | Saved forecast at AI_forecasting\results\ml\forecasts\ward_11_pm25_forecast.csv
2025-12-24 13:16:56,352 | INFO | Saved model at AI_forecasting\artifacts\ml\models\ward_ward_110_electricity_demand_lgb.joblib
2025-12-24 13:16:56,968 | INFO | Saved forecast at AI_forecasting\results\ml\forecasts\ward_110_electricity_demand_forecast.csv
2025-12-24 13:16:57,611 | INFO | Saved model at AI_forecasting\artifacts\ml\models\ward_ward_110_water_demand_lgb.joblib
2025-12-24 13:16:58,089 | INFO | Saved forecast at AI_forecasting\results\ml\forecasts\ward_110_water_demand_forecast.csv
2025-12-24 13:16:58,707 | INFO | Saved model at AI_forecasting\artifacts\ml\models\ward_ward_110_congestion_index_lgb.joblib
2025-12-24 13:16:59,265 | INFO | Saved forecast at AI_forecasting\results\ml\forecasts\ward_110_congestion_index_forecast.csv
2025-12-24 13:16:59,862 | INFO | Saved model at AI_forecasting\artifacts\ml\models\ward_ward_110_pm25_lgb.joblib
2025-12-24 13:17:00,363 | INFO | Saved forecast at AI_forecasting\results\ml\forecasts\ward_110_pm25_forecast.csv
2025-12-24 13:17:00,984 | INFO | Saved model at AI_forecasting\artifacts\ml\models\ward_ward_111_electricity_demand_lgb.joblib
2025-12-24 13:17:01,498 | INFO | Saved forecast at AI_forecasting\results\ml\forecasts\ward_111_electricity_demand_forecast.csv
2025-12-24 13:17:02,153 | INFO | Saved model at AI_forecasting\artifacts\ml\models\ward_ward_111_water_demand_lgb.joblib
2025-12-24 13:17:02,665 | INFO | Saved forecast at AI_forecasting\results\ml\forecasts\ward_111_water_demand_forecast.csv
2025-12-24 13:17:03,356 | INFO | Saved model at AI_forecasting\artifacts\ml\models\ward_ward_111_congestion_index_lgb.joblib
2025-12-24 13:17:03,921 | INFO | Saved forecast at AI_forecasting\results\ml\forecasts\ward_111_congestion_index_forecast.csv
2025-12-24 13:17:04,568 | INFO | Saved model at AI_forecasting\artifacts\ml\models\ward_ward_111_pm25_lgb.joblib
2025-12-24 13:17:05,051 | INFO | Saved forecast at AI_forecasting\results\ml\forecasts\ward_111_pm25_forecast.csv
2025-12-24 13:17:05,706 | INFO | Saved model at AI_forecasting\artifacts\ml\models\ward_ward_112_electricity_demand_lgb.joblib
2025-12-24 13:17:06,181 | INFO | Saved forecast at AI_forecasting\results\ml\forecasts\ward_112_electricity_demand_forecast.csv
2025-12-24 13:17:06,882 | INFO | Saved model at AI_forecasting\artifacts\ml\models\ward_ward_112_water_demand_lgb.joblib
2025-12-24 13:17:07,335 | INFO | Saved forecast at AI_forecasting\results\ml\forecasts\ward_112_water_demand_forecast.csv
2025-12-24 13:17:08,062 | INFO | Saved model at AI_forecasting\artifacts\ml\models\ward_ward_112_congestion_index_lgb.joblib
2025-12-24 13:17:08,829 | INFO | Saved forecast at AI_forecasting\results\ml\forecasts\ward_112_congestion_index_forecast.csv
2025-12-24 13:17:09,490 | INFO | Saved model at AI_forecasting\artifacts\ml\models\ward_ward_112_pm25_lgb.joblib
2025-12-24 13:17:10,090 | INFO | Saved forecast at AI_forecasting\results\ml\forecasts\ward_112_pm25_forecast.csv
2025-12-24 13:17:10,787 | INFO | Saved model at AI_forecasting\artifacts\ml\models\ward_ward_113_electricity_demand_lgb.joblib
2025-12-24 13:17:11,291 | INFO | Saved forecast at AI_forecasting\results\ml\forecasts\ward_113_electricity_demand_forecast.csv
2025-12-24 13:17:12,024 | INFO | Saved model at AI_forecasting\artifacts\ml\models\ward_ward_113_water_demand_lgb.joblib
2025-12-24 13:17:12,558 | INFO | Saved forecast at AI_forecasting\results\ml\forecasts\ward_113_water_demand_forecast.csv
2025-12-24 13:17:13,272 | INFO | Saved model at AI_forecasting\artifacts\ml\models\ward_ward_113_congestion_index_lgb.joblib
2025-12-24 13:17:13,796 | INFO | Saved forecast at AI_forecasting\results\ml\forecasts\ward_113_congestion_index_forecast.csv
2025-12-24 13:17:14,509 | INFO | Saved model at AI_forecasting\artifacts\ml\models\ward_ward_113_pm25_lgb.joblib
2025-12-24 13:17:15,024 | INFO | Saved forecast at AI_forecasting\results\ml\forecasts\ward_113_pm25_forecast.csv
2025-12-24 13:17:15,677 | INFO | Saved model at AI_forecasting\artifacts\ml\models\ward_ward_114_electricity_demand_lgb.joblib
2025-12-24 13:17:16,151 | INFO | Saved forecast at AI_forecasting\results\ml\forecasts\ward_114_electricity_demand_forecast.csv
2025-12-24 13:17:16,825 | INFO | Saved model at AI_forecasting\artifacts\ml\models\ward_ward_114_water_demand_lgb.joblib
2025-12-24 13:17:17,283 | INFO | Saved forecast at AI_forecasting\results\ml\forecasts\ward_114_water_demand_forecast.csv
2025-12-24 13:17:17,925 | INFO | Saved model at AI_forecasting\artifacts\ml\models\ward_ward_114_congestion_index_lgb.joblib
2025-12-24 13:17:18,397 | INFO | Saved forecast at AI_forecasting\results\ml\forecasts\ward_114_congestion_index_forecast.csv
2025-12-24 13:17:19,038 | INFO | Saved model at AI_forecasting\artifacts\ml\models\ward_ward_114_pm25_lgb.joblib
2025-12-24 13:17:19,501 | INFO | Saved forecast at AI_forecasting\results\ml\forecasts\ward_114_pm25_forecast.csv
2025-12-24 13:17:20,194 | INFO | Saved model at AI_forecasting\artifacts\ml\models\ward_ward_115_electricity_demand_lgb.joblib
2025-12-24 13:17:20,693 | INFO | Saved forecast at AI_forecasting\results\ml\forecasts\ward_115_electricity_demand_forecast.csv
2025-12-24 13:17:21,308 | INFO | Saved model at AI_forecasting\artifacts\ml\models\ward_ward_115_water_demand_lgb.joblib
2025-12-24 13:17:21,749 | INFO | Saved forecast at AI_forecasting\results\ml\forecasts\ward_115_water_demand_forecast.csv
2025-12-24 13:17:22,400 | INFO | Saved model at AI_forecasting\artifacts\ml\models\ward_ward_115_congestion_index_lgb.joblib
2025-12-24 13:17:22,869 | INFO | Saved forecast at AI_forecasting\results\ml\forecasts\ward_115_congestion_index_forecast.csv
2025-12-24 13:17:23,483 | INFO | Saved model at AI_forecasting\artifacts\ml\models\ward_ward_115_pm25_lgb.joblib
2025-12-24 13:17:23,962 | INFO | Saved forecast at AI_forecasting\results\ml\forecasts\ward_115_pm25_forecast.csv
2025-12-24 13:17:24,577 | INFO | Saved model at AI_forecasting\artifacts\ml\models\ward_ward_116_electricity_demand_lgb.joblib
2025-12-24 13:17:25,050 | INFO | Saved forecast at AI_forecasting\results\ml\forecasts\ward_116_electricity_demand_forecast.csv
2025-12-24 13:17:25,721 | INFO | Saved model at AI_forecasting\artifacts\ml\models\ward_ward_116_water_demand_lgb.joblib
2025-12-24 13:17:26,207 | INFO | Saved forecast at AI_forecasting\results\ml\forecasts\ward_116_water_demand_forecast.csv
2025-12-24 13:17:26,843 | INFO | Saved model at AI_forecasting\artifacts\ml\models\ward_ward_116_congestion_index_lgb.joblib
2025-12-24 13:17:27,296 | INFO | Saved forecast at AI_forecasting\results\ml\forecasts\ward_116_congestion_index_forecast.csv
2025-12-24 13:17:27,923 | INFO | Saved model at AI_forecasting\artifacts\ml\models\ward_ward_116_pm25_lgb.joblib
2025-12-24 13:17:28,411 | INFO | Saved forecast at AI_forecasting\results\ml\forecasts\ward_116_pm25_forecast.csv
2025-12-24 13:17:29,006 | INFO | Saved model at AI_forecasting\artifacts\ml\models\ward_ward_117_electricity_demand_lgb.joblib
2025-12-24 13:17:29,455 | INFO | Saved forecast at AI_forecasting\results\ml\forecasts\ward_117_electricity_demand_forecast.csv
2025-12-24 13:17:30,057 | INFO | Saved model at AI_forecasting\artifacts\ml\models\ward_ward_117_water_demand_lgb.joblib
2025-12-24 13:17:30,550 | INFO | Saved forecast at AI_forecasting\results\ml\forecasts\ward_117_water_demand_forecast.csv
2025-12-24 13:17:31,195 | INFO | Saved model at AI_forecasting\artifacts\ml\models\ward_ward_117_congestion_index_lgb.joblib
2025-12-24 13:17:31,688 | INFO | Saved forecast at AI_forecasting\results\ml\forecasts\ward_117_congestion_index_forecast.csv
2025-12-24 13:17:32,307 | INFO | Saved model at AI_forecasting\artifacts\ml\models\ward_ward_117_pm25_lgb.joblib
2025-12-24 13:17:32,777 | INFO | Saved forecast at AI_forecasting\results\ml\forecasts\ward_117_pm25_forecast.csv
2025-12-24 13:17:33,393 | INFO | Saved model at AI_forecasting\artifacts\ml\models\ward_ward_118_electricity_demand_lgb.joblib
2025-12-24 13:17:33,839 | INFO | Saved forecast at AI_forecasting\results\ml\forecasts\ward_118_electricity_demand_forecast.csv
2025-12-24 13:17:34,465 | INFO | Saved model at AI_forecasting\artifacts\ml\models\ward_ward_118_water_demand_lgb.joblib
2025-12-24 13:17:35,052 | INFO | Saved forecast at AI_forecasting\results\ml\forecasts\ward_118_water_demand_forecast.csv
2025-12-24 13:17:35,916 | INFO | Saved model at AI_forecasting\artifacts\ml\models\ward_ward_118_congestion_index_lgb.joblib
2025-12-24 13:17:36,727 | INFO | Saved forecast at AI_forecasting\results\ml\forecasts\ward_118_congestion_index_forecast.csv
2025-12-24 13:17:37,383 | INFO | Saved model at AI_forecasting\artifacts\ml\models\ward_ward_118_pm25_lgb.joblib
2025-12-24 13:17:37,880 | INFO | Saved forecast at AI_forecasting\results\ml\forecasts\ward_118_pm25_forecast.csv
2025-12-24 13:17:38,491 | INFO | Saved model at AI_forecasting\artifacts\ml\models\ward_ward_119_electricity_demand_lgb.joblib
2025-12-24 13:17:39,090 | INFO | Saved forecast at AI_forecasting\results\ml\forecasts\ward_119_electricity_demand_forecast.csv
2025-12-24 13:17:39,743 | INFO | Saved model at AI_forecasting\artifacts\ml\models\ward_ward_119_water_demand_lgb.joblib
2025-12-24 13:17:40,233 | INFO | Saved forecast at AI_forecasting\results\ml\forecasts\ward_119_water_demand_forecast.csv
2025-12-24 13:17:40,881 | INFO | Saved model at AI_forecasting\artifacts\ml\models\ward_ward_119_congestion_index_lgb.joblib
2025-12-24 13:17:41,371 | INFO | Saved forecast at AI_forecasting\results\ml\forecasts\ward_119_congestion_index_forecast.csv
2025-12-24 13:17:42,013 | INFO | Saved model at AI_forecasting\artifacts\ml\models\ward_ward_119_pm25_lgb.joblib
2025-12-24 13:17:42,505 | INFO | Saved forecast at AI_forecasting\results\ml\forecasts\ward_119_pm25_forecast.csv
2025-12-24 13:17:43,145 | INFO | Saved model at AI_forecasting\artifacts\ml\models\ward_ward_12_electricity_demand_lgb.joblib
2025-12-24 13:17:43,641 | INFO | Saved forecast at AI_forecasting\results\ml\forecasts\ward_12_electricity_demand_forecast.csv
2025-12-24 13:17:44,291 | INFO | Saved model at AI_forecasting\artifacts\ml\models\ward_ward_12_water_demand_lgb.joblib
2025-12-24 13:17:44,752 | INFO | Saved forecast at AI_forecasting\results\ml\forecasts\ward_12_water_demand_forecast.csv
2025-12-24 13:17:45,402 | INFO | Saved model at AI_forecasting\artifacts\ml\models\ward_ward_12_congestion_index_lgb.joblib
2025-12-24 13:17:45,922 | INFO | Saved forecast at AI_forecasting\results\ml\forecasts\ward_12_congestion_index_forecast.csv
2025-12-24 13:17:46,560 | INFO | Saved model at AI_forecasting\artifacts\ml\models\ward_ward_12_pm25_lgb.joblib
2025-12-24 13:17:47,057 | INFO | Saved forecast at AI_forecasting\results\ml\forecasts\ward_12_pm25_forecast.csv
2025-12-24 13:17:47,717 | INFO | Saved model at AI_forecasting\artifacts\ml\models\ward_ward_120_electricity_demand_lgb.joblib
2025-12-24 13:17:48,242 | INFO | Saved forecast at AI_forecasting\results\ml\forecasts\ward_120_electricity_demand_forecast.csv
2025-12-24 13:17:48,898 | INFO | Saved model at AI_forecasting\artifacts\ml\models\ward_ward_120_water_demand_lgb.joblib
2025-12-24 13:17:49,391 | INFO | Saved forecast at AI_forecasting\results\ml\forecasts\ward_120_water_demand_forecast.csv
2025-12-24 13:17:50,091 | INFO | Saved model at AI_forecasting\artifacts\ml\models\ward_ward_120_congestion_index_lgb.joblib
2025-12-24 13:17:50,580 | INFO | Saved forecast at AI_forecasting\results\ml\forecasts\ward_120_congestion_index_forecast.csv
2025-12-24 13:17:51,253 | INFO | Saved model at AI_forecasting\artifacts\ml\models\ward_ward_120_pm25_lgb.joblib
2025-12-24 13:17:51,729 | INFO | Saved forecast at AI_forecasting\results\ml\forecasts\ward_120_pm25_forecast.csv
2025-12-24 13:17:52,402 | INFO | Saved model at AI_forecasting\artifacts\ml\models\ward_ward_121_electricity_demand_lgb.joblib
2025-12-24 13:17:52,906 | INFO | Saved forecast at AI_forecasting\results\ml\forecasts\ward_121_electricity_demand_forecast.csv
2025-12-24 13:17:53,537 | INFO | Saved model at AI_forecasting\artifacts\ml\models\ward_ward_121_water_demand_lgb.joblib
2025-12-24 13:17:53,995 | INFO | Saved forecast at AI_forecasting\results\ml\forecasts\ward_121_water_demand_forecast.csv
2025-12-24 13:17:54,654 | INFO | Saved model at AI_forecasting\artifacts\ml\models\ward_ward_121_congestion_index_lgb.joblib
2025-12-24 13:17:55,139 | INFO | Saved forecast at AI_forecasting\results\ml\forecasts\ward_121_congestion_index_forecast.csv
2025-12-24 13:17:55,822 | INFO | Saved model at AI_forecasting\artifacts\ml\models\ward_ward_121_pm25_lgb.joblib
2025-12-24 13:17:56,323 | INFO | Saved forecast at AI_forecasting\results\ml\forecasts\ward_121_pm25_forecast.csv
2025-12-24 13:17:56,964 | INFO | Saved model at AI_forecasting\artifacts\ml\models\ward_ward_122_electricity_demand_lgb.joblib
2025-12-24 13:17:57,462 | INFO | Saved forecast at AI_forecasting\results\ml\forecasts\ward_122_electricity_demand_forecast.csv
2025-12-24 13:17:58,086 | INFO | Saved model at AI_forecasting\artifacts\ml\models\ward_ward_122_water_demand_lgb.joblib
2025-12-24 13:17:58,580 | INFO | Saved forecast at AI_forecasting\results\ml\forecasts\ward_122_water_demand_forecast.csv
2025-12-24 13:17:59,216 | INFO | Saved model at AI_forecasting\artifacts\ml\models\ward_ward_122_congestion_index_lgb.joblib
2025-12-24 13:17:59,649 | INFO | Saved forecast at AI_forecasting\results\ml\forecasts\ward_122_congestion_index_forecast.csv
2025-12-24 13:18:00,312 | INFO | Saved model at AI_forecasting\artifacts\ml\models\ward_ward_122_pm25_lgb.joblib
2025-12-24 13:18:00,792 | INFO | Saved forecast at AI_forecasting\results\ml\forecasts\ward_122_pm25_forecast.csv
2025-12-24 13:18:01,452 | INFO | Saved model at AI_forecasting\artifacts\ml\models\ward_ward_123_electricity_demand_lgb.joblib
2025-12-24 13:18:01,920 | INFO | Saved forecast at AI_forecasting\results\ml\forecasts\ward_123_electricity_demand_forecast.csv
2025-12-24 13:18:02,571 | INFO | Saved model at AI_forecasting\artifacts\ml\models\ward_ward_123_water_demand_lgb.joblib
2025-12-24 13:18:03,030 | INFO | Saved forecast at AI_forecasting\results\ml\forecasts\ward_123_water_demand_forecast.csv
2025-12-24 13:18:03,671 | INFO | Saved model at AI_forecasting\artifacts\ml\models\ward_ward_123_congestion_index_lgb.joblib
2025-12-24 13:18:04,146 | INFO | Saved forecast at AI_forecasting\results\ml\forecasts\ward_123_congestion_index_forecast.csv
2025-12-24 13:18:04,803 | INFO | Saved model at AI_forecasting\artifacts\ml\models\ward_ward_123_pm25_lgb.joblib
2025-12-24 13:18:05,261 | INFO | Saved forecast at AI_forecasting\results\ml\forecasts\ward_123_pm25_forecast.csv
2025-12-24 13:18:05,941 | INFO | Saved model at AI_forecasting\artifacts\ml\models\ward_ward_124_electricity_demand_lgb.joblib
2025-12-24 13:18:06,404 | INFO | Saved forecast at AI_forecasting\results\ml\forecasts\ward_124_electricity_demand_forecast.csv
2025-12-24 13:18:07,073 | INFO | Saved model at AI_forecasting\artifacts\ml\models\ward_ward_124_water_demand_lgb.joblib
2025-12-24 13:18:07,568 | INFO | Saved forecast at AI_forecasting\results\ml\forecasts\ward_124_water_demand_forecast.csv
2025-12-24 13:18:08,234 | INFO | Saved model at AI_forecasting\artifacts\ml\models\ward_ward_124_congestion_index_lgb.joblib
2025-12-24 13:18:08,738 | INFO | Saved forecast at AI_forecasting\results\ml\forecasts\ward_124_congestion_index_forecast.csv
2025-12-24 13:18:09,361 | INFO | Saved model at AI_forecasting\artifacts\ml\models\ward_ward_124_pm25_lgb.joblib
2025-12-24 13:18:09,846 | INFO | Saved forecast at AI_forecasting\results\ml\forecasts\ward_124_pm25_forecast.csv
2025-12-24 13:18:10,506 | INFO | Saved model at AI_forecasting\artifacts\ml\models\ward_ward_125_electricity_demand_lgb.joblib
2025-12-24 13:18:10,986 | INFO | Saved forecast at AI_forecasting\results\ml\forecasts\ward_125_electricity_demand_forecast.csv
2025-12-24 13:18:11,654 | INFO | Saved model at AI_forecasting\artifacts\ml\models\ward_ward_125_water_demand_lgb.joblib
2025-12-24 13:18:12,170 | INFO | Saved forecast at AI_forecasting\results\ml\forecasts\ward_125_water_demand_forecast.csv
2025-12-24 13:18:12,877 | INFO | Saved model at AI_forecasting\artifacts\ml\models\ward_ward_125_congestion_index_lgb.joblib
2025-12-24 13:18:13,339 | INFO | Saved forecast at AI_forecasting\results\ml\forecasts\ward_125_congestion_index_forecast.csv
2025-12-24 13:18:13,975 | INFO | Saved model at AI_forecasting\artifacts\ml\models\ward_ward_125_pm25_lgb.joblib
2025-12-24 13:18:14,453 | INFO | Saved forecast at AI_forecasting\results\ml\forecasts\ward_125_pm25_forecast.csv
2025-12-24 13:18:15,051 | INFO | Saved model at AI_forecasting\artifacts\ml\models\ward_ward_126_electricity_demand_lgb.joblib
2025-12-24 13:18:15,513 | INFO | Saved forecast at AI_forecasting\results\ml\forecasts\ward_126_electricity_demand_forecast.csv
2025-12-24 13:18:16,190 | INFO | Saved model at AI_forecasting\artifacts\ml\models\ward_ward_126_water_demand_lgb.joblib
2025-12-24 13:18:16,647 | INFO | Saved forecast at AI_forecasting\results\ml\forecasts\ward_126_water_demand_forecast.csv
2025-12-24 13:18:17,297 | INFO | Saved model at AI_forecasting\artifacts\ml\models\ward_ward_126_congestion_index_lgb.joblib
2025-12-24 13:18:17,764 | INFO | Saved forecast at AI_forecasting\results\ml\forecasts\ward_126_congestion_index_forecast.csv
2025-12-24 13:18:18,397 | INFO | Saved model at AI_forecasting\artifacts\ml\models\ward_ward_126_pm25_lgb.joblib
2025-12-24 13:18:18,886 | INFO | Saved forecast at AI_forecasting\results\ml\forecasts\ward_126_pm25_forecast.csv
2025-12-24 13:18:19,527 | INFO | Saved model at AI_forecasting\artifacts\ml\models\ward_ward_127_electricity_demand_lgb.joblib
2025-12-24 13:18:19,993 | INFO | Saved forecast at AI_forecasting\results\ml\forecasts\ward_127_electricity_demand_forecast.csv
2025-12-24 13:18:20,616 | INFO | Saved model at AI_forecasting\artifacts\ml\models\ward_ward_127_water_demand_lgb.joblib
2025-12-24 13:18:21,136 | INFO | Saved forecast at AI_forecasting\results\ml\forecasts\ward_127_water_demand_forecast.csv
2025-12-24 13:18:21,813 | INFO | Saved model at AI_forecasting\artifacts\ml\models\ward_ward_127_congestion_index_lgb.joblib
2025-12-24 13:18:22,330 | INFO | Saved forecast at AI_forecasting\results\ml\forecasts\ward_127_congestion_index_forecast.csv
2025-12-24 13:18:23,017 | INFO | Saved model at AI_forecasting\artifacts\ml\models\ward_ward_127_pm25_lgb.joblib
2025-12-24 13:18:23,479 | INFO | Saved forecast at AI_forecasting\results\ml\forecasts\ward_127_pm25_forecast.csv
2025-12-24 13:18:24,116 | INFO | Saved model at AI_forecasting\artifacts\ml\models\ward_ward_128_electricity_demand_lgb.joblib
2025-12-24 13:18:24,637 | INFO | Saved forecast at AI_forecasting\results\ml\forecasts\ward_128_electricity_demand_forecast.csv
2025-12-24 13:18:25,283 | INFO | Saved model at AI_forecasting\artifacts\ml\models\ward_ward_128_water_demand_lgb.joblib
2025-12-24 13:18:25,790 | INFO | Saved forecast at AI_forecasting\results\ml\forecasts\ward_128_water_demand_forecast.csv
2025-12-24 13:18:26,432 | INFO | Saved model at AI_forecasting\artifacts\ml\models\ward_ward_128_congestion_index_lgb.joblib
2025-12-24 13:18:26,932 | INFO | Saved forecast at AI_forecasting\results\ml\forecasts\ward_128_congestion_index_forecast.csv
2025-12-24 13:18:27,587 | INFO | Saved model at AI_forecasting\artifacts\ml\models\ward_ward_128_pm25_lgb.joblib
2025-12-24 13:18:28,019 | INFO | Saved forecast at AI_forecasting\results\ml\forecasts\ward_128_pm25_forecast.csv
2025-12-24 13:18:28,640 | INFO | Saved model at AI_forecasting\artifacts\ml\models\ward_ward_129_electricity_demand_lgb.joblib
2025-12-24 13:18:29,091 | INFO | Saved forecast at AI_forecasting\results\ml\forecasts\ward_129_electricity_demand_forecast.csv
2025-12-24 13:18:29,748 | INFO | Saved model at AI_forecasting\artifacts\ml\models\ward_ward_129_water_demand_lgb.joblib
2025-12-24 13:18:30,209 | INFO | Saved forecast at AI_forecasting\results\ml\forecasts\ward_129_water_demand_forecast.csv
2025-12-24 13:18:30,893 | INFO | Saved model at AI_forecasting\artifacts\ml\models\ward_ward_129_congestion_index_lgb.joblib
2025-12-24 13:18:31,352 | INFO | Saved forecast at AI_forecasting\results\ml\forecasts\ward_129_congestion_index_forecast.csv
2025-12-24 13:18:32,004 | INFO | Saved model at AI_forecasting\artifacts\ml\models\ward_ward_129_pm25_lgb.joblib
2025-12-24 13:18:32,475 | INFO | Saved forecast at AI_forecasting\results\ml\forecasts\ward_129_pm25_forecast.csv
2025-12-24 13:18:33,154 | INFO | Saved model at AI_forecasting\artifacts\ml\models\ward_ward_13_electricity_demand_lgb.joblib
2025-12-24 13:18:33,669 | INFO | Saved forecast at AI_forecasting\results\ml\forecasts\ward_13_electricity_demand_forecast.csv
2025-12-24 13:18:34,341 | INFO | Saved model at AI_forecasting\artifacts\ml\models\ward_ward_13_water_demand_lgb.joblib
2025-12-24 13:18:34,841 | INFO | Saved forecast at AI_forecasting\results\ml\forecasts\ward_13_water_demand_forecast.csv
2025-12-24 13:18:35,511 | INFO | Saved model at AI_forecasting\artifacts\ml\models\ward_ward_13_congestion_index_lgb.joblib
2025-12-24 13:18:35,971 | INFO | Saved forecast at AI_forecasting\results\ml\forecasts\ward_13_congestion_index_forecast.csv
2025-12-24 13:18:36,603 | INFO | Saved model at AI_forecasting\artifacts\ml\models\ward_ward_13_pm25_lgb.joblib
2025-12-24 13:18:37,075 | INFO | Saved forecast at AI_forecasting\results\ml\forecasts\ward_13_pm25_forecast.csv
2025-12-24 13:18:37,744 | INFO | Saved model at AI_forecasting\artifacts\ml\models\ward_ward_130_electricity_demand_lgb.joblib
2025-12-24 13:18:38,232 | INFO | Saved forecast at AI_forecasting\results\ml\forecasts\ward_130_electricity_demand_forecast.csv
2025-12-24 13:18:38,903 | INFO | Saved model at AI_forecasting\artifacts\ml\models\ward_ward_130_water_demand_lgb.joblib
2025-12-24 13:18:39,350 | INFO | Saved forecast at AI_forecasting\results\ml\forecasts\ward_130_water_demand_forecast.csv
2025-12-24 13:18:39,973 | INFO | Saved model at AI_forecasting\artifacts\ml\models\ward_ward_130_congestion_index_lgb.joblib
2025-12-24 13:18:40,490 | INFO | Saved forecast at AI_forecasting\results\ml\forecasts\ward_130_congestion_index_forecast.csv
2025-12-24 13:18:41,105 | INFO | Saved model at AI_forecasting\artifacts\ml\models\ward_ward_130_pm25_lgb.joblib
2025-12-24 13:18:41,582 | INFO | Saved forecast at AI_forecasting\results\ml\forecasts\ward_130_pm25_forecast.csv
2025-12-24 13:18:42,221 | INFO | Saved model at AI_forecasting\artifacts\ml\models\ward_ward_131_electricity_demand_lgb.joblib
2025-12-24 13:18:42,735 | INFO | Saved forecast at AI_forecasting\results\ml\forecasts\ward_131_electricity_demand_forecast.csv
2025-12-24 13:18:43,356 | INFO | Saved model at AI_forecasting\artifacts\ml\models\ward_ward_131_water_demand_lgb.joblib
2025-12-24 13:18:43,904 | INFO | Saved forecast at AI_forecasting\results\ml\forecasts\ward_131_water_demand_forecast.csv
2025-12-24 13:18:44,528 | INFO | Saved model at AI_forecasting\artifacts\ml\models\ward_ward_131_congestion_index_lgb.joblib
2025-12-24 13:18:44,999 | INFO | Saved forecast at AI_forecasting\results\ml\forecasts\ward_131_congestion_index_forecast.csv
2025-12-24 13:18:45,631 | INFO | Saved model at AI_forecasting\artifacts\ml\models\ward_ward_131_pm25_lgb.joblib
2025-12-24 13:18:46,114 | INFO | Saved forecast at AI_forecasting\results\ml\forecasts\ward_131_pm25_forecast.csv
2025-12-24 13:18:46,780 | INFO | Saved model at AI_forecasting\artifacts\ml\models\ward_ward_132_electricity_demand_lgb.joblib
2025-12-24 13:18:47,226 | INFO | Saved forecast at AI_forecasting\results\ml\forecasts\ward_132_electricity_demand_forecast.csv
2025-12-24 13:18:47,848 | INFO | Saved model at AI_forecasting\artifacts\ml\models\ward_ward_132_water_demand_lgb.joblib
2025-12-24 13:18:48,332 | INFO | Saved forecast at AI_forecasting\results\ml\forecasts\ward_132_water_demand_forecast.csv
2025-12-24 13:18:48,959 | INFO | Saved model at AI_forecasting\artifacts\ml\models\ward_ward_132_congestion_index_lgb.joblib
2025-12-24 13:18:49,411 | INFO | Saved forecast at AI_forecasting\results\ml\forecasts\ward_132_congestion_index_forecast.csv
2025-12-24 13:18:50,052 | INFO | Saved model at AI_forecasting\artifacts\ml\models\ward_ward_132_pm25_lgb.joblib
2025-12-24 13:18:50,511 | INFO | Saved forecast at AI_forecasting\results\ml\forecasts\ward_132_pm25_forecast.csv
2025-12-24 13:18:51,110 | INFO | Saved model at AI_forecasting\artifacts\ml\models\ward_ward_133_electricity_demand_lgb.joblib
2025-12-24 13:18:51,551 | INFO | Saved forecast at AI_forecasting\results\ml\forecasts\ward_133_electricity_demand_forecast.csv
2025-12-24 13:18:52,275 | INFO | Saved model at AI_forecasting\artifacts\ml\models\ward_ward_133_water_demand_lgb.joblib
2025-12-24 13:18:52,716 | INFO | Saved forecast at AI_forecasting\results\ml\forecasts\ward_133_water_demand_forecast.csv
2025-12-24 13:18:53,388 | INFO | Saved model at AI_forecasting\artifacts\ml\models\ward_ward_133_congestion_index_lgb.joblib
2025-12-24 13:18:53,883 | INFO | Saved forecast at AI_forecasting\results\ml\forecasts\ward_133_congestion_index_forecast.csv
2025-12-24 13:18:54,516 | INFO | Saved model at AI_forecasting\artifacts\ml\models\ward_ward_133_pm25_lgb.joblib
2025-12-24 13:18:54,985 | INFO | Saved forecast at AI_forecasting\results\ml\forecasts\ward_133_pm25_forecast.csv
2025-12-24 13:18:55,583 | INFO | Saved model at AI_forecasting\artifacts\ml\models\ward_ward_134_electricity_demand_lgb.joblib
2025-12-24 13:18:56,022 | INFO | Saved forecast at AI_forecasting\results\ml\forecasts\ward_134_electricity_demand_forecast.csv
2025-12-24 13:18:56,626 | INFO | Saved model at AI_forecasting\artifacts\ml\models\ward_ward_134_water_demand_lgb.joblib
2025-12-24 13:18:57,075 | INFO | Saved forecast at AI_forecasting\results\ml\forecasts\ward_134_water_demand_forecast.csv
2025-12-24 13:18:57,722 | INFO | Saved model at AI_forecasting\artifacts\ml\models\ward_ward_134_congestion_index_lgb.joblib
2025-12-24 13:18:58,214 | INFO | Saved forecast at AI_forecasting\results\ml\forecasts\ward_134_congestion_index_forecast.csv
2025-12-24 13:18:58,829 | INFO | Saved model at AI_forecasting\artifacts\ml\models\ward_ward_134_pm25_lgb.joblib
2025-12-24 13:18:59,342 | INFO | Saved forecast at AI_forecasting\results\ml\forecasts\ward_134_pm25_forecast.csv
2025-12-24 13:18:59,982 | INFO | Saved model at AI_forecasting\artifacts\ml\models\ward_ward_135_electricity_demand_lgb.joblib
2025-12-24 13:19:00,490 | INFO | Saved forecast at AI_forecasting\results\ml\forecasts\ward_135_electricity_demand_forecast.csv
2025-12-24 13:19:01,232 | INFO | Saved model at AI_forecasting\artifacts\ml\models\ward_ward_135_water_demand_lgb.joblib
2025-12-24 13:19:01,710 | INFO | Saved forecast at AI_forecasting\results\ml\forecasts\ward_135_water_demand_forecast.csv
2025-12-24 13:19:02,369 | INFO | Saved model at AI_forecasting\artifacts\ml\models\ward_ward_135_congestion_index_lgb.joblib
2025-12-24 13:19:02,848 | INFO | Saved forecast at AI_forecasting\results\ml\forecasts\ward_135_congestion_index_forecast.csv
2025-12-24 13:19:03,465 | INFO | Saved model at AI_forecasting\artifacts\ml\models\ward_ward_135_pm25_lgb.joblib
2025-12-24 13:19:03,959 | INFO | Saved forecast at AI_forecasting\results\ml\forecasts\ward_135_pm25_forecast.csv
2025-12-24 13:19:04,582 | INFO | Saved model at AI_forecasting\artifacts\ml\models\ward_ward_136_electricity_demand_lgb.joblib
2025-12-24 13:19:05,119 | INFO | Saved forecast at AI_forecasting\results\ml\forecasts\ward_136_electricity_demand_forecast.csv
2025-12-24 13:19:05,766 | INFO | Saved model at AI_forecasting\artifacts\ml\models\ward_ward_136_water_demand_lgb.joblib
2025-12-24 13:19:06,235 | INFO | Saved forecast at AI_forecasting\results\ml\forecasts\ward_136_water_demand_forecast.csv
2025-12-24 13:19:06,881 | INFO | Saved model at AI_forecasting\artifacts\ml\models\ward_ward_136_congestion_index_lgb.joblib
2025-12-24 13:19:07,385 | INFO | Saved forecast at AI_forecasting\results\ml\forecasts\ward_136_congestion_index_forecast.csv
2025-12-24 13:19:08,071 | INFO | Saved model at AI_forecasting\artifacts\ml\models\ward_ward_136_pm25_lgb.joblib
2025-12-24 13:19:08,537 | INFO | Saved forecast at AI_forecasting\results\ml\forecasts\ward_136_pm25_forecast.csv
2025-12-24 13:19:09,184 | INFO | Saved model at AI_forecasting\artifacts\ml\models\ward_ward_137_electricity_demand_lgb.joblib
2025-12-24 13:19:09,732 | INFO | Saved forecast at AI_forecasting\results\ml\forecasts\ward_137_electricity_demand_forecast.csv
2025-12-24 13:19:10,363 | INFO | Saved model at AI_forecasting\artifacts\ml\models\ward_ward_137_water_demand_lgb.joblib
2025-12-24 13:19:10,890 | INFO | Saved forecast at AI_forecasting\results\ml\forecasts\ward_137_water_demand_forecast.csv
2025-12-24 13:19:11,611 | INFO | Saved model at AI_forecasting\artifacts\ml\models\ward_ward_137_congestion_index_lgb.joblib
2025-12-24 13:19:12,160 | INFO | Saved forecast at AI_forecasting\results\ml\forecasts\ward_137_congestion_index_forecast.csv
2025-12-24 13:19:12,801 | INFO | Saved model at AI_forecasting\artifacts\ml\models\ward_ward_137_pm25_lgb.joblib
2025-12-24 13:19:13,348 | INFO | Saved forecast at AI_forecasting\results\ml\forecasts\ward_137_pm25_forecast.csv
2025-12-24 13:19:13,998 | INFO | Saved model at AI_forecasting\artifacts\ml\models\ward_ward_138_electricity_demand_lgb.joblib
2025-12-24 13:19:14,494 | INFO | Saved forecast at AI_forecasting\results\ml\forecasts\ward_138_electricity_demand_forecast.csv
2025-12-24 13:19:15,138 | INFO | Saved model at AI_forecasting\artifacts\ml\models\ward_ward_138_water_demand_lgb.joblib
2025-12-24 13:19:15,646 | INFO | Saved forecast at AI_forecasting\results\ml\forecasts\ward_138_water_demand_forecast.csv
2025-12-24 13:19:16,350 | INFO | Saved model at AI_forecasting\artifacts\ml\models\ward_ward_138_congestion_index_lgb.joblib
2025-12-24 13:19:16,879 | INFO | Saved forecast at AI_forecasting\results\ml\forecasts\ward_138_congestion_index_forecast.csv
2025-12-24 13:19:17,536 | INFO | Saved model at AI_forecasting\artifacts\ml\models\ward_ward_138_pm25_lgb.joblib
2025-12-24 13:19:17,967 | INFO | Saved forecast at AI_forecasting\results\ml\forecasts\ward_138_pm25_forecast.csv
2025-12-24 13:19:18,618 | INFO | Saved model at AI_forecasting\artifacts\ml\models\ward_ward_139_electricity_demand_lgb.joblib
2025-12-24 13:19:19,097 | INFO | Saved forecast at AI_forecasting\results\ml\forecasts\ward_139_electricity_demand_forecast.csv
2025-12-24 13:19:19,782 | INFO | Saved model at AI_forecasting\artifacts\ml\models\ward_ward_139_water_demand_lgb.joblib
2025-12-24 13:19:20,254 | INFO | Saved forecast at AI_forecasting\results\ml\forecasts\ward_139_water_demand_forecast.csv
2025-12-24 13:19:20,922 | INFO | Saved model at AI_forecasting\artifacts\ml\models\ward_ward_139_congestion_index_lgb.joblib
2025-12-24 13:19:21,468 | INFO | Saved forecast at AI_forecasting\results\ml\forecasts\ward_139_congestion_index_forecast.csv
2025-12-24 13:19:22,088 | INFO | Saved model at AI_forecasting\artifacts\ml\models\ward_ward_139_pm25_lgb.joblib
2025-12-24 13:19:22,562 | INFO | Saved forecast at AI_forecasting\results\ml\forecasts\ward_139_pm25_forecast.csv
2025-12-24 13:19:23,179 | INFO | Saved model at AI_forecasting\artifacts\ml\models\ward_ward_14_electricity_demand_lgb.joblib
2025-12-24 13:19:23,867 | INFO | Saved forecast at AI_forecasting\results\ml\forecasts\ward_14_electricity_demand_forecast.csv
2025-12-24 13:19:24,730 | INFO | Saved model at AI_forecasting\artifacts\ml\models\ward_ward_14_water_demand_lgb.joblib
2025-12-24 13:19:25,198 | INFO | Saved forecast at AI_forecasting\results\ml\forecasts\ward_14_water_demand_forecast.csv
2025-12-24 13:19:25,861 | INFO | Saved model at AI_forecasting\artifacts\ml\models\ward_ward_14_congestion_index_lgb.joblib
2025-12-24 13:19:26,333 | INFO | Saved forecast at AI_forecasting\results\ml\forecasts\ward_14_congestion_index_forecast.csv
2025-12-24 13:19:27,116 | INFO | Saved model at AI_forecasting\artifacts\ml\models\ward_ward_14_pm25_lgb.joblib
2025-12-24 13:19:27,637 | INFO | Saved forecast at AI_forecasting\results\ml\forecasts\ward_14_pm25_forecast.csv
2025-12-24 13:19:28,313 | INFO | Saved model at AI_forecasting\artifacts\ml\models\ward_ward_140_electricity_demand_lgb.joblib
2025-12-24 13:19:28,806 | INFO | Saved forecast at AI_forecasting\results\ml\forecasts\ward_140_electricity_demand_forecast.csv
2025-12-24 13:19:29,428 | INFO | Saved model at AI_forecasting\artifacts\ml\models\ward_ward_140_water_demand_lgb.joblib
2025-12-24 13:19:29,864 | INFO | Saved forecast at AI_forecasting\results\ml\forecasts\ward_140_water_demand_forecast.csv
2025-12-24 13:19:30,491 | INFO | Saved model at AI_forecasting\artifacts\ml\models\ward_ward_140_congestion_index_lgb.joblib
2025-12-24 13:19:31,067 | INFO | Saved forecast at AI_forecasting\results\ml\forecasts\ward_140_congestion_index_forecast.csv
2025-12-24 13:19:31,672 | INFO | Saved model at AI_forecasting\artifacts\ml\models\ward_ward_140_pm25_lgb.joblib
2025-12-24 13:19:32,172 | INFO | Saved forecast at AI_forecasting\results\ml\forecasts\ward_140_pm25_forecast.csv
2025-12-24 13:19:32,797 | INFO | Saved model at AI_forecasting\artifacts\ml\models\ward_ward_141_electricity_demand_lgb.joblib
2025-12-24 13:19:33,292 | INFO | Saved forecast at AI_forecasting\results\ml\forecasts\ward_141_electricity_demand_forecast.csv
2025-12-24 13:19:33,895 | INFO | Saved model at AI_forecasting\artifacts\ml\models\ward_ward_141_water_demand_lgb.joblib
2025-12-24 13:19:34,416 | INFO | Saved forecast at AI_forecasting\results\ml\forecasts\ward_141_water_demand_forecast.csv
2025-12-24 13:19:35,043 | INFO | Saved model at AI_forecasting\artifacts\ml\models\ward_ward_141_congestion_index_lgb.joblib
2025-12-24 13:19:35,485 | INFO | Saved forecast at AI_forecasting\results\ml\forecasts\ward_141_congestion_index_forecast.csv
2025-12-24 13:19:36,101 | INFO | Saved model at AI_forecasting\artifacts\ml\models\ward_ward_141_pm25_lgb.joblib
2025-12-24 13:19:36,626 | INFO | Saved forecast at AI_forecasting\results\ml\forecasts\ward_141_pm25_forecast.csv
2025-12-24 13:19:37,242 | INFO | Saved model at AI_forecasting\artifacts\ml\models\ward_ward_142_electricity_demand_lgb.joblib
2025-12-24 13:19:37,749 | INFO | Saved forecast at AI_forecasting\results\ml\forecasts\ward_142_electricity_demand_forecast.csv
2025-12-24 13:19:38,348 | INFO | Saved model at AI_forecasting\artifacts\ml\models\ward_ward_142_water_demand_lgb.joblib
2025-12-24 13:19:38,857 | INFO | Saved forecast at AI_forecasting\results\ml\forecasts\ward_142_water_demand_forecast.csv
2025-12-24 13:19:39,492 | INFO | Saved model at AI_forecasting\artifacts\ml\models\ward_ward_142_congestion_index_lgb.joblib
2025-12-24 13:19:39,943 | INFO | Saved forecast at AI_forecasting\results\ml\forecasts\ward_142_congestion_index_forecast.csv
2025-12-24 13:19:40,541 | INFO | Saved model at AI_forecasting\artifacts\ml\models\ward_ward_142_pm25_lgb.joblib
2025-12-24 13:19:41,024 | INFO | Saved forecast at AI_forecasting\results\ml\forecasts\ward_142_pm25_forecast.csv
2025-12-24 13:19:41,640 | INFO | Saved model at AI_forecasting\artifacts\ml\models\ward_ward_143_electricity_demand_lgb.joblib
2025-12-24 13:19:42,097 | INFO | Saved forecast at AI_forecasting\results\ml\forecasts\ward_143_electricity_demand_forecast.csv
2025-12-24 13:19:42,741 | INFO | Saved model at AI_forecasting\artifacts\ml\models\ward_ward_143_water_demand_lgb.joblib
2025-12-24 13:19:43,190 | INFO | Saved forecast at AI_forecasting\results\ml\forecasts\ward_143_water_demand_forecast.csv
2025-12-24 13:19:43,813 | INFO | Saved model at AI_forecasting\artifacts\ml\models\ward_ward_143_congestion_index_lgb.joblib
2025-12-24 13:19:44,412 | INFO | Saved forecast at AI_forecasting\results\ml\forecasts\ward_143_congestion_index_forecast.csv
2025-12-24 13:19:45,057 | INFO | Saved model at AI_forecasting\artifacts\ml\models\ward_ward_143_pm25_lgb.joblib
2025-12-24 13:19:45,617 | INFO | Saved forecast at AI_forecasting\results\ml\forecasts\ward_143_pm25_forecast.csv
2025-12-24 13:19:46,337 | INFO | Saved model at AI_forecasting\artifacts\ml\models\ward_ward_144_electricity_demand_lgb.joblib
2025-12-24 13:19:46,772 | INFO | Saved forecast at AI_forecasting\results\ml\forecasts\ward_144_electricity_demand_forecast.csv
2025-12-24 13:19:47,426 | INFO | Saved model at AI_forecasting\artifacts\ml\models\ward_ward_144_water_demand_lgb.joblib
2025-12-24 13:19:47,916 | INFO | Saved forecast at AI_forecasting\results\ml\forecasts\ward_144_water_demand_forecast.csv
2025-12-24 13:19:48,581 | INFO | Saved model at AI_forecasting\artifacts\ml\models\ward_ward_144_congestion_index_lgb.joblib
2025-12-24 13:19:49,027 | INFO | Saved forecast at AI_forecasting\results\ml\forecasts\ward_144_congestion_index_forecast.csv
2025-12-24 13:19:49,614 | INFO | Saved model at AI_forecasting\artifacts\ml\models\ward_ward_144_pm25_lgb.joblib
2025-12-24 13:19:50,040 | INFO | Saved forecast at AI_forecasting\results\ml\forecasts\ward_144_pm25_forecast.csv
2025-12-24 13:19:50,669 | INFO | Saved model at AI_forecasting\artifacts\ml\models\ward_ward_145_electricity_demand_lgb.joblib
2025-12-24 13:19:51,138 | INFO | Saved forecast at AI_forecasting\results\ml\forecasts\ward_145_electricity_demand_forecast.csv
2025-12-24 13:19:51,801 | INFO | Saved model at AI_forecasting\artifacts\ml\models\ward_ward_145_water_demand_lgb.joblib
2025-12-24 13:19:52,264 | INFO | Saved forecast at AI_forecasting\results\ml\forecasts\ward_145_water_demand_forecast.csv
2025-12-24 13:19:52,881 | INFO | Saved model at AI_forecasting\artifacts\ml\models\ward_ward_145_congestion_index_lgb.joblib
2025-12-24 13:19:53,309 | INFO | Saved forecast at AI_forecasting\results\ml\forecasts\ward_145_congestion_index_forecast.csv
2025-12-24 13:19:53,920 | INFO | Saved model at AI_forecasting\artifacts\ml\models\ward_ward_145_pm25_lgb.joblib
2025-12-24 13:19:54,375 | INFO | Saved forecast at AI_forecasting\results\ml\forecasts\ward_145_pm25_forecast.csv
2025-12-24 13:19:54,974 | INFO | Saved model at AI_forecasting\artifacts\ml\models\ward_ward_146_electricity_demand_lgb.joblib
2025-12-24 13:19:55,505 | INFO | Saved forecast at AI_forecasting\results\ml\forecasts\ward_146_electricity_demand_forecast.csv
2025-12-24 13:19:56,171 | INFO | Saved model at AI_forecasting\artifacts\ml\models\ward_ward_146_water_demand_lgb.joblib
2025-12-24 13:19:56,640 | INFO | Saved forecast at AI_forecasting\results\ml\forecasts\ward_146_water_demand_forecast.csv
2025-12-24 13:19:57,237 | INFO | Saved model at AI_forecasting\artifacts\ml\models\ward_ward_146_congestion_index_lgb.joblib
2025-12-24 13:19:57,711 | INFO | Saved forecast at AI_forecasting\results\ml\forecasts\ward_146_congestion_index_forecast.csv
2025-12-24 13:19:58,346 | INFO | Saved model at AI_forecasting\artifacts\ml\models\ward_ward_146_pm25_lgb.joblib
2025-12-24 13:19:59,007 | INFO | Saved forecast at AI_forecasting\results\ml\forecasts\ward_146_pm25_forecast.csv
2025-12-24 13:19:59,581 | INFO | Saved model at AI_forecasting\artifacts\ml\models\ward_ward_147_electricity_demand_lgb.joblib
2025-12-24 13:20:00,065 | INFO | Saved forecast at AI_forecasting\results\ml\forecasts\ward_147_electricity_demand_forecast.csv
2025-12-24 13:20:00,668 | INFO | Saved model at AI_forecasting\artifacts\ml\models\ward_ward_147_water_demand_lgb.joblib
2025-12-24 13:20:01,194 | INFO | Saved forecast at AI_forecasting\results\ml\forecasts\ward_147_water_demand_forecast.csv
2025-12-24 13:20:01,791 | INFO | Saved model at AI_forecasting\artifacts\ml\models\ward_ward_147_congestion_index_lgb.joblib
2025-12-24 13:20:02,216 | INFO | Saved forecast at AI_forecasting\results\ml\forecasts\ward_147_congestion_index_forecast.csv
2025-12-24 13:20:02,874 | INFO | Saved model at AI_forecasting\artifacts\ml\models\ward_ward_147_pm25_lgb.joblib
2025-12-24 13:20:03,318 | INFO | Saved forecast at AI_forecasting\results\ml\forecasts\ward_147_pm25_forecast.csv
2025-12-24 13:20:03,947 | INFO | Saved model at AI_forecasting\artifacts\ml\models\ward_ward_148_electricity_demand_lgb.joblib
2025-12-24 13:20:04,431 | INFO | Saved forecast at AI_forecasting\results\ml\forecasts\ward_148_electricity_demand_forecast.csv
2025-12-24 13:20:05,043 | INFO | Saved model at AI_forecasting\artifacts\ml\models\ward_ward_148_water_demand_lgb.joblib
2025-12-24 13:20:05,487 | INFO | Saved forecast at AI_forecasting\results\ml\forecasts\ward_148_water_demand_forecast.csv
2025-12-24 13:20:06,137 | INFO | Saved model at AI_forecasting\artifacts\ml\models\ward_ward_148_congestion_index_lgb.joblib
2025-12-24 13:20:06,627 | INFO | Saved forecast at AI_forecasting\results\ml\forecasts\ward_148_congestion_index_forecast.csv
2025-12-24 13:20:07,365 | INFO | Saved model at AI_forecasting\artifacts\ml\models\ward_ward_148_pm25_lgb.joblib
2025-12-24 13:20:07,986 | INFO | Saved forecast at AI_forecasting\results\ml\forecasts\ward_148_pm25_forecast.csv
2025-12-24 13:20:08,643 | INFO | Saved model at AI_forecasting\artifacts\ml\models\ward_ward_149_electricity_demand_lgb.joblib
2025-12-24 13:20:09,223 | INFO | Saved forecast at AI_forecasting\results\ml\forecasts\ward_149_electricity_demand_forecast.csv
2025-12-24 13:20:09,813 | INFO | Saved model at AI_forecasting\artifacts\ml\models\ward_ward_149_water_demand_lgb.joblib
2025-12-24 13:20:10,282 | INFO | Saved forecast at AI_forecasting\results\ml\forecasts\ward_149_water_demand_forecast.csv
2025-12-24 13:20:10,969 | INFO | Saved model at AI_forecasting\artifacts\ml\models\ward_ward_149_congestion_index_lgb.joblib
2025-12-24 13:20:11,426 | INFO | Saved forecast at AI_forecasting\results\ml\forecasts\ward_149_congestion_index_forecast.csv
2025-12-24 13:20:12,027 | INFO | Saved model at AI_forecasting\artifacts\ml\models\ward_ward_149_pm25_lgb.joblib
2025-12-24 13:20:12,452 | INFO | Saved forecast at AI_forecasting\results\ml\forecasts\ward_149_pm25_forecast.csv
2025-12-24 13:20:13,049 | INFO | Saved model at AI_forecasting\artifacts\ml\models\ward_ward_15_electricity_demand_lgb.joblib
2025-12-24 13:20:13,476 | INFO | Saved forecast at AI_forecasting\results\ml\forecasts\ward_15_electricity_demand_forecast.csv
2025-12-24 13:20:14,168 | INFO | Saved model at AI_forecasting\artifacts\ml\models\ward_ward_15_water_demand_lgb.joblib
2025-12-24 13:20:14,657 | INFO | Saved forecast at AI_forecasting\results\ml\forecasts\ward_15_water_demand_forecast.csv
2025-12-24 13:20:15,267 | INFO | Saved model at AI_forecasting\artifacts\ml\models\ward_ward_15_congestion_index_lgb.joblib
2025-12-24 13:20:15,720 | INFO | Saved forecast at AI_forecasting\results\ml\forecasts\ward_15_congestion_index_forecast.csv
2025-12-24 13:20:16,324 | INFO | Saved model at AI_forecasting\artifacts\ml\models\ward_ward_15_pm25_lgb.joblib
2025-12-24 13:20:16,778 | INFO | Saved forecast at AI_forecasting\results\ml\forecasts\ward_15_pm25_forecast.csv
2025-12-24 13:20:17,389 | INFO | Saved model at AI_forecasting\artifacts\ml\models\ward_ward_150_electricity_demand_lgb.joblib
2025-12-24 13:20:17,872 | INFO | Saved forecast at AI_forecasting\results\ml\forecasts\ward_150_electricity_demand_forecast.csv
2025-12-24 13:20:18,481 | INFO | Saved model at AI_forecasting\artifacts\ml\models\ward_ward_150_water_demand_lgb.joblib
2025-12-24 13:20:18,991 | INFO | Saved forecast at AI_forecasting\results\ml\forecasts\ward_150_water_demand_forecast.csv
2025-12-24 13:20:19,610 | INFO | Saved model at AI_forecasting\artifacts\ml\models\ward_ward_150_congestion_index_lgb.joblib
2025-12-24 13:20:20,099 | INFO | Saved forecast at AI_forecasting\results\ml\forecasts\ward_150_congestion_index_forecast.csv
2025-12-24 13:20:20,727 | INFO | Saved model at AI_forecasting\artifacts\ml\models\ward_ward_150_pm25_lgb.joblib
2025-12-24 13:20:21,401 | INFO | Saved forecast at AI_forecasting\results\ml\forecasts\ward_150_pm25_forecast.csv
2025-12-24 13:20:22,068 | INFO | Saved model at AI_forecasting\artifacts\ml\models\ward_ward_151_electricity_demand_lgb.joblib
2025-12-24 13:20:22,530 | INFO | Saved forecast at AI_forecasting\results\ml\forecasts\ward_151_electricity_demand_forecast.csv
2025-12-24 13:20:23,157 | INFO | Saved model at AI_forecasting\artifacts\ml\models\ward_ward_151_water_demand_lgb.joblib
2025-12-24 13:20:23,644 | INFO | Saved forecast at AI_forecasting\results\ml\forecasts\ward_151_water_demand_forecast.csv
2025-12-24 13:20:24,273 | INFO | Saved model at AI_forecasting\artifacts\ml\models\ward_ward_151_congestion_index_lgb.joblib
2025-12-24 13:20:24,731 | INFO | Saved forecast at AI_forecasting\results\ml\forecasts\ward_151_congestion_index_forecast.csv
2025-12-24 13:20:25,354 | INFO | Saved model at AI_forecasting\artifacts\ml\models\ward_ward_151_pm25_lgb.joblib
2025-12-24 13:20:25,862 | INFO | Saved forecast at AI_forecasting\results\ml\forecasts\ward_151_pm25_forecast.csv
2025-12-24 13:20:26,466 | INFO | Saved model at AI_forecasting\artifacts\ml\models\ward_ward_152_electricity_demand_lgb.joblib
2025-12-24 13:20:26,937 | INFO | Saved forecast at AI_forecasting\results\ml\forecasts\ward_152_electricity_demand_forecast.csv
2025-12-24 13:20:27,567 | INFO | Saved model at AI_forecasting\artifacts\ml\models\ward_ward_152_water_demand_lgb.joblib
2025-12-24 13:20:28,057 | INFO | Saved forecast at AI_forecasting\results\ml\forecasts\ward_152_water_demand_forecast.csv
2025-12-24 13:20:28,732 | INFO | Saved model at AI_forecasting\artifacts\ml\models\ward_ward_152_congestion_index_lgb.joblib
2025-12-24 13:20:29,211 | INFO | Saved forecast at AI_forecasting\results\ml\forecasts\ward_152_congestion_index_forecast.csv
2025-12-24 13:20:29,852 | INFO | Saved model at AI_forecasting\artifacts\ml\models\ward_ward_152_pm25_lgb.joblib
2025-12-24 13:20:30,304 | INFO | Saved forecast at AI_forecasting\results\ml\forecasts\ward_152_pm25_forecast.csv
2025-12-24 13:20:30,939 | INFO | Saved model at AI_forecasting\artifacts\ml\models\ward_ward_153_electricity_demand_lgb.joblib
2025-12-24 13:20:31,406 | INFO | Saved forecast at AI_forecasting\results\ml\forecasts\ward_153_electricity_demand_forecast.csv
2025-12-24 13:20:32,038 | INFO | Saved model at AI_forecasting\artifacts\ml\models\ward_ward_153_water_demand_lgb.joblib
2025-12-24 13:20:32,535 | INFO | Saved forecast at AI_forecasting\results\ml\forecasts\ward_153_water_demand_forecast.csv
2025-12-24 13:20:33,232 | INFO | Saved model at AI_forecasting\artifacts\ml\models\ward_ward_153_congestion_index_lgb.joblib
2025-12-24 13:20:33,733 | INFO | Saved forecast at AI_forecasting\results\ml\forecasts\ward_153_congestion_index_forecast.csv
2025-12-24 13:20:34,334 | INFO | Saved model at AI_forecasting\artifacts\ml\models\ward_ward_153_pm25_lgb.joblib
2025-12-24 13:20:34,845 | INFO | Saved forecast at AI_forecasting\results\ml\forecasts\ward_153_pm25_forecast.csv
2025-12-24 13:20:35,476 | INFO | Saved model at AI_forecasting\artifacts\ml\models\ward_ward_154_electricity_demand_lgb.joblib
2025-12-24 13:20:35,987 | INFO | Saved forecast at AI_forecasting\results\ml\forecasts\ward_154_electricity_demand_forecast.csv
2025-12-24 13:20:36,643 | INFO | Saved model at AI_forecasting\artifacts\ml\models\ward_ward_154_water_demand_lgb.joblib
2025-12-24 13:20:37,106 | INFO | Saved forecast at AI_forecasting\results\ml\forecasts\ward_154_water_demand_forecast.csv
2025-12-24 13:20:37,804 | INFO | Saved model at AI_forecasting\artifacts\ml\models\ward_ward_154_congestion_index_lgb.joblib
2025-12-24 13:20:38,324 | INFO | Saved forecast at AI_forecasting\results\ml\forecasts\ward_154_congestion_index_forecast.csv
2025-12-24 13:20:38,967 | INFO | Saved model at AI_forecasting\artifacts\ml\models\ward_ward_154_pm25_lgb.joblib
2025-12-24 13:20:39,415 | INFO | Saved forecast at AI_forecasting\results\ml\forecasts\ward_154_pm25_forecast.csv
2025-12-24 13:20:40,089 | INFO | Saved model at AI_forecasting\artifacts\ml\models\ward_ward_155_electricity_demand_lgb.joblib
2025-12-24 13:20:40,620 | INFO | Saved forecast at AI_forecasting\results\ml\forecasts\ward_155_electricity_demand_forecast.csv
2025-12-24 13:20:41,250 | INFO | Saved model at AI_forecasting\artifacts\ml\models\ward_ward_155_water_demand_lgb.joblib
2025-12-24 13:20:41,742 | INFO | Saved forecast at AI_forecasting\results\ml\forecasts\ward_155_water_demand_forecast.csv
2025-12-24 13:20:42,376 | INFO | Saved model at AI_forecasting\artifacts\ml\models\ward_ward_155_congestion_index_lgb.joblib
2025-12-24 13:20:42,924 | INFO | Saved forecast at AI_forecasting\results\ml\forecasts\ward_155_congestion_index_forecast.csv
2025-12-24 13:20:43,602 | INFO | Saved model at AI_forecasting\artifacts\ml\models\ward_ward_155_pm25_lgb.joblib
2025-12-24 13:20:44,153 | INFO | Saved forecast at AI_forecasting\results\ml\forecasts\ward_155_pm25_forecast.csv
2025-12-24 13:20:44,784 | INFO | Saved model at AI_forecasting\artifacts\ml\models\ward_ward_156_electricity_demand_lgb.joblib
2025-12-24 13:20:45,254 | INFO | Saved forecast at AI_forecasting\results\ml\forecasts\ward_156_electricity_demand_forecast.csv
2025-12-24 13:20:45,913 | INFO | Saved model at AI_forecasting\artifacts\ml\models\ward_ward_156_water_demand_lgb.joblib
2025-12-24 13:20:46,363 | INFO | Saved forecast at AI_forecasting\results\ml\forecasts\ward_156_water_demand_forecast.csv
2025-12-24 13:20:46,991 | INFO | Saved model at AI_forecasting\artifacts\ml\models\ward_ward_156_congestion_index_lgb.joblib
2025-12-24 13:20:47,464 | INFO | Saved forecast at AI_forecasting\results\ml\forecasts\ward_156_congestion_index_forecast.csv
2025-12-24 13:20:48,116 | INFO | Saved model at AI_forecasting\artifacts\ml\models\ward_ward_156_pm25_lgb.joblib
2025-12-24 13:20:48,622 | INFO | Saved forecast at AI_forecasting\results\ml\forecasts\ward_156_pm25_forecast.csv
2025-12-24 13:20:49,286 | INFO | Saved model at AI_forecasting\artifacts\ml\models\ward_ward_157_electricity_demand_lgb.joblib
2025-12-24 13:20:49,780 | INFO | Saved forecast at AI_forecasting\results\ml\forecasts\ward_157_electricity_demand_forecast.csv
2025-12-24 13:20:50,412 | INFO | Saved model at AI_forecasting\artifacts\ml\models\ward_ward_157_water_demand_lgb.joblib
2025-12-24 13:20:50,865 | INFO | Saved forecast at AI_forecasting\results\ml\forecasts\ward_157_water_demand_forecast.csv
2025-12-24 13:20:51,455 | INFO | Saved model at AI_forecasting\artifacts\ml\models\ward_ward_157_congestion_index_lgb.joblib
2025-12-24 13:20:51,943 | INFO | Saved forecast at AI_forecasting\results\ml\forecasts\ward_157_congestion_index_forecast.csv
2025-12-24 13:20:52,566 | INFO | Saved model at AI_forecasting\artifacts\ml\models\ward_ward_157_pm25_lgb.joblib
2025-12-24 13:20:53,029 | INFO | Saved forecast at AI_forecasting\results\ml\forecasts\ward_157_pm25_forecast.csv
2025-12-24 13:20:53,640 | INFO | Saved model at AI_forecasting\artifacts\ml\models\ward_ward_158_electricity_demand_lgb.joblib
2025-12-24 13:20:54,123 | INFO | Saved forecast at AI_forecasting\results\ml\forecasts\ward_158_electricity_demand_forecast.csv
2025-12-24 13:20:54,810 | INFO | Saved model at AI_forecasting\artifacts\ml\models\ward_ward_158_water_demand_lgb.joblib
2025-12-24 13:20:55,261 | INFO | Saved forecast at AI_forecasting\results\ml\forecasts\ward_158_water_demand_forecast.csv
2025-12-24 13:20:55,892 | INFO | Saved model at AI_forecasting\artifacts\ml\models\ward_ward_158_congestion_index_lgb.joblib
2025-12-24 13:20:56,358 | INFO | Saved forecast at AI_forecasting\results\ml\forecasts\ward_158_congestion_index_forecast.csv
2025-12-24 13:20:56,984 | INFO | Saved model at AI_forecasting\artifacts\ml\models\ward_ward_158_pm25_lgb.joblib
2025-12-24 13:20:57,513 | INFO | Saved forecast at AI_forecasting\results\ml\forecasts\ward_158_pm25_forecast.csv
2025-12-24 13:20:58,190 | INFO | Saved model at AI_forecasting\artifacts\ml\models\ward_ward_159_electricity_demand_lgb.joblib
2025-12-24 13:20:58,664 | INFO | Saved forecast at AI_forecasting\results\ml\forecasts\ward_159_electricity_demand_forecast.csv
2025-12-24 13:20:59,306 | INFO | Saved model at AI_forecasting\artifacts\ml\models\ward_ward_159_water_demand_lgb.joblib
2025-12-24 13:20:59,731 | INFO | Saved forecast at AI_forecasting\results\ml\forecasts\ward_159_water_demand_forecast.csv
2025-12-24 13:21:00,368 | INFO | Saved model at AI_forecasting\artifacts\ml\models\ward_ward_159_congestion_index_lgb.joblib
2025-12-24 13:21:00,827 | INFO | Saved forecast at AI_forecasting\results\ml\forecasts\ward_159_congestion_index_forecast.csv
2025-12-24 13:21:01,461 | INFO | Saved model at AI_forecasting\artifacts\ml\models\ward_ward_159_pm25_lgb.joblib
2025-12-24 13:21:01,973 | INFO | Saved forecast at AI_forecasting\results\ml\forecasts\ward_159_pm25_forecast.csv
2025-12-24 13:21:02,588 | INFO | Saved model at AI_forecasting\artifacts\ml\models\ward_ward_16_electricity_demand_lgb.joblib
2025-12-24 13:21:03,078 | INFO | Saved forecast at AI_forecasting\results\ml\forecasts\ward_16_electricity_demand_forecast.csv
2025-12-24 13:21:03,665 | INFO | Saved model at AI_forecasting\artifacts\ml\models\ward_ward_16_water_demand_lgb.joblib
2025-12-24 13:21:04,158 | INFO | Saved forecast at AI_forecasting\results\ml\forecasts\ward_16_water_demand_forecast.csv
2025-12-24 13:21:04,787 | INFO | Saved model at AI_forecasting\artifacts\ml\models\ward_ward_16_congestion_index_lgb.joblib
2025-12-24 13:21:05,203 | INFO | Saved forecast at AI_forecasting\results\ml\forecasts\ward_16_congestion_index_forecast.csv
2025-12-24 13:21:05,839 | INFO | Saved model at AI_forecasting\artifacts\ml\models\ward_ward_16_pm25_lgb.joblib
2025-12-24 13:21:06,314 | INFO | Saved forecast at AI_forecasting\results\ml\forecasts\ward_16_pm25_forecast.csv
2025-12-24 13:21:06,964 | INFO | Saved model at AI_forecasting\artifacts\ml\models\ward_ward_160_electricity_demand_lgb.joblib
2025-12-24 13:21:07,441 | INFO | Saved forecast at AI_forecasting\results\ml\forecasts\ward_160_electricity_demand_forecast.csv
2025-12-24 13:21:08,073 | INFO | Saved model at AI_forecasting\artifacts\ml\models\ward_ward_160_water_demand_lgb.joblib
2025-12-24 13:21:08,551 | INFO | Saved forecast at AI_forecasting\results\ml\forecasts\ward_160_water_demand_forecast.csv
2025-12-24 13:21:09,184 | INFO | Saved model at AI_forecasting\artifacts\ml\models\ward_ward_160_congestion_index_lgb.joblib
2025-12-24 13:21:09,664 | INFO | Saved forecast at AI_forecasting\results\ml\forecasts\ward_160_congestion_index_forecast.csv
2025-12-24 13:21:10,284 | INFO | Saved model at AI_forecasting\artifacts\ml\models\ward_ward_160_pm25_lgb.joblib
2025-12-24 13:21:10,745 | INFO | Saved forecast at AI_forecasting\results\ml\forecasts\ward_160_pm25_forecast.csv
2025-12-24 13:21:11,362 | INFO | Saved model at AI_forecasting\artifacts\ml\models\ward_ward_161_electricity_demand_lgb.joblib
2025-12-24 13:21:11,868 | INFO | Saved forecast at AI_forecasting\results\ml\forecasts\ward_161_electricity_demand_forecast.csv
2025-12-24 13:21:12,459 | INFO | Saved model at AI_forecasting\artifacts\ml\models\ward_ward_161_water_demand_lgb.joblib
2025-12-24 13:21:12,930 | INFO | Saved forecast at AI_forecasting\results\ml\forecasts\ward_161_water_demand_forecast.csv
2025-12-24 13:21:13,578 | INFO | Saved model at AI_forecasting\artifacts\ml\models\ward_ward_161_congestion_index_lgb.joblib
2025-12-24 13:21:14,058 | INFO | Saved forecast at AI_forecasting\results\ml\forecasts\ward_161_congestion_index_forecast.csv
2025-12-24 13:21:14,675 | INFO | Saved model at AI_forecasting\artifacts\ml\models\ward_ward_161_pm25_lgb.joblib
2025-12-24 13:21:15,130 | INFO | Saved forecast at AI_forecasting\results\ml\forecasts\ward_161_pm25_forecast.csv
2025-12-24 13:21:15,750 | INFO | Saved model at AI_forecasting\artifacts\ml\models\ward_ward_162_electricity_demand_lgb.joblib
2025-12-24 13:21:16,350 | INFO | Saved forecast at AI_forecasting\results\ml\forecasts\ward_162_electricity_demand_forecast.csv
2025-12-24 13:21:17,040 | INFO | Saved model at AI_forecasting\artifacts\ml\models\ward_ward_162_water_demand_lgb.joblib
2025-12-24 13:21:17,543 | INFO | Saved forecast at AI_forecasting\results\ml\forecasts\ward_162_water_demand_forecast.csv
2025-12-24 13:21:18,176 | INFO | Saved model at AI_forecasting\artifacts\ml\models\ward_ward_162_congestion_index_lgb.joblib
2025-12-24 13:21:18,693 | INFO | Saved forecast at AI_forecasting\results\ml\forecasts\ward_162_congestion_index_forecast.csv
2025-12-24 13:21:19,355 | INFO | Saved model at AI_forecasting\artifacts\ml\models\ward_ward_162_pm25_lgb.joblib
2025-12-24 13:21:19,820 | INFO | Saved forecast at AI_forecasting\results\ml\forecasts\ward_162_pm25_forecast.csv
2025-12-24 13:21:20,425 | INFO | Saved model at AI_forecasting\artifacts\ml\models\ward_ward_163_electricity_demand_lgb.joblib
2025-12-24 13:21:20,874 | INFO | Saved forecast at AI_forecasting\results\ml\forecasts\ward_163_electricity_demand_forecast.csv
2025-12-24 13:21:21,526 | INFO | Saved model at AI_forecasting\artifacts\ml\models\ward_ward_163_water_demand_lgb.joblib
2025-12-24 13:21:21,960 | INFO | Saved forecast at AI_forecasting\results\ml\forecasts\ward_163_water_demand_forecast.csv
2025-12-24 13:21:22,632 | INFO | Saved model at AI_forecasting\artifacts\ml\models\ward_ward_163_congestion_index_lgb.joblib
2025-12-24 13:21:23,080 | INFO | Saved forecast at AI_forecasting\results\ml\forecasts\ward_163_congestion_index_forecast.csv
2025-12-24 13:21:23,719 | INFO | Saved model at AI_forecasting\artifacts\ml\models\ward_ward_163_pm25_lgb.joblib
2025-12-24 13:21:24,181 | INFO | Saved forecast at AI_forecasting\results\ml\forecasts\ward_163_pm25_forecast.csv
2025-12-24 13:21:24,807 | INFO | Saved model at AI_forecasting\artifacts\ml\models\ward_ward_164_electricity_demand_lgb.joblib
2025-12-24 13:21:25,234 | INFO | Saved forecast at AI_forecasting\results\ml\forecasts\ward_164_electricity_demand_forecast.csv
2025-12-24 13:21:25,877 | INFO | Saved model at AI_forecasting\artifacts\ml\models\ward_ward_164_water_demand_lgb.joblib
2025-12-24 13:21:26,291 | INFO | Saved forecast at AI_forecasting\results\ml\forecasts\ward_164_water_demand_forecast.csv
2025-12-24 13:21:26,939 | INFO | Saved model at AI_forecasting\artifacts\ml\models\ward_ward_164_congestion_index_lgb.joblib
2025-12-24 13:21:27,451 | INFO | Saved forecast at AI_forecasting\results\ml\forecasts\ward_164_congestion_index_forecast.csv
2025-12-24 13:21:28,080 | INFO | Saved model at AI_forecasting\artifacts\ml\models\ward_ward_164_pm25_lgb.joblib
2025-12-24 13:21:28,563 | INFO | Saved forecast at AI_forecasting\results\ml\forecasts\ward_164_pm25_forecast.csv
2025-12-24 13:21:29,188 | INFO | Saved model at AI_forecasting\artifacts\ml\models\ward_ward_165_electricity_demand_lgb.joblib
2025-12-24 13:21:29,698 | INFO | Saved forecast at AI_forecasting\results\ml\forecasts\ward_165_electricity_demand_forecast.csv
2025-12-24 13:21:30,341 | INFO | Saved model at AI_forecasting\artifacts\ml\models\ward_ward_165_water_demand_lgb.joblib
2025-12-24 13:21:30,805 | INFO | Saved forecast at AI_forecasting\results\ml\forecasts\ward_165_water_demand_forecast.csv
2025-12-24 13:21:31,471 | INFO | Saved model at AI_forecasting\artifacts\ml\models\ward_ward_165_congestion_index_lgb.joblib
2025-12-24 13:21:31,951 | INFO | Saved forecast at AI_forecasting\results\ml\forecasts\ward_165_congestion_index_forecast.csv
2025-12-24 13:21:32,577 | INFO | Saved model at AI_forecasting\artifacts\ml\models\ward_ward_165_pm25_lgb.joblib
2025-12-24 13:21:33,063 | INFO | Saved forecast at AI_forecasting\results\ml\forecasts\ward_165_pm25_forecast.csv
2025-12-24 13:21:33,711 | INFO | Saved model at AI_forecasting\artifacts\ml\models\ward_ward_166_electricity_demand_lgb.joblib
2025-12-24 13:21:34,176 | INFO | Saved forecast at AI_forecasting\results\ml\forecasts\ward_166_electricity_demand_forecast.csv
2025-12-24 13:21:34,808 | INFO | Saved model at AI_forecasting\artifacts\ml\models\ward_ward_166_water_demand_lgb.joblib
2025-12-24 13:21:35,252 | INFO | Saved forecast at AI_forecasting\results\ml\forecasts\ward_166_water_demand_forecast.csv
2025-12-24 13:21:35,940 | INFO | Saved model at AI_forecasting\artifacts\ml\models\ward_ward_166_congestion_index_lgb.joblib
2025-12-24 13:21:36,462 | INFO | Saved forecast at AI_forecasting\results\ml\forecasts\ward_166_congestion_index_forecast.csv
2025-12-24 13:21:37,165 | INFO | Saved model at AI_forecasting\artifacts\ml\models\ward_ward_166_pm25_lgb.joblib
2025-12-24 13:21:37,857 | INFO | Saved forecast at AI_forecasting\results\ml\forecasts\ward_166_pm25_forecast.csv
2025-12-24 13:21:38,530 | INFO | Saved model at AI_forecasting\artifacts\ml\models\ward_ward_167_electricity_demand_lgb.joblib
2025-12-24 13:21:38,992 | INFO | Saved forecast at AI_forecasting\results\ml\forecasts\ward_167_electricity_demand_forecast.csv
2025-12-24 13:21:39,656 | INFO | Saved model at AI_forecasting\artifacts\ml\models\ward_ward_167_water_demand_lgb.joblib
2025-12-24 13:21:40,128 | INFO | Saved forecast at AI_forecasting\results\ml\forecasts\ward_167_water_demand_forecast.csv
2025-12-24 13:21:40,817 | INFO | Saved model at AI_forecasting\artifacts\ml\models\ward_ward_167_congestion_index_lgb.joblib
2025-12-24 13:21:41,341 | INFO | Saved forecast at AI_forecasting\results\ml\forecasts\ward_167_congestion_index_forecast.csv
2025-12-24 13:21:41,998 | INFO | Saved model at AI_forecasting\artifacts\ml\models\ward_ward_167_pm25_lgb.joblib
2025-12-24 13:21:42,493 | INFO | Saved forecast at AI_forecasting\results\ml\forecasts\ward_167_pm25_forecast.csv
2025-12-24 13:21:43,103 | INFO | Saved model at AI_forecasting\artifacts\ml\models\ward_ward_168_electricity_demand_lgb.joblib
2025-12-24 13:21:43,667 | INFO | Saved forecast at AI_forecasting\results\ml\forecasts\ward_168_electricity_demand_forecast.csv
2025-12-24 13:21:44,327 | INFO | Saved model at AI_forecasting\artifacts\ml\models\ward_ward_168_water_demand_lgb.joblib
2025-12-24 13:21:44,843 | INFO | Saved forecast at AI_forecasting\results\ml\forecasts\ward_168_water_demand_forecast.csv
2025-12-24 13:21:45,486 | INFO | Saved model at AI_forecasting\artifacts\ml\models\ward_ward_168_congestion_index_lgb.joblib
2025-12-24 13:21:45,966 | INFO | Saved forecast at AI_forecasting\results\ml\forecasts\ward_168_congestion_index_forecast.csv
2025-12-24 13:21:46,592 | INFO | Saved model at AI_forecasting\artifacts\ml\models\ward_ward_168_pm25_lgb.joblib
2025-12-24 13:21:47,052 | INFO | Saved forecast at AI_forecasting\results\ml\forecasts\ward_168_pm25_forecast.csv
2025-12-24 13:21:47,690 | INFO | Saved model at AI_forecasting\artifacts\ml\models\ward_ward_169_electricity_demand_lgb.joblib
2025-12-24 13:21:48,170 | INFO | Saved forecast at AI_forecasting\results\ml\forecasts\ward_169_electricity_demand_forecast.csv
2025-12-24 13:21:48,843 | INFO | Saved model at AI_forecasting\artifacts\ml\models\ward_ward_169_water_demand_lgb.joblib
2025-12-24 13:21:49,363 | INFO | Saved forecast at AI_forecasting\results\ml\forecasts\ward_169_water_demand_forecast.csv
2025-12-24 13:21:50,007 | INFO | Saved model at AI_forecasting\artifacts\ml\models\ward_ward_169_congestion_index_lgb.joblib
2025-12-24 13:21:50,513 | INFO | Saved forecast at AI_forecasting\results\ml\forecasts\ward_169_congestion_index_forecast.csv
2025-12-24 13:21:51,122 | INFO | Saved model at AI_forecasting\artifacts\ml\models\ward_ward_169_pm25_lgb.joblib
2025-12-24 13:21:51,626 | INFO | Saved forecast at AI_forecasting\results\ml\forecasts\ward_169_pm25_forecast.csv
2025-12-24 13:21:52,313 | INFO | Saved model at AI_forecasting\artifacts\ml\models\ward_ward_17_electricity_demand_lgb.joblib
2025-12-24 13:21:52,817 | INFO | Saved forecast at AI_forecasting\results\ml\forecasts\ward_17_electricity_demand_forecast.csv
2025-12-24 13:21:53,495 | INFO | Saved model at AI_forecasting\artifacts\ml\models\ward_ward_17_water_demand_lgb.joblib
2025-12-24 13:21:53,997 | INFO | Saved forecast at AI_forecasting\results\ml\forecasts\ward_17_water_demand_forecast.csv
2025-12-24 13:21:54,623 | INFO | Saved model at AI_forecasting\artifacts\ml\models\ward_ward_17_congestion_index_lgb.joblib
2025-12-24 13:21:55,077 | INFO | Saved forecast at AI_forecasting\results\ml\forecasts\ward_17_congestion_index_forecast.csv
2025-12-24 13:21:55,731 | INFO | Saved model at AI_forecasting\artifacts\ml\models\ward_ward_17_pm25_lgb.joblib
2025-12-24 13:21:56,181 | INFO | Saved forecast at AI_forecasting\results\ml\forecasts\ward_17_pm25_forecast.csv
2025-12-24 13:21:56,832 | INFO | Saved model at AI_forecasting\artifacts\ml\models\ward_ward_170_electricity_demand_lgb.joblib
2025-12-24 13:21:57,284 | INFO | Saved forecast at AI_forecasting\results\ml\forecasts\ward_170_electricity_demand_forecast.csv
2025-12-24 13:21:57,940 | INFO | Saved model at AI_forecasting\artifacts\ml\models\ward_ward_170_water_demand_lgb.joblib
2025-12-24 13:21:58,467 | INFO | Saved forecast at AI_forecasting\results\ml\forecasts\ward_170_water_demand_forecast.csv
2025-12-24 13:21:59,150 | INFO | Saved model at AI_forecasting\artifacts\ml\models\ward_ward_170_congestion_index_lgb.joblib
2025-12-24 13:21:59,636 | INFO | Saved forecast at AI_forecasting\results\ml\forecasts\ward_170_congestion_index_forecast.csv
2025-12-24 13:22:00,299 | INFO | Saved model at AI_forecasting\artifacts\ml\models\ward_ward_170_pm25_lgb.joblib
2025-12-24 13:22:00,803 | INFO | Saved forecast at AI_forecasting\results\ml\forecasts\ward_170_pm25_forecast.csv
2025-12-24 13:22:01,451 | INFO | Saved model at AI_forecasting\artifacts\ml\models\ward_ward_171_electricity_demand_lgb.joblib
2025-12-24 13:22:01,933 | INFO | Saved forecast at AI_forecasting\results\ml\forecasts\ward_171_electricity_demand_forecast.csv
2025-12-24 13:22:02,606 | INFO | Saved model at AI_forecasting\artifacts\ml\models\ward_ward_171_water_demand_lgb.joblib
2025-12-24 13:22:03,130 | INFO | Saved forecast at AI_forecasting\results\ml\forecasts\ward_171_water_demand_forecast.csv
2025-12-24 13:22:03,779 | INFO | Saved model at AI_forecasting\artifacts\ml\models\ward_ward_171_congestion_index_lgb.joblib
2025-12-24 13:22:04,277 | INFO | Saved forecast at AI_forecasting\results\ml\forecasts\ward_171_congestion_index_forecast.csv
2025-12-24 13:22:04,890 | INFO | Saved model at AI_forecasting\artifacts\ml\models\ward_ward_171_pm25_lgb.joblib
2025-12-24 13:22:05,391 | INFO | Saved forecast at AI_forecasting\results\ml\forecasts\ward_171_pm25_forecast.csv
2025-12-24 13:22:06,019 | INFO | Saved model at AI_forecasting\artifacts\ml\models\ward_ward_172_electricity_demand_lgb.joblib
2025-12-24 13:22:06,493 | INFO | Saved forecast at AI_forecasting\results\ml\forecasts\ward_172_electricity_demand_forecast.csv
2025-12-24 13:22:07,114 | INFO | Saved model at AI_forecasting\artifacts\ml\models\ward_ward_172_water_demand_lgb.joblib
2025-12-24 13:22:07,579 | INFO | Saved forecast at AI_forecasting\results\ml\forecasts\ward_172_water_demand_forecast.csv
2025-12-24 13:22:08,225 | INFO | Saved model at AI_forecasting\artifacts\ml\models\ward_ward_172_congestion_index_lgb.joblib
2025-12-24 13:22:08,695 | INFO | Saved forecast at AI_forecasting\results\ml\forecasts\ward_172_congestion_index_forecast.csv
2025-12-24 13:22:09,364 | INFO | Saved model at AI_forecasting\artifacts\ml\models\ward_ward_172_pm25_lgb.joblib
2025-12-24 13:22:09,813 | INFO | Saved forecast at AI_forecasting\results\ml\forecasts\ward_172_pm25_forecast.csv
2025-12-24 13:22:10,496 | INFO | Saved model at AI_forecasting\artifacts\ml\models\ward_ward_173_electricity_demand_lgb.joblib
2025-12-24 13:22:10,996 | INFO | Saved forecast at AI_forecasting\results\ml\forecasts\ward_173_electricity_demand_forecast.csv
2025-12-24 13:22:11,599 | INFO | Saved model at AI_forecasting\artifacts\ml\models\ward_ward_173_water_demand_lgb.joblib
2025-12-24 13:22:12,036 | INFO | Saved forecast at AI_forecasting\results\ml\forecasts\ward_173_water_demand_forecast.csv
2025-12-24 13:22:12,689 | INFO | Saved model at AI_forecasting\artifacts\ml\models\ward_ward_173_congestion_index_lgb.joblib
2025-12-24 13:22:13,164 | INFO | Saved forecast at AI_forecasting\results\ml\forecasts\ward_173_congestion_index_forecast.csv
2025-12-24 13:22:13,813 | INFO | Saved model at AI_forecasting\artifacts\ml\models\ward_ward_173_pm25_lgb.joblib
2025-12-24 13:22:14,286 | INFO | Saved forecast at AI_forecasting\results\ml\forecasts\ward_173_pm25_forecast.csv
2025-12-24 13:22:14,913 | INFO | Saved model at AI_forecasting\artifacts\ml\models\ward_ward_174_electricity_demand_lgb.joblib
2025-12-24 13:22:15,396 | INFO | Saved forecast at AI_forecasting\results\ml\forecasts\ward_174_electricity_demand_forecast.csv
2025-12-24 13:22:16,027 | INFO | Saved model at AI_forecasting\artifacts\ml\models\ward_ward_174_water_demand_lgb.joblib
2025-12-24 13:22:16,687 | INFO | Saved forecast at AI_forecasting\results\ml\forecasts\ward_174_water_demand_forecast.csv
2025-12-24 13:22:17,330 | INFO | Saved model at AI_forecasting\artifacts\ml\models\ward_ward_174_congestion_index_lgb.joblib
2025-12-24 13:22:17,797 | INFO | Saved forecast at AI_forecasting\results\ml\forecasts\ward_174_congestion_index_forecast.csv
2025-12-24 13:22:18,457 | INFO | Saved model at AI_forecasting\artifacts\ml\models\ward_ward_174_pm25_lgb.joblib
2025-12-24 13:22:18,930 | INFO | Saved forecast at AI_forecasting\results\ml\forecasts\ward_174_pm25_forecast.csv
2025-12-24 13:22:19,589 | INFO | Saved model at AI_forecasting\artifacts\ml\models\ward_ward_175_electricity_demand_lgb.joblib
2025-12-24 13:22:20,072 | INFO | Saved forecast at AI_forecasting\results\ml\forecasts\ward_175_electricity_demand_forecast.csv
2025-12-24 13:22:20,749 | INFO | Saved model at AI_forecasting\artifacts\ml\models\ward_ward_175_water_demand_lgb.joblib
2025-12-24 13:22:21,230 | INFO | Saved forecast at AI_forecasting\results\ml\forecasts\ward_175_water_demand_forecast.csv
2025-12-24 13:22:21,860 | INFO | Saved model at AI_forecasting\artifacts\ml\models\ward_ward_175_congestion_index_lgb.joblib
2025-12-24 13:22:22,358 | INFO | Saved forecast at AI_forecasting\results\ml\forecasts\ward_175_congestion_index_forecast.csv
2025-12-24 13:22:22,973 | INFO | Saved model at AI_forecasting\artifacts\ml\models\ward_ward_175_pm25_lgb.joblib
2025-12-24 13:22:23,468 | INFO | Saved forecast at AI_forecasting\results\ml\forecasts\ward_175_pm25_forecast.csv
2025-12-24 13:22:24,064 | INFO | Saved model at AI_forecasting\artifacts\ml\models\ward_ward_176_electricity_demand_lgb.joblib
2025-12-24 13:22:24,613 | INFO | Saved forecast at AI_forecasting\results\ml\forecasts\ward_176_electricity_demand_forecast.csv
2025-12-24 13:22:25,272 | INFO | Saved model at AI_forecasting\artifacts\ml\models\ward_ward_176_water_demand_lgb.joblib
2025-12-24 13:22:25,734 | INFO | Saved forecast at AI_forecasting\results\ml\forecasts\ward_176_water_demand_forecast.csv
2025-12-24 13:22:26,363 | INFO | Saved model at AI_forecasting\artifacts\ml\models\ward_ward_176_congestion_index_lgb.joblib
2025-12-24 13:22:26,897 | INFO | Saved forecast at AI_forecasting\results\ml\forecasts\ward_176_congestion_index_forecast.csv
2025-12-24 13:22:27,502 | INFO | Saved model at AI_forecasting\artifacts\ml\models\ward_ward_176_pm25_lgb.joblib
2025-12-24 13:22:27,978 | INFO | Saved forecast at AI_forecasting\results\ml\forecasts\ward_176_pm25_forecast.csv
2025-12-24 13:22:28,605 | INFO | Saved model at AI_forecasting\artifacts\ml\models\ward_ward_177_electricity_demand_lgb.joblib
2025-12-24 13:22:29,097 | INFO | Saved forecast at AI_forecasting\results\ml\forecasts\ward_177_electricity_demand_forecast.csv
2025-12-24 13:22:29,743 | INFO | Saved model at AI_forecasting\artifacts\ml\models\ward_ward_177_water_demand_lgb.joblib
2025-12-24 13:22:30,216 | INFO | Saved forecast at AI_forecasting\results\ml\forecasts\ward_177_water_demand_forecast.csv
2025-12-24 13:22:30,923 | INFO | Saved model at AI_forecasting\artifacts\ml\models\ward_ward_177_congestion_index_lgb.joblib
2025-12-24 13:22:31,440 | INFO | Saved forecast at AI_forecasting\results\ml\forecasts\ward_177_congestion_index_forecast.csv
2025-12-24 13:22:32,080 | INFO | Saved model at AI_forecasting\artifacts\ml\models\ward_ward_177_pm25_lgb.joblib
2025-12-24 13:22:32,547 | INFO | Saved forecast at AI_forecasting\results\ml\forecasts\ward_177_pm25_forecast.csv
2025-12-24 13:22:33,229 | INFO | Saved model at AI_forecasting\artifacts\ml\models\ward_ward_178_electricity_demand_lgb.joblib
2025-12-24 13:22:33,706 | INFO | Saved forecast at AI_forecasting\results\ml\forecasts\ward_178_electricity_demand_forecast.csv
2025-12-24 13:22:34,336 | INFO | Saved model at AI_forecasting\artifacts\ml\models\ward_ward_178_water_demand_lgb.joblib
2025-12-24 13:22:34,806 | INFO | Saved forecast at AI_forecasting\results\ml\forecasts\ward_178_water_demand_forecast.csv
2025-12-24 13:22:35,417 | INFO | Saved model at AI_forecasting\artifacts\ml\models\ward_ward_178_congestion_index_lgb.joblib
2025-12-24 13:22:35,892 | INFO | Saved forecast at AI_forecasting\results\ml\forecasts\ward_178_congestion_index_forecast.csv
2025-12-24 13:22:36,545 | INFO | Saved model at AI_forecasting\artifacts\ml\models\ward_ward_178_pm25_lgb.joblib
2025-12-24 13:22:36,957 | INFO | Saved forecast at AI_forecasting\results\ml\forecasts\ward_178_pm25_forecast.csv
2025-12-24 13:22:37,576 | INFO | Saved model at AI_forecasting\artifacts\ml\models\ward_ward_179_electricity_demand_lgb.joblib
2025-12-24 13:22:38,044 | INFO | Saved forecast at AI_forecasting\results\ml\forecasts\ward_179_electricity_demand_forecast.csv
2025-12-24 13:22:38,708 | INFO | Saved model at AI_forecasting\artifacts\ml\models\ward_ward_179_water_demand_lgb.joblib
2025-12-24 13:22:39,162 | INFO | Saved forecast at AI_forecasting\results\ml\forecasts\ward_179_water_demand_forecast.csv
2025-12-24 13:22:39,844 | INFO | Saved model at AI_forecasting\artifacts\ml\models\ward_ward_179_congestion_index_lgb.joblib
2025-12-24 13:22:40,349 | INFO | Saved forecast at AI_forecasting\results\ml\forecasts\ward_179_congestion_index_forecast.csv
2025-12-24 13:22:40,991 | INFO | Saved model at AI_forecasting\artifacts\ml\models\ward_ward_179_pm25_lgb.joblib
2025-12-24 13:22:41,438 | INFO | Saved forecast at AI_forecasting\results\ml\forecasts\ward_179_pm25_forecast.csv
2025-12-24 13:22:42,121 | INFO | Saved model at AI_forecasting\artifacts\ml\models\ward_ward_18_electricity_demand_lgb.joblib
2025-12-24 13:22:42,620 | INFO | Saved forecast at AI_forecasting\results\ml\forecasts\ward_18_electricity_demand_forecast.csv
2025-12-24 13:22:43,255 | INFO | Saved model at AI_forecasting\artifacts\ml\models\ward_ward_18_water_demand_lgb.joblib
2025-12-24 13:22:43,686 | INFO | Saved forecast at AI_forecasting\results\ml\forecasts\ward_18_water_demand_forecast.csv
2025-12-24 13:22:44,328 | INFO | Saved model at AI_forecasting\artifacts\ml\models\ward_ward_18_congestion_index_lgb.joblib
2025-12-24 13:22:44,854 | INFO | Saved forecast at AI_forecasting\results\ml\forecasts\ward_18_congestion_index_forecast.csv
2025-12-24 13:22:45,505 | INFO | Saved model at AI_forecasting\artifacts\ml\models\ward_ward_18_pm25_lgb.joblib
2025-12-24 13:22:46,008 | INFO | Saved forecast at AI_forecasting\results\ml\forecasts\ward_18_pm25_forecast.csv
2025-12-24 13:22:46,621 | INFO | Saved model at AI_forecasting\artifacts\ml\models\ward_ward_180_electricity_demand_lgb.joblib
2025-12-24 13:22:47,089 | INFO | Saved forecast at AI_forecasting\results\ml\forecasts\ward_180_electricity_demand_forecast.csv
2025-12-24 13:22:47,750 | INFO | Saved model at AI_forecasting\artifacts\ml\models\ward_ward_180_water_demand_lgb.joblib
2025-12-24 13:22:48,230 | INFO | Saved forecast at AI_forecasting\results\ml\forecasts\ward_180_water_demand_forecast.csv
2025-12-24 13:22:48,853 | INFO | Saved model at AI_forecasting\artifacts\ml\models\ward_ward_180_congestion_index_lgb.joblib
2025-12-24 13:22:49,297 | INFO | Saved forecast at AI_forecasting\results\ml\forecasts\ward_180_congestion_index_forecast.csv
2025-12-24 13:22:49,944 | INFO | Saved model at AI_forecasting\artifacts\ml\models\ward_ward_180_pm25_lgb.joblib
2025-12-24 13:22:50,457 | INFO | Saved forecast at AI_forecasting\results\ml\forecasts\ward_180_pm25_forecast.csv
2025-12-24 13:22:51,074 | INFO | Saved model at AI_forecasting\artifacts\ml\models\ward_ward_181_electricity_demand_lgb.joblib
2025-12-24 13:22:51,549 | INFO | Saved forecast at AI_forecasting\results\ml\forecasts\ward_181_electricity_demand_forecast.csv
2025-12-24 13:22:52,150 | INFO | Saved model at AI_forecasting\artifacts\ml\models\ward_ward_181_water_demand_lgb.joblib
2025-12-24 13:22:52,600 | INFO | Saved forecast at AI_forecasting\results\ml\forecasts\ward_181_water_demand_forecast.csv
2025-12-24 13:22:53,242 | INFO | Saved model at AI_forecasting\artifacts\ml\models\ward_ward_181_congestion_index_lgb.joblib
2025-12-24 13:22:53,720 | INFO | Saved forecast at AI_forecasting\results\ml\forecasts\ward_181_congestion_index_forecast.csv
2025-12-24 13:22:54,362 | INFO | Saved model at AI_forecasting\artifacts\ml\models\ward_ward_181_pm25_lgb.joblib
2025-12-24 13:22:54,830 | INFO | Saved forecast at AI_forecasting\results\ml\forecasts\ward_181_pm25_forecast.csv
2025-12-24 13:22:55,489 | INFO | Saved model at AI_forecasting\artifacts\ml\models\ward_ward_182_electricity_demand_lgb.joblib
2025-12-24 13:22:55,961 | INFO | Saved forecast at AI_forecasting\results\ml\forecasts\ward_182_electricity_demand_forecast.csv
2025-12-24 13:22:56,587 | INFO | Saved model at AI_forecasting\artifacts\ml\models\ward_ward_182_water_demand_lgb.joblib
2025-12-24 13:22:57,035 | INFO | Saved forecast at AI_forecasting\results\ml\forecasts\ward_182_water_demand_forecast.csv
2025-12-24 13:22:57,681 | INFO | Saved model at AI_forecasting\artifacts\ml\models\ward_ward_182_congestion_index_lgb.joblib
2025-12-24 13:22:58,174 | INFO | Saved forecast at AI_forecasting\results\ml\forecasts\ward_182_congestion_index_forecast.csv
2025-12-24 13:22:58,788 | INFO | Saved model at AI_forecasting\artifacts\ml\models\ward_ward_182_pm25_lgb.joblib
2025-12-24 13:22:59,336 | INFO | Saved forecast at AI_forecasting\results\ml\forecasts\ward_182_pm25_forecast.csv
2025-12-24 13:22:59,966 | INFO | Saved model at AI_forecasting\artifacts\ml\models\ward_ward_183_electricity_demand_lgb.joblib
2025-12-24 13:23:00,450 | INFO | Saved forecast at AI_forecasting\results\ml\forecasts\ward_183_electricity_demand_forecast.csv
2025-12-24 13:23:01,102 | INFO | Saved model at AI_forecasting\artifacts\ml\models\ward_ward_183_water_demand_lgb.joblib
2025-12-24 13:23:01,569 | INFO | Saved forecast at AI_forecasting\results\ml\forecasts\ward_183_water_demand_forecast.csv
2025-12-24 13:23:02,230 | INFO | Saved model at AI_forecasting\artifacts\ml\models\ward_ward_183_congestion_index_lgb.joblib
2025-12-24 13:23:02,717 | INFO | Saved forecast at AI_forecasting\results\ml\forecasts\ward_183_congestion_index_forecast.csv
2025-12-24 13:23:03,336 | INFO | Saved model at AI_forecasting\artifacts\ml\models\ward_ward_183_pm25_lgb.joblib
2025-12-24 13:23:03,803 | INFO | Saved forecast at AI_forecasting\results\ml\forecasts\ward_183_pm25_forecast.csv
2025-12-24 13:23:04,460 | INFO | Saved model at AI_forecasting\artifacts\ml\models\ward_ward_184_electricity_demand_lgb.joblib
2025-12-24 13:23:04,960 | INFO | Saved forecast at AI_forecasting\results\ml\forecasts\ward_184_electricity_demand_forecast.csv
2025-12-24 13:23:05,656 | INFO | Saved model at AI_forecasting\artifacts\ml\models\ward_ward_184_water_demand_lgb.joblib
2025-12-24 13:23:06,122 | INFO | Saved forecast at AI_forecasting\results\ml\forecasts\ward_184_water_demand_forecast.csv
2025-12-24 13:23:06,824 | INFO | Saved model at AI_forecasting\artifacts\ml\models\ward_ward_184_congestion_index_lgb.joblib
2025-12-24 13:23:07,299 | INFO | Saved forecast at AI_forecasting\results\ml\forecasts\ward_184_congestion_index_forecast.csv
2025-12-24 13:23:07,940 | INFO | Saved model at AI_forecasting\artifacts\ml\models\ward_ward_184_pm25_lgb.joblib
2025-12-24 13:23:08,421 | INFO | Saved forecast at AI_forecasting\results\ml\forecasts\ward_184_pm25_forecast.csv
2025-12-24 13:23:09,086 | INFO | Saved model at AI_forecasting\artifacts\ml\models\ward_ward_185_electricity_demand_lgb.joblib
2025-12-24 13:23:09,581 | INFO | Saved forecast at AI_forecasting\results\ml\forecasts\ward_185_electricity_demand_forecast.csv
2025-12-24 13:23:10,231 | INFO | Saved model at AI_forecasting\artifacts\ml\models\ward_ward_185_water_demand_lgb.joblib
2025-12-24 13:23:10,725 | INFO | Saved forecast at AI_forecasting\results\ml\forecasts\ward_185_water_demand_forecast.csv
2025-12-24 13:23:11,348 | INFO | Saved model at AI_forecasting\artifacts\ml\models\ward_ward_185_congestion_index_lgb.joblib
2025-12-24 13:23:11,866 | INFO | Saved forecast at AI_forecasting\results\ml\forecasts\ward_185_congestion_index_forecast.csv
2025-12-24 13:23:12,515 | INFO | Saved model at AI_forecasting\artifacts\ml\models\ward_ward_185_pm25_lgb.joblib
2025-12-24 13:23:13,017 | INFO | Saved forecast at AI_forecasting\results\ml\forecasts\ward_185_pm25_forecast.csv
2025-12-24 13:23:13,663 | INFO | Saved model at AI_forecasting\artifacts\ml\models\ward_ward_186_electricity_demand_lgb.joblib
2025-12-24 13:23:14,147 | INFO | Saved forecast at AI_forecasting\results\ml\forecasts\ward_186_electricity_demand_forecast.csv
2025-12-24 13:23:14,755 | INFO | Saved model at AI_forecasting\artifacts\ml\models\ward_ward_186_water_demand_lgb.joblib
2025-12-24 13:23:15,205 | INFO | Saved forecast at AI_forecasting\results\ml\forecasts\ward_186_water_demand_forecast.csv
2025-12-24 13:23:15,869 | INFO | Saved model at AI_forecasting\artifacts\ml\models\ward_ward_186_congestion_index_lgb.joblib
2025-12-24 13:23:16,448 | INFO | Saved forecast at AI_forecasting\results\ml\forecasts\ward_186_congestion_index_forecast.csv
2025-12-24 13:23:17,084 | INFO | Saved model at AI_forecasting\artifacts\ml\models\ward_ward_186_pm25_lgb.joblib
2025-12-24 13:23:17,632 | INFO | Saved forecast at AI_forecasting\results\ml\forecasts\ward_186_pm25_forecast.csv
2025-12-24 13:23:18,273 | INFO | Saved model at AI_forecasting\artifacts\ml\models\ward_ward_187_electricity_demand_lgb.joblib
2025-12-24 13:23:18,745 | INFO | Saved forecast at AI_forecasting\results\ml\forecasts\ward_187_electricity_demand_forecast.csv
2025-12-24 13:23:19,355 | INFO | Saved model at AI_forecasting\artifacts\ml\models\ward_ward_187_water_demand_lgb.joblib
2025-12-24 13:23:19,840 | INFO | Saved forecast at AI_forecasting\results\ml\forecasts\ward_187_water_demand_forecast.csv
2025-12-24 13:23:20,472 | INFO | Saved model at AI_forecasting\artifacts\ml\models\ward_ward_187_congestion_index_lgb.joblib
2025-12-24 13:23:20,949 | INFO | Saved forecast at AI_forecasting\results\ml\forecasts\ward_187_congestion_index_forecast.csv
2025-12-24 13:23:21,570 | INFO | Saved model at AI_forecasting\artifacts\ml\models\ward_ward_187_pm25_lgb.joblib
2025-12-24 13:23:22,031 | INFO | Saved forecast at AI_forecasting\results\ml\forecasts\ward_187_pm25_forecast.csv
2025-12-24 13:23:22,632 | INFO | Saved model at AI_forecasting\artifacts\ml\models\ward_ward_188_electricity_demand_lgb.joblib
2025-12-24 13:23:23,081 | INFO | Saved forecast at AI_forecasting\results\ml\forecasts\ward_188_electricity_demand_forecast.csv
2025-12-24 13:23:23,671 | INFO | Saved model at AI_forecasting\artifacts\ml\models\ward_ward_188_water_demand_lgb.joblib
2025-12-24 13:23:24,158 | INFO | Saved forecast at AI_forecasting\results\ml\forecasts\ward_188_water_demand_forecast.csv
2025-12-24 13:23:24,794 | INFO | Saved model at AI_forecasting\artifacts\ml\models\ward_ward_188_congestion_index_lgb.joblib
2025-12-24 13:23:25,254 | INFO | Saved forecast at AI_forecasting\results\ml\forecasts\ward_188_congestion_index_forecast.csv
2025-12-24 13:23:25,861 | INFO | Saved model at AI_forecasting\artifacts\ml\models\ward_ward_188_pm25_lgb.joblib
2025-12-24 13:23:26,308 | INFO | Saved forecast at AI_forecasting\results\ml\forecasts\ward_188_pm25_forecast.csv
2025-12-24 13:23:27,049 | INFO | Saved model at AI_forecasting\artifacts\ml\models\ward_ward_189_electricity_demand_lgb.joblib
2025-12-24 13:23:27,704 | INFO | Saved forecast at AI_forecasting\results\ml\forecasts\ward_189_electricity_demand_forecast.csv
2025-12-24 13:23:28,420 | INFO | Saved model at AI_forecasting\artifacts\ml\models\ward_ward_189_water_demand_lgb.joblib
2025-12-24 13:23:28,903 | INFO | Saved forecast at AI_forecasting\results\ml\forecasts\ward_189_water_demand_forecast.csv
2025-12-24 13:23:29,676 | INFO | Saved model at AI_forecasting\artifacts\ml\models\ward_ward_189_congestion_index_lgb.joblib
2025-12-24 13:23:30,268 | INFO | Saved forecast at AI_forecasting\results\ml\forecasts\ward_189_congestion_index_forecast.csv
2025-12-24 13:23:31,118 | INFO | Saved model at AI_forecasting\artifacts\ml\models\ward_ward_189_pm25_lgb.joblib
2025-12-24 13:23:31,833 | INFO | Saved forecast at AI_forecasting\results\ml\forecasts\ward_189_pm25_forecast.csv
2025-12-24 13:23:32,453 | INFO | Saved model at AI_forecasting\artifacts\ml\models\ward_ward_19_electricity_demand_lgb.joblib
2025-12-24 13:23:32,915 | INFO | Saved forecast at AI_forecasting\results\ml\forecasts\ward_19_electricity_demand_forecast.csv
2025-12-24 13:23:33,588 | INFO | Saved model at AI_forecasting\artifacts\ml\models\ward_ward_19_water_demand_lgb.joblib
2025-12-24 13:23:34,188 | INFO | Saved forecast at AI_forecasting\results\ml\forecasts\ward_19_water_demand_forecast.csv
2025-12-24 13:23:34,977 | INFO | Saved model at AI_forecasting\artifacts\ml\models\ward_ward_19_congestion_index_lgb.joblib
2025-12-24 13:23:35,531 | INFO | Saved forecast at AI_forecasting\results\ml\forecasts\ward_19_congestion_index_forecast.csv
2025-12-24 13:23:36,202 | INFO | Saved model at AI_forecasting\artifacts\ml\models\ward_ward_19_pm25_lgb.joblib
2025-12-24 13:23:36,707 | INFO | Saved forecast at AI_forecasting\results\ml\forecasts\ward_19_pm25_forecast.csv
2025-12-24 13:23:37,361 | INFO | Saved model at AI_forecasting\artifacts\ml\models\ward_ward_190_electricity_demand_lgb.joblib
2025-12-24 13:23:37,928 | INFO | Saved forecast at AI_forecasting\results\ml\forecasts\ward_190_electricity_demand_forecast.csv
2025-12-24 13:23:38,558 | INFO | Saved model at AI_forecasting\artifacts\ml\models\ward_ward_190_water_demand_lgb.joblib
2025-12-24 13:23:39,067 | INFO | Saved forecast at AI_forecasting\results\ml\forecasts\ward_190_water_demand_forecast.csv
2025-12-24 13:23:39,745 | INFO | Saved model at AI_forecasting\artifacts\ml\models\ward_ward_190_congestion_index_lgb.joblib
2025-12-24 13:23:40,190 | INFO | Saved forecast at AI_forecasting\results\ml\forecasts\ward_190_congestion_index_forecast.csv
2025-12-24 13:23:40,847 | INFO | Saved model at AI_forecasting\artifacts\ml\models\ward_ward_190_pm25_lgb.joblib
2025-12-24 13:23:41,329 | INFO | Saved forecast at AI_forecasting\results\ml\forecasts\ward_190_pm25_forecast.csv
2025-12-24 13:23:41,970 | INFO | Saved model at AI_forecasting\artifacts\ml\models\ward_ward_191_electricity_demand_lgb.joblib
2025-12-24 13:23:42,481 | INFO | Saved forecast at AI_forecasting\results\ml\forecasts\ward_191_electricity_demand_forecast.csv
2025-12-24 13:23:43,093 | INFO | Saved model at AI_forecasting\artifacts\ml\models\ward_ward_191_water_demand_lgb.joblib
2025-12-24 13:23:43,517 | INFO | Saved forecast at AI_forecasting\results\ml\forecasts\ward_191_water_demand_forecast.csv
2025-12-24 13:23:44,166 | INFO | Saved model at AI_forecasting\artifacts\ml\models\ward_ward_191_congestion_index_lgb.joblib
2025-12-24 13:23:44,684 | INFO | Saved forecast at AI_forecasting\results\ml\forecasts\ward_191_congestion_index_forecast.csv
2025-12-24 13:23:45,295 | INFO | Saved model at AI_forecasting\artifacts\ml\models\ward_ward_191_pm25_lgb.joblib
2025-12-24 13:23:45,746 | INFO | Saved forecast at AI_forecasting\results\ml\forecasts\ward_191_pm25_forecast.csv
2025-12-24 13:23:46,381 | INFO | Saved model at AI_forecasting\artifacts\ml\models\ward_ward_192_electricity_demand_lgb.joblib
2025-12-24 13:23:46,900 | INFO | Saved forecast at AI_forecasting\results\ml\forecasts\ward_192_electricity_demand_forecast.csv
2025-12-24 13:23:47,525 | INFO | Saved model at AI_forecasting\artifacts\ml\models\ward_ward_192_water_demand_lgb.joblib
2025-12-24 13:23:47,990 | INFO | Saved forecast at AI_forecasting\results\ml\forecasts\ward_192_water_demand_forecast.csv
2025-12-24 13:23:48,620 | INFO | Saved model at AI_forecasting\artifacts\ml\models\ward_ward_192_congestion_index_lgb.joblib
2025-12-24 13:23:49,123 | INFO | Saved forecast at AI_forecasting\results\ml\forecasts\ward_192_congestion_index_forecast.csv
2025-12-24 13:23:49,765 | INFO | Saved model at AI_forecasting\artifacts\ml\models\ward_ward_192_pm25_lgb.joblib
2025-12-24 13:23:50,254 | INFO | Saved forecast at AI_forecasting\results\ml\forecasts\ward_192_pm25_forecast.csv
2025-12-24 13:23:50,895 | INFO | Saved model at AI_forecasting\artifacts\ml\models\ward_ward_193_electricity_demand_lgb.joblib
2025-12-24 13:23:51,372 | INFO | Saved forecast at AI_forecasting\results\ml\forecasts\ward_193_electricity_demand_forecast.csv
2025-12-24 13:23:52,006 | INFO | Saved model at AI_forecasting\artifacts\ml\models\ward_ward_193_water_demand_lgb.joblib
2025-12-24 13:23:52,447 | INFO | Saved forecast at AI_forecasting\results\ml\forecasts\ward_193_water_demand_forecast.csv
2025-12-24 13:23:53,088 | INFO | Saved model at AI_forecasting\artifacts\ml\models\ward_ward_193_congestion_index_lgb.joblib
2025-12-24 13:23:53,630 | INFO | Saved forecast at AI_forecasting\results\ml\forecasts\ward_193_congestion_index_forecast.csv
2025-12-24 13:23:54,284 | INFO | Saved model at AI_forecasting\artifacts\ml\models\ward_ward_193_pm25_lgb.joblib
2025-12-24 13:23:54,812 | INFO | Saved forecast at AI_forecasting\results\ml\forecasts\ward_193_pm25_forecast.csv
2025-12-24 13:23:55,441 | INFO | Saved model at AI_forecasting\artifacts\ml\models\ward_ward_194_electricity_demand_lgb.joblib
2025-12-24 13:23:55,906 | INFO | Saved forecast at AI_forecasting\results\ml\forecasts\ward_194_electricity_demand_forecast.csv
2025-12-24 13:23:56,533 | INFO | Saved model at AI_forecasting\artifacts\ml\models\ward_ward_194_water_demand_lgb.joblib
2025-12-24 13:23:57,025 | INFO | Saved forecast at AI_forecasting\results\ml\forecasts\ward_194_water_demand_forecast.csv
2025-12-24 13:23:57,732 | INFO | Saved model at AI_forecasting\artifacts\ml\models\ward_ward_194_congestion_index_lgb.joblib
2025-12-24 13:23:58,327 | INFO | Saved forecast at AI_forecasting\results\ml\forecasts\ward_194_congestion_index_forecast.csv
2025-12-24 13:23:58,972 | INFO | Saved model at AI_forecasting\artifacts\ml\models\ward_ward_194_pm25_lgb.joblib
2025-12-24 13:23:59,564 | INFO | Saved forecast at AI_forecasting\results\ml\forecasts\ward_194_pm25_forecast.csv
2025-12-24 13:24:00,257 | INFO | Saved model at AI_forecasting\artifacts\ml\models\ward_ward_195_electricity_demand_lgb.joblib
2025-12-24 13:24:00,840 | INFO | Saved forecast at AI_forecasting\results\ml\forecasts\ward_195_electricity_demand_forecast.csv
2025-12-24 13:24:01,474 | INFO | Saved model at AI_forecasting\artifacts\ml\models\ward_ward_195_water_demand_lgb.joblib
2025-12-24 13:24:01,951 | INFO | Saved forecast at AI_forecasting\results\ml\forecasts\ward_195_water_demand_forecast.csv
2025-12-24 13:24:02,579 | INFO | Saved model at AI_forecasting\artifacts\ml\models\ward_ward_195_congestion_index_lgb.joblib
2025-12-24 13:24:03,076 | INFO | Saved forecast at AI_forecasting\results\ml\forecasts\ward_195_congestion_index_forecast.csv
2025-12-24 13:24:03,707 | INFO | Saved model at AI_forecasting\artifacts\ml\models\ward_ward_195_pm25_lgb.joblib
2025-12-24 13:24:04,166 | INFO | Saved forecast at AI_forecasting\results\ml\forecasts\ward_195_pm25_forecast.csv
2025-12-24 13:24:04,808 | INFO | Saved model at AI_forecasting\artifacts\ml\models\ward_ward_196_electricity_demand_lgb.joblib
2025-12-24 13:24:05,333 | INFO | Saved forecast at AI_forecasting\results\ml\forecasts\ward_196_electricity_demand_forecast.csv
2025-12-24 13:24:06,011 | INFO | Saved model at AI_forecasting\artifacts\ml\models\ward_ward_196_water_demand_lgb.joblib
2025-12-24 13:24:06,482 | INFO | Saved forecast at AI_forecasting\results\ml\forecasts\ward_196_water_demand_forecast.csv
2025-12-24 13:24:07,158 | INFO | Saved model at AI_forecasting\artifacts\ml\models\ward_ward_196_congestion_index_lgb.joblib
2025-12-24 13:24:07,631 | INFO | Saved forecast at AI_forecasting\results\ml\forecasts\ward_196_congestion_index_forecast.csv
2025-12-24 13:24:08,255 | INFO | Saved model at AI_forecasting\artifacts\ml\models\ward_ward_196_pm25_lgb.joblib
2025-12-24 13:24:08,712 | INFO | Saved forecast at AI_forecasting\results\ml\forecasts\ward_196_pm25_forecast.csv
2025-12-24 13:24:09,333 | INFO | Saved model at AI_forecasting\artifacts\ml\models\ward_ward_197_electricity_demand_lgb.joblib
2025-12-24 13:24:09,819 | INFO | Saved forecast at AI_forecasting\results\ml\forecasts\ward_197_electricity_demand_forecast.csv
2025-12-24 13:24:10,465 | INFO | Saved model at AI_forecasting\artifacts\ml\models\ward_ward_197_water_demand_lgb.joblib
2025-12-24 13:24:10,973 | INFO | Saved forecast at AI_forecasting\results\ml\forecasts\ward_197_water_demand_forecast.csv
2025-12-24 13:24:11,644 | INFO | Saved model at AI_forecasting\artifacts\ml\models\ward_ward_197_congestion_index_lgb.joblib
2025-12-24 13:24:12,121 | INFO | Saved forecast at AI_forecasting\results\ml\forecasts\ward_197_congestion_index_forecast.csv
2025-12-24 13:24:12,752 | INFO | Saved model at AI_forecasting\artifacts\ml\models\ward_ward_197_pm25_lgb.joblib
2025-12-24 13:24:13,211 | INFO | Saved forecast at AI_forecasting\results\ml\forecasts\ward_197_pm25_forecast.csv
2025-12-24 13:24:13,820 | INFO | Saved model at AI_forecasting\artifacts\ml\models\ward_ward_198_electricity_demand_lgb.joblib
2025-12-24 13:24:14,287 | INFO | Saved forecast at AI_forecasting\results\ml\forecasts\ward_198_electricity_demand_forecast.csv
2025-12-24 13:24:14,921 | INFO | Saved model at AI_forecasting\artifacts\ml\models\ward_ward_198_water_demand_lgb.joblib
2025-12-24 13:24:15,415 | INFO | Saved forecast at AI_forecasting\results\ml\forecasts\ward_198_water_demand_forecast.csv
2025-12-24 13:24:16,037 | INFO | Saved model at AI_forecasting\artifacts\ml\models\ward_ward_198_congestion_index_lgb.joblib
2025-12-24 13:24:16,559 | INFO | Saved forecast at AI_forecasting\results\ml\forecasts\ward_198_congestion_index_forecast.csv
2025-12-24 13:24:17,166 | INFO | Saved model at AI_forecasting\artifacts\ml\models\ward_ward_198_pm25_lgb.joblib
2025-12-24 13:24:17,646 | INFO | Saved forecast at AI_forecasting\results\ml\forecasts\ward_198_pm25_forecast.csv
2025-12-24 13:24:18,260 | INFO | Saved model at AI_forecasting\artifacts\ml\models\ward_ward_2_electricity_demand_lgb.joblib
2025-12-24 13:24:18,751 | INFO | Saved forecast at AI_forecasting\results\ml\forecasts\ward_2_electricity_demand_forecast.csv
2025-12-24 13:24:19,374 | INFO | Saved model at AI_forecasting\artifacts\ml\models\ward_ward_2_water_demand_lgb.joblib
2025-12-24 13:24:19,894 | INFO | Saved forecast at AI_forecasting\results\ml\forecasts\ward_2_water_demand_forecast.csv
2025-12-24 13:24:20,543 | INFO | Saved model at AI_forecasting\artifacts\ml\models\ward_ward_2_congestion_index_lgb.joblib
2025-12-24 13:24:20,992 | INFO | Saved forecast at AI_forecasting\results\ml\forecasts\ward_2_congestion_index_forecast.csv
2025-12-24 13:24:21,663 | INFO | Saved model at AI_forecasting\artifacts\ml\models\ward_ward_2_pm25_lgb.joblib
2025-12-24 13:24:22,163 | INFO | Saved forecast at AI_forecasting\results\ml\forecasts\ward_2_pm25_forecast.csv
2025-12-24 13:24:22,756 | INFO | Saved model at AI_forecasting\artifacts\ml\models\ward_ward_20_electricity_demand_lgb.joblib
2025-12-24 13:24:23,229 | INFO | Saved forecast at AI_forecasting\results\ml\forecasts\ward_20_electricity_demand_forecast.csv
2025-12-24 13:24:23,874 | INFO | Saved model at AI_forecasting\artifacts\ml\models\ward_ward_20_water_demand_lgb.joblib
2025-12-24 13:24:24,354 | INFO | Saved forecast at AI_forecasting\results\ml\forecasts\ward_20_water_demand_forecast.csv
2025-12-24 13:24:24,999 | INFO | Saved model at AI_forecasting\artifacts\ml\models\ward_ward_20_congestion_index_lgb.joblib
2025-12-24 13:24:25,547 | INFO | Saved forecast at AI_forecasting\results\ml\forecasts\ward_20_congestion_index_forecast.csv
2025-12-24 13:24:26,202 | INFO | Saved model at AI_forecasting\artifacts\ml\models\ward_ward_20_pm25_lgb.joblib
2025-12-24 13:24:26,652 | INFO | Saved forecast at AI_forecasting\results\ml\forecasts\ward_20_pm25_forecast.csv
2025-12-24 13:24:27,293 | INFO | Saved model at AI_forecasting\artifacts\ml\models\ward_ward_21_electricity_demand_lgb.joblib
2025-12-24 13:24:27,879 | INFO | Saved forecast at AI_forecasting\results\ml\forecasts\ward_21_electricity_demand_forecast.csv
2025-12-24 13:24:28,532 | INFO | Saved model at AI_forecasting\artifacts\ml\models\ward_ward_21_water_demand_lgb.joblib
2025-12-24 13:24:29,007 | INFO | Saved forecast at AI_forecasting\results\ml\forecasts\ward_21_water_demand_forecast.csv
2025-12-24 13:24:29,684 | INFO | Saved model at AI_forecasting\artifacts\ml\models\ward_ward_21_congestion_index_lgb.joblib
2025-12-24 13:24:30,217 | INFO | Saved forecast at AI_forecasting\results\ml\forecasts\ward_21_congestion_index_forecast.csv
2025-12-24 13:24:30,885 | INFO | Saved model at AI_forecasting\artifacts\ml\models\ward_ward_21_pm25_lgb.joblib
2025-12-24 13:24:31,336 | INFO | Saved forecast at AI_forecasting\results\ml\forecasts\ward_21_pm25_forecast.csv
2025-12-24 13:24:31,955 | INFO | Saved model at AI_forecasting\artifacts\ml\models\ward_ward_22_electricity_demand_lgb.joblib
2025-12-24 13:24:32,422 | INFO | Saved forecast at AI_forecasting\results\ml\forecasts\ward_22_electricity_demand_forecast.csv
2025-12-24 13:24:33,043 | INFO | Saved model at AI_forecasting\artifacts\ml\models\ward_ward_22_water_demand_lgb.joblib
2025-12-24 13:24:33,630 | INFO | Saved forecast at AI_forecasting\results\ml\forecasts\ward_22_water_demand_forecast.csv
2025-12-24 13:24:34,396 | INFO | Saved model at AI_forecasting\artifacts\ml\models\ward_ward_22_congestion_index_lgb.joblib
2025-12-24 13:24:34,919 | INFO | Saved forecast at AI_forecasting\results\ml\forecasts\ward_22_congestion_index_forecast.csv
2025-12-24 13:24:35,548 | INFO | Saved model at AI_forecasting\artifacts\ml\models\ward_ward_22_pm25_lgb.joblib
2025-12-24 13:24:36,069 | INFO | Saved forecast at AI_forecasting\results\ml\forecasts\ward_22_pm25_forecast.csv
2025-12-24 13:24:36,739 | INFO | Saved model at AI_forecasting\artifacts\ml\models\ward_ward_23_electricity_demand_lgb.joblib
2025-12-24 13:24:37,218 | INFO | Saved forecast at AI_forecasting\results\ml\forecasts\ward_23_electricity_demand_forecast.csv
2025-12-24 13:24:37,846 | INFO | Saved model at AI_forecasting\artifacts\ml\models\ward_ward_23_water_demand_lgb.joblib
2025-12-24 13:24:38,332 | INFO | Saved forecast at AI_forecasting\results\ml\forecasts\ward_23_water_demand_forecast.csv
2025-12-24 13:24:39,003 | INFO | Saved model at AI_forecasting\artifacts\ml\models\ward_ward_23_congestion_index_lgb.joblib
2025-12-24 13:24:39,469 | INFO | Saved forecast at AI_forecasting\results\ml\forecasts\ward_23_congestion_index_forecast.csv
2025-12-24 13:24:40,189 | INFO | Saved model at AI_forecasting\artifacts\ml\models\ward_ward_23_pm25_lgb.joblib
2025-12-24 13:24:40,694 | INFO | Saved forecast at AI_forecasting\results\ml\forecasts\ward_23_pm25_forecast.csv
2025-12-24 13:24:41,363 | INFO | Saved model at AI_forecasting\artifacts\ml\models\ward_ward_24_electricity_demand_lgb.joblib
2025-12-24 13:24:41,875 | INFO | Saved forecast at AI_forecasting\results\ml\forecasts\ward_24_electricity_demand_forecast.csv
2025-12-24 13:24:42,542 | INFO | Saved model at AI_forecasting\artifacts\ml\models\ward_ward_24_water_demand_lgb.joblib
2025-12-24 13:24:43,028 | INFO | Saved forecast at AI_forecasting\results\ml\forecasts\ward_24_water_demand_forecast.csv
2025-12-24 13:24:43,690 | INFO | Saved model at AI_forecasting\artifacts\ml\models\ward_ward_24_congestion_index_lgb.joblib
2025-12-24 13:24:44,220 | INFO | Saved forecast at AI_forecasting\results\ml\forecasts\ward_24_congestion_index_forecast.csv
2025-12-24 13:24:44,936 | INFO | Saved model at AI_forecasting\artifacts\ml\models\ward_ward_24_pm25_lgb.joblib
2025-12-24 13:24:45,409 | INFO | Saved forecast at AI_forecasting\results\ml\forecasts\ward_24_pm25_forecast.csv
2025-12-24 13:24:46,083 | INFO | Saved model at AI_forecasting\artifacts\ml\models\ward_ward_25_electricity_demand_lgb.joblib
2025-12-24 13:24:46,566 | INFO | Saved forecast at AI_forecasting\results\ml\forecasts\ward_25_electricity_demand_forecast.csv
2025-12-24 13:24:47,219 | INFO | Saved model at AI_forecasting\artifacts\ml\models\ward_ward_25_water_demand_lgb.joblib
2025-12-24 13:24:47,688 | INFO | Saved forecast at AI_forecasting\results\ml\forecasts\ward_25_water_demand_forecast.csv
2025-12-24 13:24:48,368 | INFO | Saved model at AI_forecasting\artifacts\ml\models\ward_ward_25_congestion_index_lgb.joblib
2025-12-24 13:24:48,850 | INFO | Saved forecast at AI_forecasting\results\ml\forecasts\ward_25_congestion_index_forecast.csv
2025-12-24 13:24:49,469 | INFO | Saved model at AI_forecasting\artifacts\ml\models\ward_ward_25_pm25_lgb.joblib
2025-12-24 13:24:49,967 | INFO | Saved forecast at AI_forecasting\results\ml\forecasts\ward_25_pm25_forecast.csv
2025-12-24 13:24:50,600 | INFO | Saved model at AI_forecasting\artifacts\ml\models\ward_ward_26_electricity_demand_lgb.joblib
2025-12-24 13:24:51,087 | INFO | Saved forecast at AI_forecasting\results\ml\forecasts\ward_26_electricity_demand_forecast.csv
2025-12-24 13:24:51,734 | INFO | Saved model at AI_forecasting\artifacts\ml\models\ward_ward_26_water_demand_lgb.joblib
2025-12-24 13:24:52,200 | INFO | Saved forecast at AI_forecasting\results\ml\forecasts\ward_26_water_demand_forecast.csv
2025-12-24 13:24:52,850 | INFO | Saved model at AI_forecasting\artifacts\ml\models\ward_ward_26_congestion_index_lgb.joblib
2025-12-24 13:24:53,362 | INFO | Saved forecast at AI_forecasting\results\ml\forecasts\ward_26_congestion_index_forecast.csv
2025-12-24 13:24:54,054 | INFO | Saved model at AI_forecasting\artifacts\ml\models\ward_ward_26_pm25_lgb.joblib
2025-12-24 13:24:54,527 | INFO | Saved forecast at AI_forecasting\results\ml\forecasts\ward_26_pm25_forecast.csv
2025-12-24 13:24:55,177 | INFO | Saved model at AI_forecasting\artifacts\ml\models\ward_ward_27_electricity_demand_lgb.joblib
2025-12-24 13:24:55,654 | INFO | Saved forecast at AI_forecasting\results\ml\forecasts\ward_27_electricity_demand_forecast.csv
2025-12-24 13:24:56,301 | INFO | Saved model at AI_forecasting\artifacts\ml\models\ward_ward_27_water_demand_lgb.joblib
2025-12-24 13:24:56,819 | INFO | Saved forecast at AI_forecasting\results\ml\forecasts\ward_27_water_demand_forecast.csv
2025-12-24 13:24:57,498 | INFO | Saved model at AI_forecasting\artifacts\ml\models\ward_ward_27_congestion_index_lgb.joblib
2025-12-24 13:24:58,004 | INFO | Saved forecast at AI_forecasting\results\ml\forecasts\ward_27_congestion_index_forecast.csv
2025-12-24 13:24:58,648 | INFO | Saved model at AI_forecasting\artifacts\ml\models\ward_ward_27_pm25_lgb.joblib
2025-12-24 13:24:59,150 | INFO | Saved forecast at AI_forecasting\results\ml\forecasts\ward_27_pm25_forecast.csv
2025-12-24 13:24:59,813 | INFO | Saved model at AI_forecasting\artifacts\ml\models\ward_ward_28_electricity_demand_lgb.joblib
2025-12-24 13:25:00,276 | INFO | Saved forecast at AI_forecasting\results\ml\forecasts\ward_28_electricity_demand_forecast.csv
2025-12-24 13:25:00,963 | INFO | Saved model at AI_forecasting\artifacts\ml\models\ward_ward_28_water_demand_lgb.joblib
2025-12-24 13:25:01,486 | INFO | Saved forecast at AI_forecasting\results\ml\forecasts\ward_28_water_demand_forecast.csv
2025-12-24 13:25:02,145 | INFO | Saved model at AI_forecasting\artifacts\ml\models\ward_ward_28_congestion_index_lgb.joblib
2025-12-24 13:25:02,654 | INFO | Saved forecast at AI_forecasting\results\ml\forecasts\ward_28_congestion_index_forecast.csv
2025-12-24 13:25:03,320 | INFO | Saved model at AI_forecasting\artifacts\ml\models\ward_ward_28_pm25_lgb.joblib
2025-12-24 13:25:03,837 | INFO | Saved forecast at AI_forecasting\results\ml\forecasts\ward_28_pm25_forecast.csv
2025-12-24 13:25:04,479 | INFO | Saved model at AI_forecasting\artifacts\ml\models\ward_ward_29_electricity_demand_lgb.joblib
2025-12-24 13:25:05,008 | INFO | Saved forecast at AI_forecasting\results\ml\forecasts\ward_29_electricity_demand_forecast.csv
2025-12-24 13:25:05,653 | INFO | Saved model at AI_forecasting\artifacts\ml\models\ward_ward_29_water_demand_lgb.joblib
2025-12-24 13:25:06,185 | INFO | Saved forecast at AI_forecasting\results\ml\forecasts\ward_29_water_demand_forecast.csv
2025-12-24 13:25:06,822 | INFO | Saved model at AI_forecasting\artifacts\ml\models\ward_ward_29_congestion_index_lgb.joblib
2025-12-24 13:25:07,322 | INFO | Saved forecast at AI_forecasting\results\ml\forecasts\ward_29_congestion_index_forecast.csv
2025-12-24 13:25:07,964 | INFO | Saved model at AI_forecasting\artifacts\ml\models\ward_ward_29_pm25_lgb.joblib
2025-12-24 13:25:08,485 | INFO | Saved forecast at AI_forecasting\results\ml\forecasts\ward_29_pm25_forecast.csv
2025-12-24 13:25:09,146 | INFO | Saved model at AI_forecasting\artifacts\ml\models\ward_ward_3_electricity_demand_lgb.joblib
2025-12-24 13:25:09,664 | INFO | Saved forecast at AI_forecasting\results\ml\forecasts\ward_3_electricity_demand_forecast.csv
2025-12-24 13:25:10,348 | INFO | Saved model at AI_forecasting\artifacts\ml\models\ward_ward_3_water_demand_lgb.joblib
2025-12-24 13:25:10,815 | INFO | Saved forecast at AI_forecasting\results\ml\forecasts\ward_3_water_demand_forecast.csv
2025-12-24 13:25:11,496 | INFO | Saved model at AI_forecasting\artifacts\ml\models\ward_ward_3_congestion_index_lgb.joblib
2025-12-24 13:25:12,129 | INFO | Saved forecast at AI_forecasting\results\ml\forecasts\ward_3_congestion_index_forecast.csv
2025-12-24 13:25:12,780 | INFO | Saved model at AI_forecasting\artifacts\ml\models\ward_ward_3_pm25_lgb.joblib
2025-12-24 13:25:13,255 | INFO | Saved forecast at AI_forecasting\results\ml\forecasts\ward_3_pm25_forecast.csv
2025-12-24 13:25:13,881 | INFO | Saved model at AI_forecasting\artifacts\ml\models\ward_ward_30_electricity_demand_lgb.joblib
2025-12-24 13:25:14,341 | INFO | Saved forecast at AI_forecasting\results\ml\forecasts\ward_30_electricity_demand_forecast.csv
2025-12-24 13:25:15,006 | INFO | Saved model at AI_forecasting\artifacts\ml\models\ward_ward_30_water_demand_lgb.joblib
2025-12-24 13:25:15,540 | INFO | Saved forecast at AI_forecasting\results\ml\forecasts\ward_30_water_demand_forecast.csv
2025-12-24 13:25:16,177 | INFO | Saved model at AI_forecasting\artifacts\ml\models\ward_ward_30_congestion_index_lgb.joblib
2025-12-24 13:25:16,691 | INFO | Saved forecast at AI_forecasting\results\ml\forecasts\ward_30_congestion_index_forecast.csv
2025-12-24 13:25:17,343 | INFO | Saved model at AI_forecasting\artifacts\ml\models\ward_ward_30_pm25_lgb.joblib
2025-12-24 13:25:17,809 | INFO | Saved forecast at AI_forecasting\results\ml\forecasts\ward_30_pm25_forecast.csv
2025-12-24 13:25:18,420 | INFO | Saved model at AI_forecasting\artifacts\ml\models\ward_ward_31_electricity_demand_lgb.joblib
2025-12-24 13:25:18,873 | INFO | Saved forecast at AI_forecasting\results\ml\forecasts\ward_31_electricity_demand_forecast.csv
2025-12-24 13:25:19,465 | INFO | Saved model at AI_forecasting\artifacts\ml\models\ward_ward_31_water_demand_lgb.joblib
2025-12-24 13:25:19,955 | INFO | Saved forecast at AI_forecasting\results\ml\forecasts\ward_31_water_demand_forecast.csv
2025-12-24 13:25:20,577 | INFO | Saved model at AI_forecasting\artifacts\ml\models\ward_ward_31_congestion_index_lgb.joblib
2025-12-24 13:25:21,049 | INFO | Saved forecast at AI_forecasting\results\ml\forecasts\ward_31_congestion_index_forecast.csv
2025-12-24 13:25:21,704 | INFO | Saved model at AI_forecasting\artifacts\ml\models\ward_ward_31_pm25_lgb.joblib
2025-12-24 13:25:22,187 | INFO | Saved forecast at AI_forecasting\results\ml\forecasts\ward_31_pm25_forecast.csv
2025-12-24 13:25:22,790 | INFO | Saved model at AI_forecasting\artifacts\ml\models\ward_ward_32_electricity_demand_lgb.joblib
2025-12-24 13:25:23,281 | INFO | Saved forecast at AI_forecasting\results\ml\forecasts\ward_32_electricity_demand_forecast.csv
2025-12-24 13:25:23,996 | INFO | Saved model at AI_forecasting\artifacts\ml\models\ward_ward_32_water_demand_lgb.joblib
2025-12-24 13:25:24,483 | INFO | Saved forecast at AI_forecasting\results\ml\forecasts\ward_32_water_demand_forecast.csv
2025-12-24 13:25:25,152 | INFO | Saved model at AI_forecasting\artifacts\ml\models\ward_ward_32_congestion_index_lgb.joblib
2025-12-24 13:25:25,623 | INFO | Saved forecast at AI_forecasting\results\ml\forecasts\ward_32_congestion_index_forecast.csv
2025-12-24 13:25:26,237 | INFO | Saved model at AI_forecasting\artifacts\ml\models\ward_ward_32_pm25_lgb.joblib
2025-12-24 13:25:26,721 | INFO | Saved forecast at AI_forecasting\results\ml\forecasts\ward_32_pm25_forecast.csv
2025-12-24 13:25:27,479 | INFO | Saved model at AI_forecasting\artifacts\ml\models\ward_ward_33_electricity_demand_lgb.joblib
2025-12-24 13:25:27,969 | INFO | Saved forecast at AI_forecasting\results\ml\forecasts\ward_33_electricity_demand_forecast.csv
2025-12-24 13:25:28,615 | INFO | Saved model at AI_forecasting\artifacts\ml\models\ward_ward_33_water_demand_lgb.joblib
2025-12-24 13:25:29,118 | INFO | Saved forecast at AI_forecasting\results\ml\forecasts\ward_33_water_demand_forecast.csv
2025-12-24 13:25:29,778 | INFO | Saved model at AI_forecasting\artifacts\ml\models\ward_ward_33_congestion_index_lgb.joblib
2025-12-24 13:25:30,267 | INFO | Saved forecast at AI_forecasting\results\ml\forecasts\ward_33_congestion_index_forecast.csv
2025-12-24 13:25:30,924 | INFO | Saved model at AI_forecasting\artifacts\ml\models\ward_ward_33_pm25_lgb.joblib
2025-12-24 13:25:31,418 | INFO | Saved forecast at AI_forecasting\results\ml\forecasts\ward_33_pm25_forecast.csv
2025-12-24 13:25:32,036 | INFO | Saved model at AI_forecasting\artifacts\ml\models\ward_ward_34_electricity_demand_lgb.joblib
2025-12-24 13:25:32,507 | INFO | Saved forecast at AI_forecasting\results\ml\forecasts\ward_34_electricity_demand_forecast.csv
2025-12-24 13:25:33,139 | INFO | Saved model at AI_forecasting\artifacts\ml\models\ward_ward_34_water_demand_lgb.joblib
2025-12-24 13:25:33,616 | INFO | Saved forecast at AI_forecasting\results\ml\forecasts\ward_34_water_demand_forecast.csv
2025-12-24 13:25:34,293 | INFO | Saved model at AI_forecasting\artifacts\ml\models\ward_ward_34_congestion_index_lgb.joblib
2025-12-24 13:25:34,755 | INFO | Saved forecast at AI_forecasting\results\ml\forecasts\ward_34_congestion_index_forecast.csv
2025-12-24 13:25:35,416 | INFO | Saved model at AI_forecasting\artifacts\ml\models\ward_ward_34_pm25_lgb.joblib
2025-12-24 13:25:36,012 | INFO | Saved forecast at AI_forecasting\results\ml\forecasts\ward_34_pm25_forecast.csv
2025-12-24 13:25:36,669 | INFO | Saved model at AI_forecasting\artifacts\ml\models\ward_ward_35_electricity_demand_lgb.joblib
2025-12-24 13:25:37,160 | INFO | Saved forecast at AI_forecasting\results\ml\forecasts\ward_35_electricity_demand_forecast.csv
2025-12-24 13:25:37,800 | INFO | Saved model at AI_forecasting\artifacts\ml\models\ward_ward_35_water_demand_lgb.joblib
2025-12-24 13:25:38,280 | INFO | Saved forecast at AI_forecasting\results\ml\forecasts\ward_35_water_demand_forecast.csv
2025-12-24 13:25:38,927 | INFO | Saved model at AI_forecasting\artifacts\ml\models\ward_ward_35_congestion_index_lgb.joblib
2025-12-24 13:25:39,433 | INFO | Saved forecast at AI_forecasting\results\ml\forecasts\ward_35_congestion_index_forecast.csv
2025-12-24 13:25:40,086 | INFO | Saved model at AI_forecasting\artifacts\ml\models\ward_ward_35_pm25_lgb.joblib
2025-12-24 13:25:40,543 | INFO | Saved forecast at AI_forecasting\results\ml\forecasts\ward_35_pm25_forecast.csv
2025-12-24 13:25:41,229 | INFO | Saved model at AI_forecasting\artifacts\ml\models\ward_ward_36_electricity_demand_lgb.joblib
2025-12-24 13:25:41,754 | INFO | Saved forecast at AI_forecasting\results\ml\forecasts\ward_36_electricity_demand_forecast.csv
2025-12-24 13:25:42,379 | INFO | Saved model at AI_forecasting\artifacts\ml\models\ward_ward_36_water_demand_lgb.joblib
2025-12-24 13:25:42,865 | INFO | Saved forecast at AI_forecasting\results\ml\forecasts\ward_36_water_demand_forecast.csv
2025-12-24 13:25:43,528 | INFO | Saved model at AI_forecasting\artifacts\ml\models\ward_ward_36_congestion_index_lgb.joblib
2025-12-24 13:25:44,122 | INFO | Saved forecast at AI_forecasting\results\ml\forecasts\ward_36_congestion_index_forecast.csv
2025-12-24 13:25:44,785 | INFO | Saved model at AI_forecasting\artifacts\ml\models\ward_ward_36_pm25_lgb.joblib
2025-12-24 13:25:45,246 | INFO | Saved forecast at AI_forecasting\results\ml\forecasts\ward_36_pm25_forecast.csv
2025-12-24 13:25:45,868 | INFO | Saved model at AI_forecasting\artifacts\ml\models\ward_ward_37_electricity_demand_lgb.joblib
2025-12-24 13:25:46,420 | INFO | Saved forecast at AI_forecasting\results\ml\forecasts\ward_37_electricity_demand_forecast.csv
2025-12-24 13:25:47,088 | INFO | Saved model at AI_forecasting\artifacts\ml\models\ward_ward_37_water_demand_lgb.joblib
2025-12-24 13:25:47,562 | INFO | Saved forecast at AI_forecasting\results\ml\forecasts\ward_37_water_demand_forecast.csv
2025-12-24 13:25:48,212 | INFO | Saved model at AI_forecasting\artifacts\ml\models\ward_ward_37_congestion_index_lgb.joblib
2025-12-24 13:25:48,698 | INFO | Saved forecast at AI_forecasting\results\ml\forecasts\ward_37_congestion_index_forecast.csv
2025-12-24 13:25:49,343 | INFO | Saved model at AI_forecasting\artifacts\ml\models\ward_ward_37_pm25_lgb.joblib
2025-12-24 13:25:49,866 | INFO | Saved forecast at AI_forecasting\results\ml\forecasts\ward_37_pm25_forecast.csv
2025-12-24 13:25:50,499 | INFO | Saved model at AI_forecasting\artifacts\ml\models\ward_ward_38_electricity_demand_lgb.joblib
2025-12-24 13:25:50,992 | INFO | Saved forecast at AI_forecasting\results\ml\forecasts\ward_38_electricity_demand_forecast.csv
2025-12-24 13:25:51,674 | INFO | Saved model at AI_forecasting\artifacts\ml\models\ward_ward_38_water_demand_lgb.joblib
2025-12-24 13:25:52,173 | INFO | Saved forecast at AI_forecasting\results\ml\forecasts\ward_38_water_demand_forecast.csv
2025-12-24 13:25:52,832 | INFO | Saved model at AI_forecasting\artifacts\ml\models\ward_ward_38_congestion_index_lgb.joblib
2025-12-24 13:25:53,342 | INFO | Saved forecast at AI_forecasting\results\ml\forecasts\ward_38_congestion_index_forecast.csv
2025-12-24 13:25:53,959 | INFO | Saved model at AI_forecasting\artifacts\ml\models\ward_ward_38_pm25_lgb.joblib
2025-12-24 13:25:54,486 | INFO | Saved forecast at AI_forecasting\results\ml\forecasts\ward_38_pm25_forecast.csv
2025-12-24 13:25:55,364 | INFO | Saved model at AI_forecasting\artifacts\ml\models\ward_ward_39_electricity_demand_lgb.joblib
2025-12-24 13:25:55,936 | INFO | Saved forecast at AI_forecasting\results\ml\forecasts\ward_39_electricity_demand_forecast.csv
2025-12-24 13:25:56,590 | INFO | Saved model at AI_forecasting\artifacts\ml\models\ward_ward_39_water_demand_lgb.joblib
2025-12-24 13:25:57,033 | INFO | Saved forecast at AI_forecasting\results\ml\forecasts\ward_39_water_demand_forecast.csv
2025-12-24 13:25:57,664 | INFO | Saved model at AI_forecasting\artifacts\ml\models\ward_ward_39_congestion_index_lgb.joblib
2025-12-24 13:25:58,177 | INFO | Saved forecast at AI_forecasting\results\ml\forecasts\ward_39_congestion_index_forecast.csv
2025-12-24 13:25:58,793 | INFO | Saved model at AI_forecasting\artifacts\ml\models\ward_ward_39_pm25_lgb.joblib
2025-12-24 13:25:59,502 | INFO | Saved forecast at AI_forecasting\results\ml\forecasts\ward_39_pm25_forecast.csv
2025-12-24 13:26:00,120 | INFO | Saved model at AI_forecasting\artifacts\ml\models\ward_ward_4_electricity_demand_lgb.joblib
2025-12-24 13:26:00,565 | INFO | Saved forecast at AI_forecasting\results\ml\forecasts\ward_4_electricity_demand_forecast.csv
2025-12-24 13:26:01,153 | INFO | Saved model at AI_forecasting\artifacts\ml\models\ward_ward_4_water_demand_lgb.joblib
2025-12-24 13:26:01,594 | INFO | Saved forecast at AI_forecasting\results\ml\forecasts\ward_4_water_demand_forecast.csv
2025-12-24 13:26:02,182 | INFO | Saved model at AI_forecasting\artifacts\ml\models\ward_ward_4_congestion_index_lgb.joblib
2025-12-24 13:26:02,644 | INFO | Saved forecast at AI_forecasting\results\ml\forecasts\ward_4_congestion_index_forecast.csv
2025-12-24 13:26:03,286 | INFO | Saved model at AI_forecasting\artifacts\ml\models\ward_ward_4_pm25_lgb.joblib
2025-12-24 13:26:03,769 | INFO | Saved forecast at AI_forecasting\results\ml\forecasts\ward_4_pm25_forecast.csv
2025-12-24 13:26:04,439 | INFO | Saved model at AI_forecasting\artifacts\ml\models\ward_ward_40_electricity_demand_lgb.joblib
2025-12-24 13:26:04,987 | INFO | Saved forecast at AI_forecasting\results\ml\forecasts\ward_40_electricity_demand_forecast.csv
2025-12-24 13:26:05,620 | INFO | Saved model at AI_forecasting\artifacts\ml\models\ward_ward_40_water_demand_lgb.joblib
2025-12-24 13:26:06,068 | INFO | Saved forecast at AI_forecasting\results\ml\forecasts\ward_40_water_demand_forecast.csv
2025-12-24 13:26:06,718 | INFO | Saved model at AI_forecasting\artifacts\ml\models\ward_ward_40_congestion_index_lgb.joblib
2025-12-24 13:26:07,209 | INFO | Saved forecast at AI_forecasting\results\ml\forecasts\ward_40_congestion_index_forecast.csv
2025-12-24 13:26:07,812 | INFO | Saved model at AI_forecasting\artifacts\ml\models\ward_ward_40_pm25_lgb.joblib
2025-12-24 13:26:08,265 | INFO | Saved forecast at AI_forecasting\results\ml\forecasts\ward_40_pm25_forecast.csv
2025-12-24 13:26:08,903 | INFO | Saved model at AI_forecasting\artifacts\ml\models\ward_ward_41_electricity_demand_lgb.joblib
2025-12-24 13:26:09,406 | INFO | Saved forecast at AI_forecasting\results\ml\forecasts\ward_41_electricity_demand_forecast.csv
2025-12-24 13:26:10,058 | INFO | Saved model at AI_forecasting\artifacts\ml\models\ward_ward_41_water_demand_lgb.joblib
2025-12-24 13:26:10,540 | INFO | Saved forecast at AI_forecasting\results\ml\forecasts\ward_41_water_demand_forecast.csv
2025-12-24 13:26:11,155 | INFO | Saved model at AI_forecasting\artifacts\ml\models\ward_ward_41_congestion_index_lgb.joblib
2025-12-24 13:26:11,605 | INFO | Saved forecast at AI_forecasting\results\ml\forecasts\ward_41_congestion_index_forecast.csv
2025-12-24 13:26:12,304 | INFO | Saved model at AI_forecasting\artifacts\ml\models\ward_ward_41_pm25_lgb.joblib
2025-12-24 13:26:12,783 | INFO | Saved forecast at AI_forecasting\results\ml\forecasts\ward_41_pm25_forecast.csv
2025-12-24 13:26:13,419 | INFO | Saved model at AI_forecasting\artifacts\ml\models\ward_ward_42_electricity_demand_lgb.joblib
2025-12-24 13:26:13,896 | INFO | Saved forecast at AI_forecasting\results\ml\forecasts\ward_42_electricity_demand_forecast.csv
2025-12-24 13:26:14,535 | INFO | Saved model at AI_forecasting\artifacts\ml\models\ward_ward_42_water_demand_lgb.joblib
2025-12-24 13:26:15,072 | INFO | Saved forecast at AI_forecasting\results\ml\forecasts\ward_42_water_demand_forecast.csv
2025-12-24 13:26:15,754 | INFO | Saved model at AI_forecasting\artifacts\ml\models\ward_ward_42_congestion_index_lgb.joblib
2025-12-24 13:26:16,278 | INFO | Saved forecast at AI_forecasting\results\ml\forecasts\ward_42_congestion_index_forecast.csv
2025-12-24 13:26:16,949 | INFO | Saved model at AI_forecasting\artifacts\ml\models\ward_ward_42_pm25_lgb.joblib
2025-12-24 13:26:17,438 | INFO | Saved forecast at AI_forecasting\results\ml\forecasts\ward_42_pm25_forecast.csv
2025-12-24 13:26:18,058 | INFO | Saved model at AI_forecasting\artifacts\ml\models\ward_ward_43_electricity_demand_lgb.joblib
2025-12-24 13:26:18,539 | INFO | Saved forecast at AI_forecasting\results\ml\forecasts\ward_43_electricity_demand_forecast.csv
2025-12-24 13:26:19,167 | INFO | Saved model at AI_forecasting\artifacts\ml\models\ward_ward_43_water_demand_lgb.joblib
2025-12-24 13:26:19,668 | INFO | Saved forecast at AI_forecasting\results\ml\forecasts\ward_43_water_demand_forecast.csv
2025-12-24 13:26:20,271 | INFO | Saved model at AI_forecasting\artifacts\ml\models\ward_ward_43_congestion_index_lgb.joblib
2025-12-24 13:26:20,766 | INFO | Saved forecast at AI_forecasting\results\ml\forecasts\ward_43_congestion_index_forecast.csv
2025-12-24 13:26:21,414 | INFO | Saved model at AI_forecasting\artifacts\ml\models\ward_ward_43_pm25_lgb.joblib
2025-12-24 13:26:21,865 | INFO | Saved forecast at AI_forecasting\results\ml\forecasts\ward_43_pm25_forecast.csv
2025-12-24 13:26:22,519 | INFO | Saved model at AI_forecasting\artifacts\ml\models\ward_ward_44_electricity_demand_lgb.joblib
2025-12-24 13:26:23,000 | INFO | Saved forecast at AI_forecasting\results\ml\forecasts\ward_44_electricity_demand_forecast.csv
2025-12-24 13:26:23,630 | INFO | Saved model at AI_forecasting\artifacts\ml\models\ward_ward_44_water_demand_lgb.joblib
2025-12-24 13:26:24,178 | INFO | Saved forecast at AI_forecasting\results\ml\forecasts\ward_44_water_demand_forecast.csv
2025-12-24 13:26:24,807 | INFO | Saved model at AI_forecasting\artifacts\ml\models\ward_ward_44_congestion_index_lgb.joblib
2025-12-24 13:26:25,306 | INFO | Saved forecast at AI_forecasting\results\ml\forecasts\ward_44_congestion_index_forecast.csv
2025-12-24 13:26:25,936 | INFO | Saved model at AI_forecasting\artifacts\ml\models\ward_ward_44_pm25_lgb.joblib
2025-12-24 13:26:26,389 | INFO | Saved forecast at AI_forecasting\results\ml\forecasts\ward_44_pm25_forecast.csv
2025-12-24 13:26:26,992 | INFO | Saved model at AI_forecasting\artifacts\ml\models\ward_ward_45_electricity_demand_lgb.joblib
2025-12-24 13:26:27,413 | INFO | Saved forecast at AI_forecasting\results\ml\forecasts\ward_45_electricity_demand_forecast.csv
2025-12-24 13:26:28,045 | INFO | Saved model at AI_forecasting\artifacts\ml\models\ward_ward_45_water_demand_lgb.joblib
2025-12-24 13:26:28,713 | INFO | Saved forecast at AI_forecasting\results\ml\forecasts\ward_45_water_demand_forecast.csv
2025-12-24 13:26:29,347 | INFO | Saved model at AI_forecasting\artifacts\ml\models\ward_ward_45_congestion_index_lgb.joblib
2025-12-24 13:26:29,834 | INFO | Saved forecast at AI_forecasting\results\ml\forecasts\ward_45_congestion_index_forecast.csv
2025-12-24 13:26:30,423 | INFO | Saved model at AI_forecasting\artifacts\ml\models\ward_ward_45_pm25_lgb.joblib
2025-12-24 13:26:30,888 | INFO | Saved forecast at AI_forecasting\results\ml\forecasts\ward_45_pm25_forecast.csv
2025-12-24 13:26:31,508 | INFO | Saved model at AI_forecasting\artifacts\ml\models\ward_ward_46_electricity_demand_lgb.joblib
2025-12-24 13:26:32,062 | INFO | Saved forecast at AI_forecasting\results\ml\forecasts\ward_46_electricity_demand_forecast.csv
2025-12-24 13:26:32,705 | INFO | Saved model at AI_forecasting\artifacts\ml\models\ward_ward_46_water_demand_lgb.joblib
2025-12-24 13:26:33,261 | INFO | Saved forecast at AI_forecasting\results\ml\forecasts\ward_46_water_demand_forecast.csv
2025-12-24 13:26:33,889 | INFO | Saved model at AI_forecasting\artifacts\ml\models\ward_ward_46_congestion_index_lgb.joblib
2025-12-24 13:26:34,326 | INFO | Saved forecast at AI_forecasting\results\ml\forecasts\ward_46_congestion_index_forecast.csv
2025-12-24 13:26:34,933 | INFO | Saved model at AI_forecasting\artifacts\ml\models\ward_ward_46_pm25_lgb.joblib
2025-12-24 13:26:35,377 | INFO | Saved forecast at AI_forecasting\results\ml\forecasts\ward_46_pm25_forecast.csv
2025-12-24 13:26:35,971 | INFO | Saved model at AI_forecasting\artifacts\ml\models\ward_ward_47_electricity_demand_lgb.joblib
2025-12-24 13:26:36,406 | INFO | Saved forecast at AI_forecasting\results\ml\forecasts\ward_47_electricity_demand_forecast.csv
2025-12-24 13:26:37,011 | INFO | Saved model at AI_forecasting\artifacts\ml\models\ward_ward_47_water_demand_lgb.joblib
2025-12-24 13:26:37,427 | INFO | Saved forecast at AI_forecasting\results\ml\forecasts\ward_47_water_demand_forecast.csv
2025-12-24 13:26:38,036 | INFO | Saved model at AI_forecasting\artifacts\ml\models\ward_ward_47_congestion_index_lgb.joblib
2025-12-24 13:26:38,482 | INFO | Saved forecast at AI_forecasting\results\ml\forecasts\ward_47_congestion_index_forecast.csv
2025-12-24 13:26:39,079 | INFO | Saved model at AI_forecasting\artifacts\ml\models\ward_ward_47_pm25_lgb.joblib
2025-12-24 13:26:39,498 | INFO | Saved forecast at AI_forecasting\results\ml\forecasts\ward_47_pm25_forecast.csv
2025-12-24 13:26:40,101 | INFO | Saved model at AI_forecasting\artifacts\ml\models\ward_ward_48_electricity_demand_lgb.joblib
2025-12-24 13:26:40,558 | INFO | Saved forecast at AI_forecasting\results\ml\forecasts\ward_48_electricity_demand_forecast.csv
2025-12-24 13:26:41,170 | INFO | Saved model at AI_forecasting\artifacts\ml\models\ward_ward_48_water_demand_lgb.joblib
2025-12-24 13:26:41,669 | INFO | Saved forecast at AI_forecasting\results\ml\forecasts\ward_48_water_demand_forecast.csv
2025-12-24 13:26:42,264 | INFO | Saved model at AI_forecasting\artifacts\ml\models\ward_ward_48_congestion_index_lgb.joblib
2025-12-24 13:26:42,691 | INFO | Saved forecast at AI_forecasting\results\ml\forecasts\ward_48_congestion_index_forecast.csv
2025-12-24 13:26:43,321 | INFO | Saved model at AI_forecasting\artifacts\ml\models\ward_ward_48_pm25_lgb.joblib
2025-12-24 13:26:43,814 | INFO | Saved forecast at AI_forecasting\results\ml\forecasts\ward_48_pm25_forecast.csv
2025-12-24 13:26:44,420 | INFO | Saved model at AI_forecasting\artifacts\ml\models\ward_ward_49_electricity_demand_lgb.joblib
2025-12-24 13:26:44,836 | INFO | Saved forecast at AI_forecasting\results\ml\forecasts\ward_49_electricity_demand_forecast.csv
2025-12-24 13:26:45,422 | INFO | Saved model at AI_forecasting\artifacts\ml\models\ward_ward_49_water_demand_lgb.joblib
2025-12-24 13:26:45,851 | INFO | Saved forecast at AI_forecasting\results\ml\forecasts\ward_49_water_demand_forecast.csv
2025-12-24 13:26:46,457 | INFO | Saved model at AI_forecasting\artifacts\ml\models\ward_ward_49_congestion_index_lgb.joblib
2025-12-24 13:26:46,879 | INFO | Saved forecast at AI_forecasting\results\ml\forecasts\ward_49_congestion_index_forecast.csv
2025-12-24 13:26:47,473 | INFO | Saved model at AI_forecasting\artifacts\ml\models\ward_ward_49_pm25_lgb.joblib
2025-12-24 13:26:47,965 | INFO | Saved forecast at AI_forecasting\results\ml\forecasts\ward_49_pm25_forecast.csv
2025-12-24 13:26:48,590 | INFO | Saved model at AI_forecasting\artifacts\ml\models\ward_ward_5_electricity_demand_lgb.joblib
2025-12-24 13:26:49,067 | INFO | Saved forecast at AI_forecasting\results\ml\forecasts\ward_5_electricity_demand_forecast.csv
2025-12-24 13:26:49,658 | INFO | Saved model at AI_forecasting\artifacts\ml\models\ward_ward_5_water_demand_lgb.joblib
2025-12-24 13:26:50,101 | INFO | Saved forecast at AI_forecasting\results\ml\forecasts\ward_5_water_demand_forecast.csv
2025-12-24 13:26:50,708 | INFO | Saved model at AI_forecasting\artifacts\ml\models\ward_ward_5_congestion_index_lgb.joblib
2025-12-24 13:26:51,131 | INFO | Saved forecast at AI_forecasting\results\ml\forecasts\ward_5_congestion_index_forecast.csv
2025-12-24 13:26:51,713 | INFO | Saved model at AI_forecasting\artifacts\ml\models\ward_ward_5_pm25_lgb.joblib
2025-12-24 13:26:52,153 | INFO | Saved forecast at AI_forecasting\results\ml\forecasts\ward_5_pm25_forecast.csv
2025-12-24 13:26:52,766 | INFO | Saved model at AI_forecasting\artifacts\ml\models\ward_ward_50_electricity_demand_lgb.joblib
2025-12-24 13:26:53,214 | INFO | Saved forecast at AI_forecasting\results\ml\forecasts\ward_50_electricity_demand_forecast.csv
2025-12-24 13:26:53,830 | INFO | Saved model at AI_forecasting\artifacts\ml\models\ward_ward_50_water_demand_lgb.joblib
2025-12-24 13:26:54,285 | INFO | Saved forecast at AI_forecasting\results\ml\forecasts\ward_50_water_demand_forecast.csv
2025-12-24 13:26:54,945 | INFO | Saved model at AI_forecasting\artifacts\ml\models\ward_ward_50_congestion_index_lgb.joblib
2025-12-24 13:26:55,377 | INFO | Saved forecast at AI_forecasting\results\ml\forecasts\ward_50_congestion_index_forecast.csv
2025-12-24 13:26:55,984 | INFO | Saved model at AI_forecasting\artifacts\ml\models\ward_ward_50_pm25_lgb.joblib
2025-12-24 13:26:56,473 | INFO | Saved forecast at AI_forecasting\results\ml\forecasts\ward_50_pm25_forecast.csv
2025-12-24 13:26:57,080 | INFO | Saved model at AI_forecasting\artifacts\ml\models\ward_ward_51_electricity_demand_lgb.joblib
2025-12-24 13:26:57,501 | INFO | Saved forecast at AI_forecasting\results\ml\forecasts\ward_51_electricity_demand_forecast.csv
2025-12-24 13:26:58,106 | INFO | Saved model at AI_forecasting\artifacts\ml\models\ward_ward_51_water_demand_lgb.joblib
2025-12-24 13:26:58,596 | INFO | Saved forecast at AI_forecasting\results\ml\forecasts\ward_51_water_demand_forecast.csv
2025-12-24 13:26:59,252 | INFO | Saved model at AI_forecasting\artifacts\ml\models\ward_ward_51_congestion_index_lgb.joblib
2025-12-24 13:26:59,909 | INFO | Saved forecast at AI_forecasting\results\ml\forecasts\ward_51_congestion_index_forecast.csv
2025-12-24 13:27:00,542 | INFO | Saved model at AI_forecasting\artifacts\ml\models\ward_ward_51_pm25_lgb.joblib
2025-12-24 13:27:01,032 | INFO | Saved forecast at AI_forecasting\results\ml\forecasts\ward_51_pm25_forecast.csv
2025-12-24 13:27:01,653 | INFO | Saved model at AI_forecasting\artifacts\ml\models\ward_ward_52_electricity_demand_lgb.joblib
2025-12-24 13:27:02,193 | INFO | Saved forecast at AI_forecasting\results\ml\forecasts\ward_52_electricity_demand_forecast.csv
2025-12-24 13:27:02,867 | INFO | Saved model at AI_forecasting\artifacts\ml\models\ward_ward_52_water_demand_lgb.joblib
2025-12-24 13:27:03,462 | INFO | Saved forecast at AI_forecasting\results\ml\forecasts\ward_52_water_demand_forecast.csv
2025-12-24 13:27:04,162 | INFO | Saved model at AI_forecasting\artifacts\ml\models\ward_ward_52_congestion_index_lgb.joblib
2025-12-24 13:27:04,730 | INFO | Saved forecast at AI_forecasting\results\ml\forecasts\ward_52_congestion_index_forecast.csv
2025-12-24 13:27:05,325 | INFO | Saved model at AI_forecasting\artifacts\ml\models\ward_ward_52_pm25_lgb.joblib
2025-12-24 13:27:05,866 | INFO | Saved forecast at AI_forecasting\results\ml\forecasts\ward_52_pm25_forecast.csv
2025-12-24 13:27:06,515 | INFO | Saved model at AI_forecasting\artifacts\ml\models\ward_ward_53_electricity_demand_lgb.joblib
2025-12-24 13:27:07,040 | INFO | Saved forecast at AI_forecasting\results\ml\forecasts\ward_53_electricity_demand_forecast.csv
2025-12-24 13:27:07,731 | INFO | Saved model at AI_forecasting\artifacts\ml\models\ward_ward_53_water_demand_lgb.joblib
2025-12-24 13:27:08,281 | INFO | Saved forecast at AI_forecasting\results\ml\forecasts\ward_53_water_demand_forecast.csv
2025-12-24 13:27:08,933 | INFO | Saved model at AI_forecasting\artifacts\ml\models\ward_ward_53_congestion_index_lgb.joblib
2025-12-24 13:27:09,395 | INFO | Saved forecast at AI_forecasting\results\ml\forecasts\ward_53_congestion_index_forecast.csv
2025-12-24 13:27:10,039 | INFO | Saved model at AI_forecasting\artifacts\ml\models\ward_ward_53_pm25_lgb.joblib
2025-12-24 13:27:10,543 | INFO | Saved forecast at AI_forecasting\results\ml\forecasts\ward_53_pm25_forecast.csv
2025-12-24 13:27:11,149 | INFO | Saved model at AI_forecasting\artifacts\ml\models\ward_ward_54_electricity_demand_lgb.joblib
2025-12-24 13:27:11,604 | INFO | Saved forecast at AI_forecasting\results\ml\forecasts\ward_54_electricity_demand_forecast.csv
2025-12-24 13:27:12,246 | INFO | Saved model at AI_forecasting\artifacts\ml\models\ward_ward_54_water_demand_lgb.joblib
2025-12-24 13:27:12,706 | INFO | Saved forecast at AI_forecasting\results\ml\forecasts\ward_54_water_demand_forecast.csv
2025-12-24 13:27:13,326 | INFO | Saved model at AI_forecasting\artifacts\ml\models\ward_ward_54_congestion_index_lgb.joblib
2025-12-24 13:27:13,791 | INFO | Saved forecast at AI_forecasting\results\ml\forecasts\ward_54_congestion_index_forecast.csv
2025-12-24 13:27:14,403 | INFO | Saved model at AI_forecasting\artifacts\ml\models\ward_ward_54_pm25_lgb.joblib
2025-12-24 13:27:14,878 | INFO | Saved forecast at AI_forecasting\results\ml\forecasts\ward_54_pm25_forecast.csv
2025-12-24 13:27:15,508 | INFO | Saved model at AI_forecasting\artifacts\ml\models\ward_ward_55_electricity_demand_lgb.joblib
2025-12-24 13:27:16,019 | INFO | Saved forecast at AI_forecasting\results\ml\forecasts\ward_55_electricity_demand_forecast.csv
2025-12-24 13:27:16,638 | INFO | Saved model at AI_forecasting\artifacts\ml\models\ward_ward_55_water_demand_lgb.joblib
2025-12-24 13:27:17,070 | INFO | Saved forecast at AI_forecasting\results\ml\forecasts\ward_55_water_demand_forecast.csv
2025-12-24 13:27:17,644 | INFO | Saved model at AI_forecasting\artifacts\ml\models\ward_ward_55_congestion_index_lgb.joblib
2025-12-24 13:27:18,130 | INFO | Saved forecast at AI_forecasting\results\ml\forecasts\ward_55_congestion_index_forecast.csv
2025-12-24 13:27:18,740 | INFO | Saved model at AI_forecasting\artifacts\ml\models\ward_ward_55_pm25_lgb.joblib
2025-12-24 13:27:19,290 | INFO | Saved forecast at AI_forecasting\results\ml\forecasts\ward_55_pm25_forecast.csv
2025-12-24 13:27:19,901 | INFO | Saved model at AI_forecasting\artifacts\ml\models\ward_ward_56_electricity_demand_lgb.joblib
2025-12-24 13:27:20,351 | INFO | Saved forecast at AI_forecasting\results\ml\forecasts\ward_56_electricity_demand_forecast.csv
2025-12-24 13:27:21,001 | INFO | Saved model at AI_forecasting\artifacts\ml\models\ward_ward_56_water_demand_lgb.joblib
2025-12-24 13:27:21,508 | INFO | Saved forecast at AI_forecasting\results\ml\forecasts\ward_56_water_demand_forecast.csv
2025-12-24 13:27:22,161 | INFO | Saved model at AI_forecasting\artifacts\ml\models\ward_ward_56_congestion_index_lgb.joblib
2025-12-24 13:27:22,597 | INFO | Saved forecast at AI_forecasting\results\ml\forecasts\ward_56_congestion_index_forecast.csv
2025-12-24 13:27:23,221 | INFO | Saved model at AI_forecasting\artifacts\ml\models\ward_ward_56_pm25_lgb.joblib
2025-12-24 13:27:23,661 | INFO | Saved forecast at AI_forecasting\results\ml\forecasts\ward_56_pm25_forecast.csv
2025-12-24 13:27:24,353 | INFO | Saved model at AI_forecasting\artifacts\ml\models\ward_ward_57_electricity_demand_lgb.joblib
2025-12-24 13:27:24,783 | INFO | Saved forecast at AI_forecasting\results\ml\forecasts\ward_57_electricity_demand_forecast.csv
2025-12-24 13:27:25,427 | INFO | Saved model at AI_forecasting\artifacts\ml\models\ward_ward_57_water_demand_lgb.joblib
2025-12-24 13:27:25,904 | INFO | Saved forecast at AI_forecasting\results\ml\forecasts\ward_57_water_demand_forecast.csv
2025-12-24 13:27:26,518 | INFO | Saved model at AI_forecasting\artifacts\ml\models\ward_ward_57_congestion_index_lgb.joblib
2025-12-24 13:27:27,021 | INFO | Saved forecast at AI_forecasting\results\ml\forecasts\ward_57_congestion_index_forecast.csv
2025-12-24 13:27:27,632 | INFO | Saved model at AI_forecasting\artifacts\ml\models\ward_ward_57_pm25_lgb.joblib
2025-12-24 13:27:28,130 | INFO | Saved forecast at AI_forecasting\results\ml\forecasts\ward_57_pm25_forecast.csv
2025-12-24 13:27:28,754 | INFO | Saved model at AI_forecasting\artifacts\ml\models\ward_ward_58_electricity_demand_lgb.joblib
2025-12-24 13:27:29,258 | INFO | Saved forecast at AI_forecasting\results\ml\forecasts\ward_58_electricity_demand_forecast.csv
2025-12-24 13:27:29,873 | INFO | Saved model at AI_forecasting\artifacts\ml\models\ward_ward_58_water_demand_lgb.joblib
2025-12-24 13:27:30,387 | INFO | Saved forecast at AI_forecasting\results\ml\forecasts\ward_58_water_demand_forecast.csv
2025-12-24 13:27:31,023 | INFO | Saved model at AI_forecasting\artifacts\ml\models\ward_ward_58_congestion_index_lgb.joblib
2025-12-24 13:27:31,483 | INFO | Saved forecast at AI_forecasting\results\ml\forecasts\ward_58_congestion_index_forecast.csv
2025-12-24 13:27:32,086 | INFO | Saved model at AI_forecasting\artifacts\ml\models\ward_ward_58_pm25_lgb.joblib
2025-12-24 13:27:32,581 | INFO | Saved forecast at AI_forecasting\results\ml\forecasts\ward_58_pm25_forecast.csv
2025-12-24 13:27:33,216 | INFO | Saved model at AI_forecasting\artifacts\ml\models\ward_ward_59_electricity_demand_lgb.joblib
2025-12-24 13:27:33,688 | INFO | Saved forecast at AI_forecasting\results\ml\forecasts\ward_59_electricity_demand_forecast.csv
2025-12-24 13:27:34,326 | INFO | Saved model at AI_forecasting\artifacts\ml\models\ward_ward_59_water_demand_lgb.joblib
2025-12-24 13:27:34,806 | INFO | Saved forecast at AI_forecasting\results\ml\forecasts\ward_59_water_demand_forecast.csv
2025-12-24 13:27:35,405 | INFO | Saved model at AI_forecasting\artifacts\ml\models\ward_ward_59_congestion_index_lgb.joblib
2025-12-24 13:27:35,900 | INFO | Saved forecast at AI_forecasting\results\ml\forecasts\ward_59_congestion_index_forecast.csv
2025-12-24 13:27:36,495 | INFO | Saved model at AI_forecasting\artifacts\ml\models\ward_ward_59_pm25_lgb.joblib
2025-12-24 13:27:36,998 | INFO | Saved forecast at AI_forecasting\results\ml\forecasts\ward_59_pm25_forecast.csv
2025-12-24 13:27:37,646 | INFO | Saved model at AI_forecasting\artifacts\ml\models\ward_ward_6_electricity_demand_lgb.joblib
2025-12-24 13:27:38,143 | INFO | Saved forecast at AI_forecasting\results\ml\forecasts\ward_6_electricity_demand_forecast.csv
2025-12-24 13:27:38,785 | INFO | Saved model at AI_forecasting\artifacts\ml\models\ward_ward_6_water_demand_lgb.joblib
2025-12-24 13:27:39,265 | INFO | Saved forecast at AI_forecasting\results\ml\forecasts\ward_6_water_demand_forecast.csv
2025-12-24 13:27:39,924 | INFO | Saved model at AI_forecasting\artifacts\ml\models\ward_ward_6_congestion_index_lgb.joblib
2025-12-24 13:27:40,446 | INFO | Saved forecast at AI_forecasting\results\ml\forecasts\ward_6_congestion_index_forecast.csv
2025-12-24 13:27:41,078 | INFO | Saved model at AI_forecasting\artifacts\ml\models\ward_ward_6_pm25_lgb.joblib
2025-12-24 13:27:41,541 | INFO | Saved forecast at AI_forecasting\results\ml\forecasts\ward_6_pm25_forecast.csv
2025-12-24 13:27:42,218 | INFO | Saved model at AI_forecasting\artifacts\ml\models\ward_ward_60_electricity_demand_lgb.joblib
2025-12-24 13:27:42,721 | INFO | Saved forecast at AI_forecasting\results\ml\forecasts\ward_60_electricity_demand_forecast.csv
2025-12-24 13:27:43,356 | INFO | Saved model at AI_forecasting\artifacts\ml\models\ward_ward_60_water_demand_lgb.joblib
2025-12-24 13:27:43,809 | INFO | Saved forecast at AI_forecasting\results\ml\forecasts\ward_60_water_demand_forecast.csv
2025-12-24 13:27:44,464 | INFO | Saved model at AI_forecasting\artifacts\ml\models\ward_ward_60_congestion_index_lgb.joblib
2025-12-24 13:27:44,958 | INFO | Saved forecast at AI_forecasting\results\ml\forecasts\ward_60_congestion_index_forecast.csv
2025-12-24 13:27:45,591 | INFO | Saved model at AI_forecasting\artifacts\ml\models\ward_ward_60_pm25_lgb.joblib
2025-12-24 13:27:46,058 | INFO | Saved forecast at AI_forecasting\results\ml\forecasts\ward_60_pm25_forecast.csv
2025-12-24 13:27:46,684 | INFO | Saved model at AI_forecasting\artifacts\ml\models\ward_ward_61_electricity_demand_lgb.joblib
2025-12-24 13:27:47,164 | INFO | Saved forecast at AI_forecasting\results\ml\forecasts\ward_61_electricity_demand_forecast.csv
2025-12-24 13:27:47,752 | INFO | Saved model at AI_forecasting\artifacts\ml\models\ward_ward_61_water_demand_lgb.joblib
2025-12-24 13:27:48,250 | INFO | Saved forecast at AI_forecasting\results\ml\forecasts\ward_61_water_demand_forecast.csv
2025-12-24 13:27:48,871 | INFO | Saved model at AI_forecasting\artifacts\ml\models\ward_ward_61_congestion_index_lgb.joblib
2025-12-24 13:27:49,369 | INFO | Saved forecast at AI_forecasting\results\ml\forecasts\ward_61_congestion_index_forecast.csv
2025-12-24 13:27:50,060 | INFO | Saved model at AI_forecasting\artifacts\ml\models\ward_ward_61_pm25_lgb.joblib
2025-12-24 13:27:50,535 | INFO | Saved forecast at AI_forecasting\results\ml\forecasts\ward_61_pm25_forecast.csv
2025-12-24 13:27:51,179 | INFO | Saved model at AI_forecasting\artifacts\ml\models\ward_ward_62_electricity_demand_lgb.joblib
2025-12-24 13:27:51,779 | INFO | Saved forecast at AI_forecasting\results\ml\forecasts\ward_62_electricity_demand_forecast.csv
2025-12-24 13:27:52,484 | INFO | Saved model at AI_forecasting\artifacts\ml\models\ward_ward_62_water_demand_lgb.joblib
2025-12-24 13:27:52,986 | INFO | Saved forecast at AI_forecasting\results\ml\forecasts\ward_62_water_demand_forecast.csv
2025-12-24 13:27:53,702 | INFO | Saved model at AI_forecasting\artifacts\ml\models\ward_ward_62_congestion_index_lgb.joblib
2025-12-24 13:27:54,238 | INFO | Saved forecast at AI_forecasting\results\ml\forecasts\ward_62_congestion_index_forecast.csv
2025-12-24 13:27:54,893 | INFO | Saved model at AI_forecasting\artifacts\ml\models\ward_ward_62_pm25_lgb.joblib
2025-12-24 13:27:55,384 | INFO | Saved forecast at AI_forecasting\results\ml\forecasts\ward_62_pm25_forecast.csv
2025-12-24 13:27:56,080 | INFO | Saved model at AI_forecasting\artifacts\ml\models\ward_ward_63_electricity_demand_lgb.joblib
2025-12-24 13:27:56,541 | INFO | Saved forecast at AI_forecasting\results\ml\forecasts\ward_63_electricity_demand_forecast.csv
2025-12-24 13:27:57,169 | INFO | Saved model at AI_forecasting\artifacts\ml\models\ward_ward_63_water_demand_lgb.joblib
2025-12-24 13:27:57,681 | INFO | Saved forecast at AI_forecasting\results\ml\forecasts\ward_63_water_demand_forecast.csv
2025-12-24 13:27:58,316 | INFO | Saved model at AI_forecasting\artifacts\ml\models\ward_ward_63_congestion_index_lgb.joblib
2025-12-24 13:27:58,953 | INFO | Saved forecast at AI_forecasting\results\ml\forecasts\ward_63_congestion_index_forecast.csv
2025-12-24 13:27:59,569 | INFO | Saved model at AI_forecasting\artifacts\ml\models\ward_ward_63_pm25_lgb.joblib
2025-12-24 13:28:00,063 | INFO | Saved forecast at AI_forecasting\results\ml\forecasts\ward_63_pm25_forecast.csv
2025-12-24 13:28:00,717 | INFO | Saved model at AI_forecasting\artifacts\ml\models\ward_ward_64_electricity_demand_lgb.joblib
2025-12-24 13:28:01,263 | INFO | Saved forecast at AI_forecasting\results\ml\forecasts\ward_64_electricity_demand_forecast.csv
2025-12-24 13:28:01,885 | INFO | Saved model at AI_forecasting\artifacts\ml\models\ward_ward_64_water_demand_lgb.joblib
2025-12-24 13:28:02,433 | INFO | Saved forecast at AI_forecasting\results\ml\forecasts\ward_64_water_demand_forecast.csv
2025-12-24 13:28:03,134 | INFO | Saved model at AI_forecasting\artifacts\ml\models\ward_ward_64_congestion_index_lgb.joblib
2025-12-24 13:28:03,649 | INFO | Saved forecast at AI_forecasting\results\ml\forecasts\ward_64_congestion_index_forecast.csv
2025-12-24 13:28:04,300 | INFO | Saved model at AI_forecasting\artifacts\ml\models\ward_ward_64_pm25_lgb.joblib
2025-12-24 13:28:04,814 | INFO | Saved forecast at AI_forecasting\results\ml\forecasts\ward_64_pm25_forecast.csv
2025-12-24 13:28:05,449 | INFO | Saved model at AI_forecasting\artifacts\ml\models\ward_ward_65_electricity_demand_lgb.joblib
2025-12-24 13:28:06,000 | INFO | Saved forecast at AI_forecasting\results\ml\forecasts\ward_65_electricity_demand_forecast.csv
2025-12-24 13:28:06,641 | INFO | Saved model at AI_forecasting\artifacts\ml\models\ward_ward_65_water_demand_lgb.joblib
2025-12-24 13:28:07,063 | INFO | Saved forecast at AI_forecasting\results\ml\forecasts\ward_65_water_demand_forecast.csv
2025-12-24 13:28:07,746 | INFO | Saved model at AI_forecasting\artifacts\ml\models\ward_ward_65_congestion_index_lgb.joblib
2025-12-24 13:28:08,199 | INFO | Saved forecast at AI_forecasting\results\ml\forecasts\ward_65_congestion_index_forecast.csv
2025-12-24 13:28:08,806 | INFO | Saved model at AI_forecasting\artifacts\ml\models\ward_ward_65_pm25_lgb.joblib
2025-12-24 13:28:09,320 | INFO | Saved forecast at AI_forecasting\results\ml\forecasts\ward_65_pm25_forecast.csv
2025-12-24 13:28:09,962 | INFO | Saved model at AI_forecasting\artifacts\ml\models\ward_ward_66_electricity_demand_lgb.joblib
2025-12-24 13:28:10,445 | INFO | Saved forecast at AI_forecasting\results\ml\forecasts\ward_66_electricity_demand_forecast.csv
2025-12-24 13:28:11,117 | INFO | Saved model at AI_forecasting\artifacts\ml\models\ward_ward_66_water_demand_lgb.joblib
2025-12-24 13:28:11,608 | INFO | Saved forecast at AI_forecasting\results\ml\forecasts\ward_66_water_demand_forecast.csv
2025-12-24 13:28:12,262 | INFO | Saved model at AI_forecasting\artifacts\ml\models\ward_ward_66_congestion_index_lgb.joblib
2025-12-24 13:28:12,779 | INFO | Saved forecast at AI_forecasting\results\ml\forecasts\ward_66_congestion_index_forecast.csv
2025-12-24 13:28:13,428 | INFO | Saved model at AI_forecasting\artifacts\ml\models\ward_ward_66_pm25_lgb.joblib
2025-12-24 13:28:13,895 | INFO | Saved forecast at AI_forecasting\results\ml\forecasts\ward_66_pm25_forecast.csv
2025-12-24 13:28:14,497 | INFO | Saved model at AI_forecasting\artifacts\ml\models\ward_ward_67_electricity_demand_lgb.joblib
2025-12-24 13:28:14,931 | INFO | Saved forecast at AI_forecasting\results\ml\forecasts\ward_67_electricity_demand_forecast.csv
2025-12-24 13:28:15,573 | INFO | Saved model at AI_forecasting\artifacts\ml\models\ward_ward_67_water_demand_lgb.joblib
2025-12-24 13:28:16,045 | INFO | Saved forecast at AI_forecasting\results\ml\forecasts\ward_67_water_demand_forecast.csv
2025-12-24 13:28:16,659 | INFO | Saved model at AI_forecasting\artifacts\ml\models\ward_ward_67_congestion_index_lgb.joblib
2025-12-24 13:28:17,134 | INFO | Saved forecast at AI_forecasting\results\ml\forecasts\ward_67_congestion_index_forecast.csv
2025-12-24 13:28:17,792 | INFO | Saved model at AI_forecasting\artifacts\ml\models\ward_ward_67_pm25_lgb.joblib
2025-12-24 13:28:18,304 | INFO | Saved forecast at AI_forecasting\results\ml\forecasts\ward_67_pm25_forecast.csv
2025-12-24 13:28:18,939 | INFO | Saved model at AI_forecasting\artifacts\ml\models\ward_ward_68_electricity_demand_lgb.joblib
2025-12-24 13:28:19,509 | INFO | Saved forecast at AI_forecasting\results\ml\forecasts\ward_68_electricity_demand_forecast.csv
2025-12-24 13:28:20,175 | INFO | Saved model at AI_forecasting\artifacts\ml\models\ward_ward_68_water_demand_lgb.joblib
2025-12-24 13:28:20,768 | INFO | Saved forecast at AI_forecasting\results\ml\forecasts\ward_68_water_demand_forecast.csv
2025-12-24 13:28:21,450 | INFO | Saved model at AI_forecasting\artifacts\ml\models\ward_ward_68_congestion_index_lgb.joblib
2025-12-24 13:28:21,960 | INFO | Saved forecast at AI_forecasting\results\ml\forecasts\ward_68_congestion_index_forecast.csv
2025-12-24 13:28:22,598 | INFO | Saved model at AI_forecasting\artifacts\ml\models\ward_ward_68_pm25_lgb.joblib
2025-12-24 13:28:23,064 | INFO | Saved forecast at AI_forecasting\results\ml\forecasts\ward_68_pm25_forecast.csv
2025-12-24 13:28:23,751 | INFO | Saved model at AI_forecasting\artifacts\ml\models\ward_ward_69_electricity_demand_lgb.joblib
2025-12-24 13:28:24,207 | INFO | Saved forecast at AI_forecasting\results\ml\forecasts\ward_69_electricity_demand_forecast.csv
2025-12-24 13:28:24,838 | INFO | Saved model at AI_forecasting\artifacts\ml\models\ward_ward_69_water_demand_lgb.joblib
2025-12-24 13:28:25,312 | INFO | Saved forecast at AI_forecasting\results\ml\forecasts\ward_69_water_demand_forecast.csv
2025-12-24 13:28:25,970 | INFO | Saved model at AI_forecasting\artifacts\ml\models\ward_ward_69_congestion_index_lgb.joblib
2025-12-24 13:28:26,417 | INFO | Saved forecast at AI_forecasting\results\ml\forecasts\ward_69_congestion_index_forecast.csv
2025-12-24 13:28:27,046 | INFO | Saved model at AI_forecasting\artifacts\ml\models\ward_ward_69_pm25_lgb.joblib
2025-12-24 13:28:27,552 | INFO | Saved forecast at AI_forecasting\results\ml\forecasts\ward_69_pm25_forecast.csv
2025-12-24 13:28:28,176 | INFO | Saved model at AI_forecasting\artifacts\ml\models\ward_ward_7_electricity_demand_lgb.joblib
2025-12-24 13:28:28,677 | INFO | Saved forecast at AI_forecasting\results\ml\forecasts\ward_7_electricity_demand_forecast.csv
2025-12-24 13:28:29,295 | INFO | Saved model at AI_forecasting\artifacts\ml\models\ward_ward_7_water_demand_lgb.joblib
2025-12-24 13:28:29,755 | INFO | Saved forecast at AI_forecasting\results\ml\forecasts\ward_7_water_demand_forecast.csv
2025-12-24 13:28:30,389 | INFO | Saved model at AI_forecasting\artifacts\ml\models\ward_ward_7_congestion_index_lgb.joblib
2025-12-24 13:28:30,925 | INFO | Saved forecast at AI_forecasting\results\ml\forecasts\ward_7_congestion_index_forecast.csv
2025-12-24 13:28:31,561 | INFO | Saved model at AI_forecasting\artifacts\ml\models\ward_ward_7_pm25_lgb.joblib
2025-12-24 13:28:32,060 | INFO | Saved forecast at AI_forecasting\results\ml\forecasts\ward_7_pm25_forecast.csv
2025-12-24 13:28:32,710 | INFO | Saved model at AI_forecasting\artifacts\ml\models\ward_ward_70_electricity_demand_lgb.joblib
2025-12-24 13:28:33,173 | INFO | Saved forecast at AI_forecasting\results\ml\forecasts\ward_70_electricity_demand_forecast.csv
2025-12-24 13:28:33,822 | INFO | Saved model at AI_forecasting\artifacts\ml\models\ward_ward_70_water_demand_lgb.joblib
2025-12-24 13:28:34,264 | INFO | Saved forecast at AI_forecasting\results\ml\forecasts\ward_70_water_demand_forecast.csv
2025-12-24 13:28:34,900 | INFO | Saved model at AI_forecasting\artifacts\ml\models\ward_ward_70_congestion_index_lgb.joblib
2025-12-24 13:28:35,355 | INFO | Saved forecast at AI_forecasting\results\ml\forecasts\ward_70_congestion_index_forecast.csv
2025-12-24 13:28:36,030 | INFO | Saved model at AI_forecasting\artifacts\ml\models\ward_ward_70_pm25_lgb.joblib
2025-12-24 13:28:36,483 | INFO | Saved forecast at AI_forecasting\results\ml\forecasts\ward_70_pm25_forecast.csv
2025-12-24 13:28:37,126 | INFO | Saved model at AI_forecasting\artifacts\ml\models\ward_ward_71_electricity_demand_lgb.joblib
2025-12-24 13:28:37,600 | INFO | Saved forecast at AI_forecasting\results\ml\forecasts\ward_71_electricity_demand_forecast.csv
2025-12-24 13:28:38,268 | INFO | Saved model at AI_forecasting\artifacts\ml\models\ward_ward_71_water_demand_lgb.joblib
2025-12-24 13:28:38,737 | INFO | Saved forecast at AI_forecasting\results\ml\forecasts\ward_71_water_demand_forecast.csv
2025-12-24 13:28:39,378 | INFO | Saved model at AI_forecasting\artifacts\ml\models\ward_ward_71_congestion_index_lgb.joblib
2025-12-24 13:28:39,901 | INFO | Saved forecast at AI_forecasting\results\ml\forecasts\ward_71_congestion_index_forecast.csv
2025-12-24 13:28:40,566 | INFO | Saved model at AI_forecasting\artifacts\ml\models\ward_ward_71_pm25_lgb.joblib
2025-12-24 13:28:41,009 | INFO | Saved forecast at AI_forecasting\results\ml\forecasts\ward_71_pm25_forecast.csv
2025-12-24 13:28:41,666 | INFO | Saved model at AI_forecasting\artifacts\ml\models\ward_ward_72_electricity_demand_lgb.joblib
2025-12-24 13:28:42,204 | INFO | Saved forecast at AI_forecasting\results\ml\forecasts\ward_72_electricity_demand_forecast.csv
2025-12-24 13:28:42,885 | INFO | Saved model at AI_forecasting\artifacts\ml\models\ward_ward_72_water_demand_lgb.joblib
2025-12-24 13:28:43,424 | INFO | Saved forecast at AI_forecasting\results\ml\forecasts\ward_72_water_demand_forecast.csv
2025-12-24 13:28:44,091 | INFO | Saved model at AI_forecasting\artifacts\ml\models\ward_ward_72_congestion_index_lgb.joblib
2025-12-24 13:28:44,576 | INFO | Saved forecast at AI_forecasting\results\ml\forecasts\ward_72_congestion_index_forecast.csv
2025-12-24 13:28:45,211 | INFO | Saved model at AI_forecasting\artifacts\ml\models\ward_ward_72_pm25_lgb.joblib
2025-12-24 13:28:45,658 | INFO | Saved forecast at AI_forecasting\results\ml\forecasts\ward_72_pm25_forecast.csv
2025-12-24 13:28:46,297 | INFO | Saved model at AI_forecasting\artifacts\ml\models\ward_ward_73_electricity_demand_lgb.joblib
2025-12-24 13:28:46,770 | INFO | Saved forecast at AI_forecasting\results\ml\forecasts\ward_73_electricity_demand_forecast.csv
2025-12-24 13:28:47,385 | INFO | Saved model at AI_forecasting\artifacts\ml\models\ward_ward_73_water_demand_lgb.joblib
2025-12-24 13:28:47,887 | INFO | Saved forecast at AI_forecasting\results\ml\forecasts\ward_73_water_demand_forecast.csv
2025-12-24 13:28:48,578 | INFO | Saved model at AI_forecasting\artifacts\ml\models\ward_ward_73_congestion_index_lgb.joblib
2025-12-24 13:28:49,090 | INFO | Saved forecast at AI_forecasting\results\ml\forecasts\ward_73_congestion_index_forecast.csv
2025-12-24 13:28:49,728 | INFO | Saved model at AI_forecasting\artifacts\ml\models\ward_ward_73_pm25_lgb.joblib
2025-12-24 13:28:50,202 | INFO | Saved forecast at AI_forecasting\results\ml\forecasts\ward_73_pm25_forecast.csv
2025-12-24 13:28:50,842 | INFO | Saved model at AI_forecasting\artifacts\ml\models\ward_ward_74_electricity_demand_lgb.joblib
2025-12-24 13:28:51,340 | INFO | Saved forecast at AI_forecasting\results\ml\forecasts\ward_74_electricity_demand_forecast.csv
2025-12-24 13:28:52,006 | INFO | Saved model at AI_forecasting\artifacts\ml\models\ward_ward_74_water_demand_lgb.joblib
2025-12-24 13:28:52,490 | INFO | Saved forecast at AI_forecasting\results\ml\forecasts\ward_74_water_demand_forecast.csv
2025-12-24 13:28:53,133 | INFO | Saved model at AI_forecasting\artifacts\ml\models\ward_ward_74_congestion_index_lgb.joblib
2025-12-24 13:28:53,640 | INFO | Saved forecast at AI_forecasting\results\ml\forecasts\ward_74_congestion_index_forecast.csv
2025-12-24 13:28:54,254 | INFO | Saved model at AI_forecasting\artifacts\ml\models\ward_ward_74_pm25_lgb.joblib
2025-12-24 13:28:54,714 | INFO | Saved forecast at AI_forecasting\results\ml\forecasts\ward_74_pm25_forecast.csv
2025-12-24 13:28:55,370 | INFO | Saved model at AI_forecasting\artifacts\ml\models\ward_ward_75_electricity_demand_lgb.joblib
2025-12-24 13:28:55,851 | INFO | Saved forecast at AI_forecasting\results\ml\forecasts\ward_75_electricity_demand_forecast.csv
2025-12-24 13:28:56,536 | INFO | Saved model at AI_forecasting\artifacts\ml\models\ward_ward_75_water_demand_lgb.joblib
2025-12-24 13:28:57,004 | INFO | Saved forecast at AI_forecasting\results\ml\forecasts\ward_75_water_demand_forecast.csv
2025-12-24 13:28:57,663 | INFO | Saved model at AI_forecasting\artifacts\ml\models\ward_ward_75_congestion_index_lgb.joblib
2025-12-24 13:28:58,127 | INFO | Saved forecast at AI_forecasting\results\ml\forecasts\ward_75_congestion_index_forecast.csv
2025-12-24 13:28:58,767 | INFO | Saved model at AI_forecasting\artifacts\ml\models\ward_ward_75_pm25_lgb.joblib
2025-12-24 13:28:59,236 | INFO | Saved forecast at AI_forecasting\results\ml\forecasts\ward_75_pm25_forecast.csv
2025-12-24 13:28:59,898 | INFO | Saved model at AI_forecasting\artifacts\ml\models\ward_ward_76_electricity_demand_lgb.joblib
2025-12-24 13:29:00,428 | INFO | Saved forecast at AI_forecasting\results\ml\forecasts\ward_76_electricity_demand_forecast.csv
2025-12-24 13:29:01,109 | INFO | Saved model at AI_forecasting\artifacts\ml\models\ward_ward_76_water_demand_lgb.joblib
2025-12-24 13:29:01,592 | INFO | Saved forecast at AI_forecasting\results\ml\forecasts\ward_76_water_demand_forecast.csv
2025-12-24 13:29:02,246 | INFO | Saved model at AI_forecasting\artifacts\ml\models\ward_ward_76_congestion_index_lgb.joblib
2025-12-24 13:29:02,756 | INFO | Saved forecast at AI_forecasting\results\ml\forecasts\ward_76_congestion_index_forecast.csv
2025-12-24 13:29:03,427 | INFO | Saved model at AI_forecasting\artifacts\ml\models\ward_ward_76_pm25_lgb.joblib
2025-12-24 13:29:03,888 | INFO | Saved forecast at AI_forecasting\results\ml\forecasts\ward_76_pm25_forecast.csv
2025-12-24 13:29:04,508 | INFO | Saved model at AI_forecasting\artifacts\ml\models\ward_ward_77_electricity_demand_lgb.joblib
2025-12-24 13:29:04,948 | INFO | Saved forecast at AI_forecasting\results\ml\forecasts\ward_77_electricity_demand_forecast.csv
2025-12-24 13:29:05,632 | INFO | Saved model at AI_forecasting\artifacts\ml\models\ward_ward_77_water_demand_lgb.joblib
2025-12-24 13:29:06,115 | INFO | Saved forecast at AI_forecasting\results\ml\forecasts\ward_77_water_demand_forecast.csv
2025-12-24 13:29:06,805 | INFO | Saved model at AI_forecasting\artifacts\ml\models\ward_ward_77_congestion_index_lgb.joblib
2025-12-24 13:29:07,248 | INFO | Saved forecast at AI_forecasting\results\ml\forecasts\ward_77_congestion_index_forecast.csv
2025-12-24 13:29:07,872 | INFO | Saved model at AI_forecasting\artifacts\ml\models\ward_ward_77_pm25_lgb.joblib
2025-12-24 13:29:08,318 | INFO | Saved forecast at AI_forecasting\results\ml\forecasts\ward_77_pm25_forecast.csv
2025-12-24 13:29:08,942 | INFO | Saved model at AI_forecasting\artifacts\ml\models\ward_ward_78_electricity_demand_lgb.joblib
2025-12-24 13:29:09,414 | INFO | Saved forecast at AI_forecasting\results\ml\forecasts\ward_78_electricity_demand_forecast.csv
2025-12-24 13:29:10,038 | INFO | Saved model at AI_forecasting\artifacts\ml\models\ward_ward_78_water_demand_lgb.joblib
2025-12-24 13:29:10,528 | INFO | Saved forecast at AI_forecasting\results\ml\forecasts\ward_78_water_demand_forecast.csv
2025-12-24 13:29:11,132 | INFO | Saved model at AI_forecasting\artifacts\ml\models\ward_ward_78_congestion_index_lgb.joblib
2025-12-24 13:29:11,620 | INFO | Saved forecast at AI_forecasting\results\ml\forecasts\ward_78_congestion_index_forecast.csv
2025-12-24 13:29:12,269 | INFO | Saved model at AI_forecasting\artifacts\ml\models\ward_ward_78_pm25_lgb.joblib
2025-12-24 13:29:12,742 | INFO | Saved forecast at AI_forecasting\results\ml\forecasts\ward_78_pm25_forecast.csv
2025-12-24 13:29:13,425 | INFO | Saved model at AI_forecasting\artifacts\ml\models\ward_ward_79_electricity_demand_lgb.joblib
2025-12-24 13:29:13,896 | INFO | Saved forecast at AI_forecasting\results\ml\forecasts\ward_79_electricity_demand_forecast.csv
2025-12-24 13:29:14,523 | INFO | Saved model at AI_forecasting\artifacts\ml\models\ward_ward_79_water_demand_lgb.joblib
2025-12-24 13:29:15,083 | INFO | Saved forecast at AI_forecasting\results\ml\forecasts\ward_79_water_demand_forecast.csv
2025-12-24 13:29:15,713 | INFO | Saved model at AI_forecasting\artifacts\ml\models\ward_ward_79_congestion_index_lgb.joblib
2025-12-24 13:29:16,191 | INFO | Saved forecast at AI_forecasting\results\ml\forecasts\ward_79_congestion_index_forecast.csv
2025-12-24 13:29:16,831 | INFO | Saved model at AI_forecasting\artifacts\ml\models\ward_ward_79_pm25_lgb.joblib
2025-12-24 13:29:17,388 | INFO | Saved forecast at AI_forecasting\results\ml\forecasts\ward_79_pm25_forecast.csv
2025-12-24 13:29:18,022 | INFO | Saved model at AI_forecasting\artifacts\ml\models\ward_ward_8_electricity_demand_lgb.joblib
2025-12-24 13:29:18,515 | INFO | Saved forecast at AI_forecasting\results\ml\forecasts\ward_8_electricity_demand_forecast.csv
2025-12-24 13:29:19,132 | INFO | Saved model at AI_forecasting\artifacts\ml\models\ward_ward_8_water_demand_lgb.joblib
2025-12-24 13:29:19,608 | INFO | Saved forecast at AI_forecasting\results\ml\forecasts\ward_8_water_demand_forecast.csv
2025-12-24 13:29:20,247 | INFO | Saved model at AI_forecasting\artifacts\ml\models\ward_ward_8_congestion_index_lgb.joblib
2025-12-24 13:29:20,736 | INFO | Saved forecast at AI_forecasting\results\ml\forecasts\ward_8_congestion_index_forecast.csv
2025-12-24 13:29:21,368 | INFO | Saved model at AI_forecasting\artifacts\ml\models\ward_ward_8_pm25_lgb.joblib
2025-12-24 13:29:21,833 | INFO | Saved forecast at AI_forecasting\results\ml\forecasts\ward_8_pm25_forecast.csv
2025-12-24 13:29:22,487 | INFO | Saved model at AI_forecasting\artifacts\ml\models\ward_ward_80_electricity_demand_lgb.joblib
2025-12-24 13:29:22,952 | INFO | Saved forecast at AI_forecasting\results\ml\forecasts\ward_80_electricity_demand_forecast.csv
2025-12-24 13:29:23,583 | INFO | Saved model at AI_forecasting\artifacts\ml\models\ward_ward_80_water_demand_lgb.joblib
2025-12-24 13:29:24,054 | INFO | Saved forecast at AI_forecasting\results\ml\forecasts\ward_80_water_demand_forecast.csv
2025-12-24 13:29:24,676 | INFO | Saved model at AI_forecasting\artifacts\ml\models\ward_ward_80_congestion_index_lgb.joblib
2025-12-24 13:29:25,174 | INFO | Saved forecast at AI_forecasting\results\ml\forecasts\ward_80_congestion_index_forecast.csv
2025-12-24 13:29:25,775 | INFO | Saved model at AI_forecasting\artifacts\ml\models\ward_ward_80_pm25_lgb.joblib
2025-12-24 13:29:26,282 | INFO | Saved forecast at AI_forecasting\results\ml\forecasts\ward_80_pm25_forecast.csv
2025-12-24 13:29:26,904 | INFO | Saved model at AI_forecasting\artifacts\ml\models\ward_ward_81_electricity_demand_lgb.joblib
2025-12-24 13:29:27,436 | INFO | Saved forecast at AI_forecasting\results\ml\forecasts\ward_81_electricity_demand_forecast.csv
2025-12-24 13:29:28,101 | INFO | Saved model at AI_forecasting\artifacts\ml\models\ward_ward_81_water_demand_lgb.joblib
2025-12-24 13:29:28,633 | INFO | Saved forecast at AI_forecasting\results\ml\forecasts\ward_81_water_demand_forecast.csv
2025-12-24 13:29:29,288 | INFO | Saved model at AI_forecasting\artifacts\ml\models\ward_ward_81_congestion_index_lgb.joblib
2025-12-24 13:29:29,726 | INFO | Saved forecast at AI_forecasting\results\ml\forecasts\ward_81_congestion_index_forecast.csv
2025-12-24 13:29:30,355 | INFO | Saved model at AI_forecasting\artifacts\ml\models\ward_ward_81_pm25_lgb.joblib
2025-12-24 13:29:30,848 | INFO | Saved forecast at AI_forecasting\results\ml\forecasts\ward_81_pm25_forecast.csv
2025-12-24 13:29:31,476 | INFO | Saved model at AI_forecasting\artifacts\ml\models\ward_ward_82_electricity_demand_lgb.joblib
2025-12-24 13:29:31,952 | INFO | Saved forecast at AI_forecasting\results\ml\forecasts\ward_82_electricity_demand_forecast.csv
2025-12-24 13:29:32,602 | INFO | Saved model at AI_forecasting\artifacts\ml\models\ward_ward_82_water_demand_lgb.joblib
2025-12-24 13:29:33,039 | INFO | Saved forecast at AI_forecasting\results\ml\forecasts\ward_82_water_demand_forecast.csv
2025-12-24 13:29:33,678 | INFO | Saved model at AI_forecasting\artifacts\ml\models\ward_ward_82_congestion_index_lgb.joblib
2025-12-24 13:29:34,149 | INFO | Saved forecast at AI_forecasting\results\ml\forecasts\ward_82_congestion_index_forecast.csv
2025-12-24 13:29:34,786 | INFO | Saved model at AI_forecasting\artifacts\ml\models\ward_ward_82_pm25_lgb.joblib
2025-12-24 13:29:35,283 | INFO | Saved forecast at AI_forecasting\results\ml\forecasts\ward_82_pm25_forecast.csv
2025-12-24 13:29:35,928 | INFO | Saved model at AI_forecasting\artifacts\ml\models\ward_ward_83_electricity_demand_lgb.joblib
2025-12-24 13:29:36,414 | INFO | Saved forecast at AI_forecasting\results\ml\forecasts\ward_83_electricity_demand_forecast.csv
2025-12-24 13:29:37,075 | INFO | Saved model at AI_forecasting\artifacts\ml\models\ward_ward_83_water_demand_lgb.joblib
2025-12-24 13:29:37,580 | INFO | Saved forecast at AI_forecasting\results\ml\forecasts\ward_83_water_demand_forecast.csv
2025-12-24 13:29:38,222 | INFO | Saved model at AI_forecasting\artifacts\ml\models\ward_ward_83_congestion_index_lgb.joblib
2025-12-24 13:29:38,831 | INFO | Saved forecast at AI_forecasting\results\ml\forecasts\ward_83_congestion_index_forecast.csv
2025-12-24 13:29:39,494 | INFO | Saved model at AI_forecasting\artifacts\ml\models\ward_ward_83_pm25_lgb.joblib
2025-12-24 13:29:39,991 | INFO | Saved forecast at AI_forecasting\results\ml\forecasts\ward_83_pm25_forecast.csv
2025-12-24 13:29:40,665 | INFO | Saved model at AI_forecasting\artifacts\ml\models\ward_ward_84_electricity_demand_lgb.joblib
2025-12-24 13:29:41,136 | INFO | Saved forecast at AI_forecasting\results\ml\forecasts\ward_84_electricity_demand_forecast.csv
2025-12-24 13:29:41,805 | INFO | Saved model at AI_forecasting\artifacts\ml\models\ward_ward_84_water_demand_lgb.joblib
2025-12-24 13:29:42,322 | INFO | Saved forecast at AI_forecasting\results\ml\forecasts\ward_84_water_demand_forecast.csv
2025-12-24 13:29:43,040 | INFO | Saved model at AI_forecasting\artifacts\ml\models\ward_ward_84_congestion_index_lgb.joblib
2025-12-24 13:29:43,711 | INFO | Saved forecast at AI_forecasting\results\ml\forecasts\ward_84_congestion_index_forecast.csv
2025-12-24 13:29:44,395 | INFO | Saved model at AI_forecasting\artifacts\ml\models\ward_ward_84_pm25_lgb.joblib
2025-12-24 13:29:44,872 | INFO | Saved forecast at AI_forecasting\results\ml\forecasts\ward_84_pm25_forecast.csv
2025-12-24 13:29:45,525 | INFO | Saved model at AI_forecasting\artifacts\ml\models\ward_ward_85_electricity_demand_lgb.joblib
2025-12-24 13:29:46,062 | INFO | Saved forecast at AI_forecasting\results\ml\forecasts\ward_85_electricity_demand_forecast.csv
2025-12-24 13:29:46,834 | INFO | Saved model at AI_forecasting\artifacts\ml\models\ward_ward_85_water_demand_lgb.joblib
2025-12-24 13:29:47,339 | INFO | Saved forecast at AI_forecasting\results\ml\forecasts\ward_85_water_demand_forecast.csv
2025-12-24 13:29:47,995 | INFO | Saved model at AI_forecasting\artifacts\ml\models\ward_ward_85_congestion_index_lgb.joblib
2025-12-24 13:29:48,717 | INFO | Saved forecast at AI_forecasting\results\ml\forecasts\ward_85_congestion_index_forecast.csv
2025-12-24 13:29:49,521 | INFO | Saved model at AI_forecasting\artifacts\ml\models\ward_ward_85_pm25_lgb.joblib
2025-12-24 13:29:50,164 | INFO | Saved forecast at AI_forecasting\results\ml\forecasts\ward_85_pm25_forecast.csv
2025-12-24 13:29:50,912 | INFO | Saved model at AI_forecasting\artifacts\ml\models\ward_ward_86_electricity_demand_lgb.joblib
2025-12-24 13:29:51,415 | INFO | Saved forecast at AI_forecasting\results\ml\forecasts\ward_86_electricity_demand_forecast.csv
2025-12-24 13:29:52,064 | INFO | Saved model at AI_forecasting\artifacts\ml\models\ward_ward_86_water_demand_lgb.joblib
2025-12-24 13:29:52,526 | INFO | Saved forecast at AI_forecasting\results\ml\forecasts\ward_86_water_demand_forecast.csv
2025-12-24 13:29:53,174 | INFO | Saved model at AI_forecasting\artifacts\ml\models\ward_ward_86_congestion_index_lgb.joblib
2025-12-24 13:29:53,632 | INFO | Saved forecast at AI_forecasting\results\ml\forecasts\ward_86_congestion_index_forecast.csv
2025-12-24 13:29:54,244 | INFO | Saved model at AI_forecasting\artifacts\ml\models\ward_ward_86_pm25_lgb.joblib
2025-12-24 13:29:54,737 | INFO | Saved forecast at AI_forecasting\results\ml\forecasts\ward_86_pm25_forecast.csv
2025-12-24 13:29:55,368 | INFO | Saved model at AI_forecasting\artifacts\ml\models\ward_ward_87_electricity_demand_lgb.joblib
2025-12-24 13:29:55,866 | INFO | Saved forecast at AI_forecasting\results\ml\forecasts\ward_87_electricity_demand_forecast.csv
2025-12-24 13:29:56,467 | INFO | Saved model at AI_forecasting\artifacts\ml\models\ward_ward_87_water_demand_lgb.joblib
2025-12-24 13:29:56,911 | INFO | Saved forecast at AI_forecasting\results\ml\forecasts\ward_87_water_demand_forecast.csv
2025-12-24 13:29:57,580 | INFO | Saved model at AI_forecasting\artifacts\ml\models\ward_ward_87_congestion_index_lgb.joblib
2025-12-24 13:29:58,060 | INFO | Saved forecast at AI_forecasting\results\ml\forecasts\ward_87_congestion_index_forecast.csv
2025-12-24 13:29:58,739 | INFO | Saved model at AI_forecasting\artifacts\ml\models\ward_ward_87_pm25_lgb.joblib
2025-12-24 13:29:59,179 | INFO | Saved forecast at AI_forecasting\results\ml\forecasts\ward_87_pm25_forecast.csv
2025-12-24 13:29:59,832 | INFO | Saved model at AI_forecasting\artifacts\ml\models\ward_ward_88_electricity_demand_lgb.joblib
2025-12-24 13:30:00,345 | INFO | Saved forecast at AI_forecasting\results\ml\forecasts\ward_88_electricity_demand_forecast.csv
2025-12-24 13:30:00,952 | INFO | Saved model at AI_forecasting\artifacts\ml\models\ward_ward_88_water_demand_lgb.joblib
2025-12-24 13:30:01,451 | INFO | Saved forecast at AI_forecasting\results\ml\forecasts\ward_88_water_demand_forecast.csv
2025-12-24 13:30:02,134 | INFO | Saved model at AI_forecasting\artifacts\ml\models\ward_ward_88_congestion_index_lgb.joblib
2025-12-24 13:30:02,650 | INFO | Saved forecast at AI_forecasting\results\ml\forecasts\ward_88_congestion_index_forecast.csv
2025-12-24 13:30:03,315 | INFO | Saved model at AI_forecasting\artifacts\ml\models\ward_ward_88_pm25_lgb.joblib
2025-12-24 13:30:03,779 | INFO | Saved forecast at AI_forecasting\results\ml\forecasts\ward_88_pm25_forecast.csv
2025-12-24 13:30:04,528 | INFO | Saved model at AI_forecasting\artifacts\ml\models\ward_ward_89_electricity_demand_lgb.joblib
2025-12-24 13:30:05,017 | INFO | Saved forecast at AI_forecasting\results\ml\forecasts\ward_89_electricity_demand_forecast.csv
2025-12-24 13:30:05,625 | INFO | Saved model at AI_forecasting\artifacts\ml\models\ward_ward_89_water_demand_lgb.joblib
2025-12-24 13:30:06,121 | INFO | Saved forecast at AI_forecasting\results\ml\forecasts\ward_89_water_demand_forecast.csv
2025-12-24 13:30:06,761 | INFO | Saved model at AI_forecasting\artifacts\ml\models\ward_ward_89_congestion_index_lgb.joblib
2025-12-24 13:30:07,231 | INFO | Saved forecast at AI_forecasting\results\ml\forecasts\ward_89_congestion_index_forecast.csv
2025-12-24 13:30:07,849 | INFO | Saved model at AI_forecasting\artifacts\ml\models\ward_ward_89_pm25_lgb.joblib
2025-12-24 13:30:08,330 | INFO | Saved forecast at AI_forecasting\results\ml\forecasts\ward_89_pm25_forecast.csv
2025-12-24 13:30:08,966 | INFO | Saved model at AI_forecasting\artifacts\ml\models\ward_ward_9_electricity_demand_lgb.joblib
2025-12-24 13:30:09,547 | INFO | Saved forecast at AI_forecasting\results\ml\forecasts\ward_9_electricity_demand_forecast.csv
2025-12-24 13:30:10,207 | INFO | Saved model at AI_forecasting\artifacts\ml\models\ward_ward_9_water_demand_lgb.joblib
2025-12-24 13:30:10,674 | INFO | Saved forecast at AI_forecasting\results\ml\forecasts\ward_9_water_demand_forecast.csv
2025-12-24 13:30:11,289 | INFO | Saved model at AI_forecasting\artifacts\ml\models\ward_ward_9_congestion_index_lgb.joblib
2025-12-24 13:30:11,818 | INFO | Saved forecast at AI_forecasting\results\ml\forecasts\ward_9_congestion_index_forecast.csv
2025-12-24 13:30:12,531 | INFO | Saved model at AI_forecasting\artifacts\ml\models\ward_ward_9_pm25_lgb.joblib
2025-12-24 13:30:13,043 | INFO | Saved forecast at AI_forecasting\results\ml\forecasts\ward_9_pm25_forecast.csv
2025-12-24 13:30:13,733 | INFO | Saved model at AI_forecasting\artifacts\ml\models\ward_ward_90_electricity_demand_lgb.joblib
2025-12-24 13:30:14,160 | INFO | Saved forecast at AI_forecasting\results\ml\forecasts\ward_90_electricity_demand_forecast.csv
2025-12-24 13:30:14,864 | INFO | Saved model at AI_forecasting\artifacts\ml\models\ward_ward_90_water_demand_lgb.joblib
2025-12-24 13:30:15,353 | INFO | Saved forecast at AI_forecasting\results\ml\forecasts\ward_90_water_demand_forecast.csv
2025-12-24 13:30:16,076 | INFO | Saved model at AI_forecasting\artifacts\ml\models\ward_ward_90_congestion_index_lgb.joblib
2025-12-24 13:30:16,625 | INFO | Saved forecast at AI_forecasting\results\ml\forecasts\ward_90_congestion_index_forecast.csv
2025-12-24 13:30:17,306 | INFO | Saved model at AI_forecasting\artifacts\ml\models\ward_ward_90_pm25_lgb.joblib
2025-12-24 13:30:17,809 | INFO | Saved forecast at AI_forecasting\results\ml\forecasts\ward_90_pm25_forecast.csv
2025-12-24 13:30:18,446 | INFO | Saved model at AI_forecasting\artifacts\ml\models\ward_ward_91_electricity_demand_lgb.joblib
2025-12-24 13:30:18,960 | INFO | Saved forecast at AI_forecasting\results\ml\forecasts\ward_91_electricity_demand_forecast.csv
2025-12-24 13:30:19,629 | INFO | Saved model at AI_forecasting\artifacts\ml\models\ward_ward_91_water_demand_lgb.joblib
2025-12-24 13:30:20,168 | INFO | Saved forecast at AI_forecasting\results\ml\forecasts\ward_91_water_demand_forecast.csv
2025-12-24 13:30:20,793 | INFO | Saved model at AI_forecasting\artifacts\ml\models\ward_ward_91_congestion_index_lgb.joblib
2025-12-24 13:30:21,274 | INFO | Saved forecast at AI_forecasting\results\ml\forecasts\ward_91_congestion_index_forecast.csv
2025-12-24 13:30:21,862 | INFO | Saved model at AI_forecasting\artifacts\ml\models\ward_ward_91_pm25_lgb.joblib
2025-12-24 13:30:22,328 | INFO | Saved forecast at AI_forecasting\results\ml\forecasts\ward_91_pm25_forecast.csv
2025-12-24 13:30:22,951 | INFO | Saved model at AI_forecasting\artifacts\ml\models\ward_ward_92_electricity_demand_lgb.joblib
2025-12-24 13:30:23,462 | INFO | Saved forecast at AI_forecasting\results\ml\forecasts\ward_92_electricity_demand_forecast.csv
2025-12-24 13:30:24,087 | INFO | Saved model at AI_forecasting\artifacts\ml\models\ward_ward_92_water_demand_lgb.joblib
2025-12-24 13:30:24,581 | INFO | Saved forecast at AI_forecasting\results\ml\forecasts\ward_92_water_demand_forecast.csv
2025-12-24 13:30:25,280 | INFO | Saved model at AI_forecasting\artifacts\ml\models\ward_ward_92_congestion_index_lgb.joblib
2025-12-24 13:30:25,756 | INFO | Saved forecast at AI_forecasting\results\ml\forecasts\ward_92_congestion_index_forecast.csv
2025-12-24 13:30:26,376 | INFO | Saved model at AI_forecasting\artifacts\ml\models\ward_ward_92_pm25_lgb.joblib
2025-12-24 13:30:26,849 | INFO | Saved forecast at AI_forecasting\results\ml\forecasts\ward_92_pm25_forecast.csv
2025-12-24 13:30:27,517 | INFO | Saved model at AI_forecasting\artifacts\ml\models\ward_ward_93_electricity_demand_lgb.joblib
2025-12-24 13:30:28,046 | INFO | Saved forecast at AI_forecasting\results\ml\forecasts\ward_93_electricity_demand_forecast.csv
2025-12-24 13:30:28,655 | INFO | Saved model at AI_forecasting\artifacts\ml\models\ward_ward_93_water_demand_lgb.joblib
2025-12-24 13:30:29,211 | INFO | Saved forecast at AI_forecasting\results\ml\forecasts\ward_93_water_demand_forecast.csv
2025-12-24 13:30:29,854 | INFO | Saved model at AI_forecasting\artifacts\ml\models\ward_ward_93_congestion_index_lgb.joblib
2025-12-24 13:30:30,351 | INFO | Saved forecast at AI_forecasting\results\ml\forecasts\ward_93_congestion_index_forecast.csv
2025-12-24 13:30:31,018 | INFO | Saved model at AI_forecasting\artifacts\ml\models\ward_ward_93_pm25_lgb.joblib
2025-12-24 13:30:31,573 | INFO | Saved forecast at AI_forecasting\results\ml\forecasts\ward_93_pm25_forecast.csv
2025-12-24 13:30:32,179 | INFO | Saved model at AI_forecasting\artifacts\ml\models\ward_ward_94_electricity_demand_lgb.joblib
2025-12-24 13:30:32,742 | INFO | Saved forecast at AI_forecasting\results\ml\forecasts\ward_94_electricity_demand_forecast.csv
2025-12-24 13:30:33,388 | INFO | Saved model at AI_forecasting\artifacts\ml\models\ward_ward_94_water_demand_lgb.joblib
2025-12-24 13:30:33,937 | INFO | Saved forecast at AI_forecasting\results\ml\forecasts\ward_94_water_demand_forecast.csv
2025-12-24 13:30:34,578 | INFO | Saved model at AI_forecasting\artifacts\ml\models\ward_ward_94_congestion_index_lgb.joblib
2025-12-24 13:30:35,090 | INFO | Saved forecast at AI_forecasting\results\ml\forecasts\ward_94_congestion_index_forecast.csv
2025-12-24 13:30:35,797 | INFO | Saved model at AI_forecasting\artifacts\ml\models\ward_ward_94_pm25_lgb.joblib
2025-12-24 13:30:36,323 | INFO | Saved forecast at AI_forecasting\results\ml\forecasts\ward_94_pm25_forecast.csv
2025-12-24 13:30:37,020 | INFO | Saved model at AI_forecasting\artifacts\ml\models\ward_ward_95_electricity_demand_lgb.joblib
2025-12-24 13:30:37,522 | INFO | Saved forecast at AI_forecasting\results\ml\forecasts\ward_95_electricity_demand_forecast.csv
2025-12-24 13:30:38,179 | INFO | Saved model at AI_forecasting\artifacts\ml\models\ward_ward_95_water_demand_lgb.joblib
2025-12-24 13:30:38,714 | INFO | Saved forecast at AI_forecasting\results\ml\forecasts\ward_95_water_demand_forecast.csv
2025-12-24 13:30:39,472 | INFO | Saved model at AI_forecasting\artifacts\ml\models\ward_ward_95_congestion_index_lgb.joblib
2025-12-24 13:30:39,956 | INFO | Saved forecast at AI_forecasting\results\ml\forecasts\ward_95_congestion_index_forecast.csv
2025-12-24 13:30:40,564 | INFO | Saved model at AI_forecasting\artifacts\ml\models\ward_ward_95_pm25_lgb.joblib
2025-12-24 13:30:41,006 | INFO | Saved forecast at AI_forecasting\results\ml\forecasts\ward_95_pm25_forecast.csv
2025-12-24 13:30:41,672 | INFO | Saved model at AI_forecasting\artifacts\ml\models\ward_ward_96_electricity_demand_lgb.joblib
2025-12-24 13:30:42,213 | INFO | Saved forecast at AI_forecasting\results\ml\forecasts\ward_96_electricity_demand_forecast.csv
2025-12-24 13:30:42,900 | INFO | Saved model at AI_forecasting\artifacts\ml\models\ward_ward_96_water_demand_lgb.joblib
2025-12-24 13:30:43,481 | INFO | Saved forecast at AI_forecasting\results\ml\forecasts\ward_96_water_demand_forecast.csv
2025-12-24 13:30:44,210 | INFO | Saved model at AI_forecasting\artifacts\ml\models\ward_ward_96_congestion_index_lgb.joblib
2025-12-24 13:30:44,700 | INFO | Saved forecast at AI_forecasting\results\ml\forecasts\ward_96_congestion_index_forecast.csv
2025-12-24 13:30:45,348 | INFO | Saved model at AI_forecasting\artifacts\ml\models\ward_ward_96_pm25_lgb.joblib
2025-12-24 13:30:45,840 | INFO | Saved forecast at AI_forecasting\results\ml\forecasts\ward_96_pm25_forecast.csv
2025-12-24 13:30:46,539 | INFO | Saved model at AI_forecasting\artifacts\ml\models\ward_ward_97_electricity_demand_lgb.joblib
2025-12-24 13:30:47,056 | INFO | Saved forecast at AI_forecasting\results\ml\forecasts\ward_97_electricity_demand_forecast.csv
2025-12-24 13:30:47,702 | INFO | Saved model at AI_forecasting\artifacts\ml\models\ward_ward_97_water_demand_lgb.joblib
2025-12-24 13:30:48,140 | INFO | Saved forecast at AI_forecasting\results\ml\forecasts\ward_97_water_demand_forecast.csv
2025-12-24 13:30:48,758 | INFO | Saved model at AI_forecasting\artifacts\ml\models\ward_ward_97_congestion_index_lgb.joblib
2025-12-24 13:30:49,196 | INFO | Saved forecast at AI_forecasting\results\ml\forecasts\ward_97_congestion_index_forecast.csv
2025-12-24 13:30:49,847 | INFO | Saved model at AI_forecasting\artifacts\ml\models\ward_ward_97_pm25_lgb.joblib
2025-12-24 13:30:50,300 | INFO | Saved forecast at AI_forecasting\results\ml\forecasts\ward_97_pm25_forecast.csv
2025-12-24 13:30:50,990 | INFO | Saved model at AI_forecasting\artifacts\ml\models\ward_ward_98_electricity_demand_lgb.joblib
2025-12-24 13:30:51,437 | INFO | Saved forecast at AI_forecasting\results\ml\forecasts\ward_98_electricity_demand_forecast.csv
2025-12-24 13:30:52,097 | INFO | Saved model at AI_forecasting\artifacts\ml\models\ward_ward_98_water_demand_lgb.joblib
2025-12-24 13:30:52,559 | INFO | Saved forecast at AI_forecasting\results\ml\forecasts\ward_98_water_demand_forecast.csv
2025-12-24 13:30:53,210 | INFO | Saved model at AI_forecasting\artifacts\ml\models\ward_ward_98_congestion_index_lgb.joblib
2025-12-24 13:30:53,685 | INFO | Saved forecast at AI_forecasting\results\ml\forecasts\ward_98_congestion_index_forecast.csv
2025-12-24 13:30:54,316 | INFO | Saved model at AI_forecasting\artifacts\ml\models\ward_ward_98_pm25_lgb.joblib
2025-12-24 13:30:54,762 | INFO | Saved forecast at AI_forecasting\results\ml\forecasts\ward_98_pm25_forecast.csv
2025-12-24 13:30:55,442 | INFO | Saved model at AI_forecasting\artifacts\ml\models\ward_ward_99_electricity_demand_lgb.joblib
2025-12-24 13:30:55,984 | INFO | Saved forecast at AI_forecasting\results\ml\forecasts\ward_99_electricity_demand_forecast.csv
2025-12-24 13:30:56,654 | INFO | Saved model at AI_forecasting\artifacts\ml\models\ward_ward_99_water_demand_lgb.joblib
2025-12-24 13:30:57,079 | INFO | Saved forecast at AI_forecasting\results\ml\forecasts\ward_99_water_demand_forecast.csv
2025-12-24 13:30:57,737 | INFO | Saved model at AI_forecasting\artifacts\ml\models\ward_ward_99_congestion_index_lgb.joblib
2025-12-24 13:30:58,216 | INFO | Saved forecast at AI_forecasting\results\ml\forecasts\ward_99_congestion_index_forecast.csv
2025-12-24 13:30:58,901 | INFO | Saved model at AI_forecasting\artifacts\ml\models\ward_ward_99_pm25_lgb.joblib
2025-12-24 13:30:59,348 | INFO | Saved forecast at AI_forecasting\results\ml\forecasts\ward_99_pm25_forecast.csv
2025-12-24 15:53:47,624 | INFO | Saved model at AI_forecasting\artifacts\ml\models\ward_1_electricity_demand_lgb.joblib
2025-12-24 15:53:48,003 | INFO | Saved forecast at AI_forecasting\results\ml\forecasts\ward_1_electricity_demand_forecast.csv
2025-12-24 15:53:48,536 | INFO | Saved model at AI_forecasting\artifacts\ml\models\ward_1_water_demand_lgb.joblib
2025-12-24 15:53:48,908 | INFO | Saved forecast at AI_forecasting\results\ml\forecasts\ward_1_water_demand_forecast.csv
2025-12-24 15:53:49,436 | INFO | Saved model at AI_forecasting\artifacts\ml\models\ward_1_congestion_index_lgb.joblib
2025-12-24 15:53:49,827 | INFO | Saved forecast at AI_forecasting\results\ml\forecasts\ward_1_congestion_index_forecast.csv
2025-12-24 15:53:50,346 | INFO | Saved model at AI_forecasting\artifacts\ml\models\ward_1_pm25_lgb.joblib
2025-12-24 15:53:50,735 | INFO | Saved forecast at AI_forecasting\results\ml\forecasts\ward_1_pm25_forecast.csv
2025-12-24 15:53:51,321 | INFO | Saved model at AI_forecasting\artifacts\ml\models\ward_10_electricity_demand_lgb.joblib
2025-12-24 15:53:51,682 | INFO | Saved forecast at AI_forecasting\results\ml\forecasts\ward_10_electricity_demand_forecast.csv
2025-12-24 15:53:52,210 | INFO | Saved model at AI_forecasting\artifacts\ml\models\ward_10_water_demand_lgb.joblib
2025-12-24 15:53:52,585 | INFO | Saved forecast at AI_forecasting\results\ml\forecasts\ward_10_water_demand_forecast.csv
2025-12-24 15:53:53,136 | INFO | Saved model at AI_forecasting\artifacts\ml\models\ward_10_congestion_index_lgb.joblib
2025-12-24 15:53:53,500 | INFO | Saved forecast at AI_forecasting\results\ml\forecasts\ward_10_congestion_index_forecast.csv
2025-12-24 15:53:54,018 | INFO | Saved model at AI_forecasting\artifacts\ml\models\ward_10_pm25_lgb.joblib
2025-12-24 15:53:54,381 | INFO | Saved forecast at AI_forecasting\results\ml\forecasts\ward_10_pm25_forecast.csv
2025-12-24 15:53:54,907 | INFO | Saved model at AI_forecasting\artifacts\ml\models\ward_100_electricity_demand_lgb.joblib
2025-12-24 15:53:55,268 | INFO | Saved forecast at AI_forecasting\results\ml\forecasts\ward_100_electricity_demand_forecast.csv
2025-12-24 15:53:55,799 | INFO | Saved model at AI_forecasting\artifacts\ml\models\ward_100_water_demand_lgb.joblib
2025-12-24 15:53:56,184 | INFO | Saved forecast at AI_forecasting\results\ml\forecasts\ward_100_water_demand_forecast.csv
2025-12-24 15:53:56,731 | INFO | Saved model at AI_forecasting\artifacts\ml\models\ward_100_congestion_index_lgb.joblib
2025-12-24 15:53:57,096 | INFO | Saved forecast at AI_forecasting\results\ml\forecasts\ward_100_congestion_index_forecast.csv
2025-12-24 15:53:57,628 | INFO | Saved model at AI_forecasting\artifacts\ml\models\ward_100_pm25_lgb.joblib
2025-12-24 15:53:57,994 | INFO | Saved forecast at AI_forecasting\results\ml\forecasts\ward_100_pm25_forecast.csv
2025-12-24 15:53:58,521 | INFO | Saved model at AI_forecasting\artifacts\ml\models\ward_101_electricity_demand_lgb.joblib
2025-12-24 15:53:58,913 | INFO | Saved forecast at AI_forecasting\results\ml\forecasts\ward_101_electricity_demand_forecast.csv
2025-12-24 15:53:59,458 | INFO | Saved model at AI_forecasting\artifacts\ml\models\ward_101_water_demand_lgb.joblib
2025-12-24 15:53:59,841 | INFO | Saved forecast at AI_forecasting\results\ml\forecasts\ward_101_water_demand_forecast.csv
2025-12-24 15:54:00,374 | INFO | Saved model at AI_forecasting\artifacts\ml\models\ward_101_congestion_index_lgb.joblib
2025-12-24 15:54:00,735 | INFO | Saved forecast at AI_forecasting\results\ml\forecasts\ward_101_congestion_index_forecast.csv
2025-12-24 15:54:01,252 | INFO | Saved model at AI_forecasting\artifacts\ml\models\ward_101_pm25_lgb.joblib
2025-12-24 15:54:01,626 | INFO | Saved forecast at AI_forecasting\results\ml\forecasts\ward_101_pm25_forecast.csv
2025-12-24 15:54:02,158 | INFO | Saved model at AI_forecasting\artifacts\ml\models\ward_102_electricity_demand_lgb.joblib
2025-12-24 15:54:02,519 | INFO | Saved forecast at AI_forecasting\results\ml\forecasts\ward_102_electricity_demand_forecast.csv
2025-12-24 15:54:03,057 | INFO | Saved model at AI_forecasting\artifacts\ml\models\ward_102_water_demand_lgb.joblib
2025-12-24 15:54:03,423 | INFO | Saved forecast at AI_forecasting\results\ml\forecasts\ward_102_water_demand_forecast.csv
2025-12-24 15:54:03,936 | INFO | Saved model at AI_forecasting\artifacts\ml\models\ward_102_congestion_index_lgb.joblib
2025-12-24 15:54:04,305 | INFO | Saved forecast at AI_forecasting\results\ml\forecasts\ward_102_congestion_index_forecast.csv
2025-12-24 15:54:04,810 | INFO | Saved model at AI_forecasting\artifacts\ml\models\ward_102_pm25_lgb.joblib
2025-12-24 15:54:05,167 | INFO | Saved forecast at AI_forecasting\results\ml\forecasts\ward_102_pm25_forecast.csv
2025-12-24 15:54:05,692 | INFO | Saved model at AI_forecasting\artifacts\ml\models\ward_103_electricity_demand_lgb.joblib
2025-12-24 15:54:06,068 | INFO | Saved forecast at AI_forecasting\results\ml\forecasts\ward_103_electricity_demand_forecast.csv
2025-12-24 15:54:06,591 | INFO | Saved model at AI_forecasting\artifacts\ml\models\ward_103_water_demand_lgb.joblib
2025-12-24 15:54:06,962 | INFO | Saved forecast at AI_forecasting\results\ml\forecasts\ward_103_water_demand_forecast.csv
2025-12-24 15:54:07,487 | INFO | Saved model at AI_forecasting\artifacts\ml\models\ward_103_congestion_index_lgb.joblib
2025-12-24 15:54:07,867 | INFO | Saved forecast at AI_forecasting\results\ml\forecasts\ward_103_congestion_index_forecast.csv
2025-12-24 15:54:08,424 | INFO | Saved model at AI_forecasting\artifacts\ml\models\ward_103_pm25_lgb.joblib
2025-12-24 15:54:08,788 | INFO | Saved forecast at AI_forecasting\results\ml\forecasts\ward_103_pm25_forecast.csv
2025-12-24 15:54:09,311 | INFO | Saved model at AI_forecasting\artifacts\ml\models\ward_104_electricity_demand_lgb.joblib
2025-12-24 15:54:09,668 | INFO | Saved forecast at AI_forecasting\results\ml\forecasts\ward_104_electricity_demand_forecast.csv
2025-12-24 15:54:10,182 | INFO | Saved model at AI_forecasting\artifacts\ml\models\ward_104_water_demand_lgb.joblib
2025-12-24 15:54:10,550 | INFO | Saved forecast at AI_forecasting\results\ml\forecasts\ward_104_water_demand_forecast.csv
2025-12-24 15:54:11,071 | INFO | Saved model at AI_forecasting\artifacts\ml\models\ward_104_congestion_index_lgb.joblib
2025-12-24 15:54:11,430 | INFO | Saved forecast at AI_forecasting\results\ml\forecasts\ward_104_congestion_index_forecast.csv
2025-12-24 15:54:11,950 | INFO | Saved model at AI_forecasting\artifacts\ml\models\ward_104_pm25_lgb.joblib
2025-12-24 15:54:12,318 | INFO | Saved forecast at AI_forecasting\results\ml\forecasts\ward_104_pm25_forecast.csv
2025-12-24 15:54:12,852 | INFO | Saved model at AI_forecasting\artifacts\ml\models\ward_105_electricity_demand_lgb.joblib
2025-12-24 15:54:13,217 | INFO | Saved forecast at AI_forecasting\results\ml\forecasts\ward_105_electricity_demand_forecast.csv
2025-12-24 15:54:13,742 | INFO | Saved model at AI_forecasting\artifacts\ml\models\ward_105_water_demand_lgb.joblib
2025-12-24 15:54:14,102 | INFO | Saved forecast at AI_forecasting\results\ml\forecasts\ward_105_water_demand_forecast.csv
2025-12-24 15:54:14,615 | INFO | Saved model at AI_forecasting\artifacts\ml\models\ward_105_congestion_index_lgb.joblib
2025-12-24 15:54:14,975 | INFO | Saved forecast at AI_forecasting\results\ml\forecasts\ward_105_congestion_index_forecast.csv
2025-12-24 15:54:15,493 | INFO | Saved model at AI_forecasting\artifacts\ml\models\ward_105_pm25_lgb.joblib
2025-12-24 15:54:15,853 | INFO | Saved forecast at AI_forecasting\results\ml\forecasts\ward_105_pm25_forecast.csv
2025-12-24 15:54:16,380 | INFO | Saved model at AI_forecasting\artifacts\ml\models\ward_106_electricity_demand_lgb.joblib
2025-12-24 15:54:16,748 | INFO | Saved forecast at AI_forecasting\results\ml\forecasts\ward_106_electricity_demand_forecast.csv
2025-12-24 15:54:17,272 | INFO | Saved model at AI_forecasting\artifacts\ml\models\ward_106_water_demand_lgb.joblib
2025-12-24 15:54:17,676 | INFO | Saved forecast at AI_forecasting\results\ml\forecasts\ward_106_water_demand_forecast.csv
2025-12-24 15:54:18,242 | INFO | Saved model at AI_forecasting\artifacts\ml\models\ward_106_congestion_index_lgb.joblib
2025-12-24 15:54:18,624 | INFO | Saved forecast at AI_forecasting\results\ml\forecasts\ward_106_congestion_index_forecast.csv
2025-12-24 15:54:19,193 | INFO | Saved model at AI_forecasting\artifacts\ml\models\ward_106_pm25_lgb.joblib
2025-12-24 15:54:19,553 | INFO | Saved forecast at AI_forecasting\results\ml\forecasts\ward_106_pm25_forecast.csv
2025-12-24 15:54:20,069 | INFO | Saved model at AI_forecasting\artifacts\ml\models\ward_107_electricity_demand_lgb.joblib
2025-12-24 15:54:20,435 | INFO | Saved forecast at AI_forecasting\results\ml\forecasts\ward_107_electricity_demand_forecast.csv
2025-12-24 15:54:20,967 | INFO | Saved model at AI_forecasting\artifacts\ml\models\ward_107_water_demand_lgb.joblib
2025-12-24 15:54:21,351 | INFO | Saved forecast at AI_forecasting\results\ml\forecasts\ward_107_water_demand_forecast.csv
2025-12-24 15:54:21,889 | INFO | Saved model at AI_forecasting\artifacts\ml\models\ward_107_congestion_index_lgb.joblib
2025-12-24 15:54:22,247 | INFO | Saved forecast at AI_forecasting\results\ml\forecasts\ward_107_congestion_index_forecast.csv
2025-12-24 15:54:22,822 | INFO | Saved model at AI_forecasting\artifacts\ml\models\ward_107_pm25_lgb.joblib
2025-12-24 15:54:23,228 | INFO | Saved forecast at AI_forecasting\results\ml\forecasts\ward_107_pm25_forecast.csv
2025-12-24 15:54:23,765 | INFO | Saved model at AI_forecasting\artifacts\ml\models\ward_108_electricity_demand_lgb.joblib
2025-12-24 15:54:24,140 | INFO | Saved forecast at AI_forecasting\results\ml\forecasts\ward_108_electricity_demand_forecast.csv
2025-12-24 15:54:24,669 | INFO | Saved model at AI_forecasting\artifacts\ml\models\ward_108_water_demand_lgb.joblib
2025-12-24 15:54:25,030 | INFO | Saved forecast at AI_forecasting\results\ml\forecasts\ward_108_water_demand_forecast.csv
2025-12-24 15:54:25,566 | INFO | Saved model at AI_forecasting\artifacts\ml\models\ward_108_congestion_index_lgb.joblib
2025-12-24 15:54:25,949 | INFO | Saved forecast at AI_forecasting\results\ml\forecasts\ward_108_congestion_index_forecast.csv
2025-12-24 15:54:26,485 | INFO | Saved model at AI_forecasting\artifacts\ml\models\ward_108_pm25_lgb.joblib
2025-12-24 15:54:26,869 | INFO | Saved forecast at AI_forecasting\results\ml\forecasts\ward_108_pm25_forecast.csv
2025-12-24 15:54:27,410 | INFO | Saved model at AI_forecasting\artifacts\ml\models\ward_109_electricity_demand_lgb.joblib
2025-12-24 15:54:27,803 | INFO | Saved forecast at AI_forecasting\results\ml\forecasts\ward_109_electricity_demand_forecast.csv
2025-12-24 15:54:28,370 | INFO | Saved model at AI_forecasting\artifacts\ml\models\ward_109_water_demand_lgb.joblib
2025-12-24 15:54:28,749 | INFO | Saved forecast at AI_forecasting\results\ml\forecasts\ward_109_water_demand_forecast.csv
2025-12-24 15:54:29,297 | INFO | Saved model at AI_forecasting\artifacts\ml\models\ward_109_congestion_index_lgb.joblib
2025-12-24 15:54:29,680 | INFO | Saved forecast at AI_forecasting\results\ml\forecasts\ward_109_congestion_index_forecast.csv
2025-12-24 15:54:30,208 | INFO | Saved model at AI_forecasting\artifacts\ml\models\ward_109_pm25_lgb.joblib
2025-12-24 15:54:30,580 | INFO | Saved forecast at AI_forecasting\results\ml\forecasts\ward_109_pm25_forecast.csv
2025-12-24 15:54:31,106 | INFO | Saved model at AI_forecasting\artifacts\ml\models\ward_11_electricity_demand_lgb.joblib
2025-12-24 15:54:31,485 | INFO | Saved forecast at AI_forecasting\results\ml\forecasts\ward_11_electricity_demand_forecast.csv
2025-12-24 15:54:32,023 | INFO | Saved model at AI_forecasting\artifacts\ml\models\ward_11_water_demand_lgb.joblib
2025-12-24 15:54:32,399 | INFO | Saved forecast at AI_forecasting\results\ml\forecasts\ward_11_water_demand_forecast.csv
2025-12-24 15:54:32,952 | INFO | Saved model at AI_forecasting\artifacts\ml\models\ward_11_congestion_index_lgb.joblib
2025-12-24 15:54:33,351 | INFO | Saved forecast at AI_forecasting\results\ml\forecasts\ward_11_congestion_index_forecast.csv
2025-12-24 15:54:33,875 | INFO | Saved model at AI_forecasting\artifacts\ml\models\ward_11_pm25_lgb.joblib
2025-12-24 15:54:34,261 | INFO | Saved forecast at AI_forecasting\results\ml\forecasts\ward_11_pm25_forecast.csv
2025-12-24 15:54:34,784 | INFO | Saved model at AI_forecasting\artifacts\ml\models\ward_110_electricity_demand_lgb.joblib
2025-12-24 15:54:35,167 | INFO | Saved forecast at AI_forecasting\results\ml\forecasts\ward_110_electricity_demand_forecast.csv
2025-12-24 15:54:35,720 | INFO | Saved model at AI_forecasting\artifacts\ml\models\ward_110_water_demand_lgb.joblib
2025-12-24 15:54:36,158 | INFO | Saved forecast at AI_forecasting\results\ml\forecasts\ward_110_water_demand_forecast.csv
2025-12-24 15:54:36,694 | INFO | Saved model at AI_forecasting\artifacts\ml\models\ward_110_congestion_index_lgb.joblib
2025-12-24 15:54:37,093 | INFO | Saved forecast at AI_forecasting\results\ml\forecasts\ward_110_congestion_index_forecast.csv
2025-12-24 15:54:37,614 | INFO | Saved model at AI_forecasting\artifacts\ml\models\ward_110_pm25_lgb.joblib
2025-12-24 15:54:38,083 | INFO | Saved forecast at AI_forecasting\results\ml\forecasts\ward_110_pm25_forecast.csv
2025-12-24 15:54:38,664 | INFO | Saved model at AI_forecasting\artifacts\ml\models\ward_111_electricity_demand_lgb.joblib
2025-12-24 15:54:39,243 | INFO | Saved forecast at AI_forecasting\results\ml\forecasts\ward_111_electricity_demand_forecast.csv
2025-12-24 15:54:39,938 | INFO | Saved model at AI_forecasting\artifacts\ml\models\ward_111_water_demand_lgb.joblib
2025-12-24 15:54:40,485 | INFO | Saved forecast at AI_forecasting\results\ml\forecasts\ward_111_water_demand_forecast.csv
2025-12-24 15:54:41,057 | INFO | Saved model at AI_forecasting\artifacts\ml\models\ward_111_congestion_index_lgb.joblib
2025-12-24 15:54:41,437 | INFO | Saved forecast at AI_forecasting\results\ml\forecasts\ward_111_congestion_index_forecast.csv
2025-12-24 15:54:41,961 | INFO | Saved model at AI_forecasting\artifacts\ml\models\ward_111_pm25_lgb.joblib
2025-12-24 15:54:42,334 | INFO | Saved forecast at AI_forecasting\results\ml\forecasts\ward_111_pm25_forecast.csv
2025-12-24 15:54:42,860 | INFO | Saved model at AI_forecasting\artifacts\ml\models\ward_112_electricity_demand_lgb.joblib
2025-12-24 15:54:43,238 | INFO | Saved forecast at AI_forecasting\results\ml\forecasts\ward_112_electricity_demand_forecast.csv
2025-12-24 15:54:43,773 | INFO | Saved model at AI_forecasting\artifacts\ml\models\ward_112_water_demand_lgb.joblib
2025-12-24 15:54:44,136 | INFO | Saved forecast at AI_forecasting\results\ml\forecasts\ward_112_water_demand_forecast.csv
2025-12-24 15:54:44,720 | INFO | Saved model at AI_forecasting\artifacts\ml\models\ward_112_congestion_index_lgb.joblib
2025-12-24 15:54:45,129 | INFO | Saved forecast at AI_forecasting\results\ml\forecasts\ward_112_congestion_index_forecast.csv
2025-12-24 15:54:45,645 | INFO | Saved model at AI_forecasting\artifacts\ml\models\ward_112_pm25_lgb.joblib
2025-12-24 15:54:46,118 | INFO | Saved forecast at AI_forecasting\results\ml\forecasts\ward_112_pm25_forecast.csv
2025-12-24 15:54:46,653 | INFO | Saved model at AI_forecasting\artifacts\ml\models\ward_113_electricity_demand_lgb.joblib
2025-12-24 15:54:47,025 | INFO | Saved forecast at AI_forecasting\results\ml\forecasts\ward_113_electricity_demand_forecast.csv
2025-12-24 15:54:47,543 | INFO | Saved model at AI_forecasting\artifacts\ml\models\ward_113_water_demand_lgb.joblib
2025-12-24 15:54:47,907 | INFO | Saved forecast at AI_forecasting\results\ml\forecasts\ward_113_water_demand_forecast.csv
2025-12-24 15:54:48,439 | INFO | Saved model at AI_forecasting\artifacts\ml\models\ward_113_congestion_index_lgb.joblib
2025-12-24 15:54:48,867 | INFO | Saved forecast at AI_forecasting\results\ml\forecasts\ward_113_congestion_index_forecast.csv
2025-12-24 15:54:49,427 | INFO | Saved model at AI_forecasting\artifacts\ml\models\ward_113_pm25_lgb.joblib
2025-12-24 15:54:49,799 | INFO | Saved forecast at AI_forecasting\results\ml\forecasts\ward_113_pm25_forecast.csv
2025-12-24 15:54:50,328 | INFO | Saved model at AI_forecasting\artifacts\ml\models\ward_114_electricity_demand_lgb.joblib
2025-12-24 15:54:50,704 | INFO | Saved forecast at AI_forecasting\results\ml\forecasts\ward_114_electricity_demand_forecast.csv
2025-12-24 15:54:51,236 | INFO | Saved model at AI_forecasting\artifacts\ml\models\ward_114_water_demand_lgb.joblib
2025-12-24 15:54:51,615 | INFO | Saved forecast at AI_forecasting\results\ml\forecasts\ward_114_water_demand_forecast.csv
2025-12-24 15:54:52,142 | INFO | Saved model at AI_forecasting\artifacts\ml\models\ward_114_congestion_index_lgb.joblib
2025-12-24 15:54:52,525 | INFO | Saved forecast at AI_forecasting\results\ml\forecasts\ward_114_congestion_index_forecast.csv
2025-12-24 15:54:53,060 | INFO | Saved model at AI_forecasting\artifacts\ml\models\ward_114_pm25_lgb.joblib
2025-12-24 15:54:53,430 | INFO | Saved forecast at AI_forecasting\results\ml\forecasts\ward_114_pm25_forecast.csv
2025-12-24 15:54:53,963 | INFO | Saved model at AI_forecasting\artifacts\ml\models\ward_115_electricity_demand_lgb.joblib
2025-12-24 15:54:54,326 | INFO | Saved forecast at AI_forecasting\results\ml\forecasts\ward_115_electricity_demand_forecast.csv
2025-12-24 15:54:54,861 | INFO | Saved model at AI_forecasting\artifacts\ml\models\ward_115_water_demand_lgb.joblib
2025-12-24 15:54:55,229 | INFO | Saved forecast at AI_forecasting\results\ml\forecasts\ward_115_water_demand_forecast.csv
2025-12-24 15:54:55,816 | INFO | Saved model at AI_forecasting\artifacts\ml\models\ward_115_congestion_index_lgb.joblib
2025-12-24 15:54:56,192 | INFO | Saved forecast at AI_forecasting\results\ml\forecasts\ward_115_congestion_index_forecast.csv
2025-12-24 15:54:56,727 | INFO | Saved model at AI_forecasting\artifacts\ml\models\ward_115_pm25_lgb.joblib
2025-12-24 15:54:57,091 | INFO | Saved forecast at AI_forecasting\results\ml\forecasts\ward_115_pm25_forecast.csv
2025-12-24 15:54:57,601 | INFO | Saved model at AI_forecasting\artifacts\ml\models\ward_116_electricity_demand_lgb.joblib
2025-12-24 15:54:57,963 | INFO | Saved forecast at AI_forecasting\results\ml\forecasts\ward_116_electricity_demand_forecast.csv
2025-12-24 15:54:58,500 | INFO | Saved model at AI_forecasting\artifacts\ml\models\ward_116_water_demand_lgb.joblib
2025-12-24 15:54:58,874 | INFO | Saved forecast at AI_forecasting\results\ml\forecasts\ward_116_water_demand_forecast.csv
2025-12-24 15:54:59,417 | INFO | Saved model at AI_forecasting\artifacts\ml\models\ward_116_congestion_index_lgb.joblib
2025-12-24 15:54:59,781 | INFO | Saved forecast at AI_forecasting\results\ml\forecasts\ward_116_congestion_index_forecast.csv
2025-12-24 15:55:00,287 | INFO | Saved model at AI_forecasting\artifacts\ml\models\ward_116_pm25_lgb.joblib
2025-12-24 15:55:00,661 | INFO | Saved forecast at AI_forecasting\results\ml\forecasts\ward_116_pm25_forecast.csv
2025-12-24 15:55:01,192 | INFO | Saved model at AI_forecasting\artifacts\ml\models\ward_117_electricity_demand_lgb.joblib
2025-12-24 15:55:01,579 | INFO | Saved forecast at AI_forecasting\results\ml\forecasts\ward_117_electricity_demand_forecast.csv
2025-12-24 15:55:02,119 | INFO | Saved model at AI_forecasting\artifacts\ml\models\ward_117_water_demand_lgb.joblib
2025-12-24 15:55:02,534 | INFO | Saved forecast at AI_forecasting\results\ml\forecasts\ward_117_water_demand_forecast.csv
2025-12-24 15:55:03,084 | INFO | Saved model at AI_forecasting\artifacts\ml\models\ward_117_congestion_index_lgb.joblib
2025-12-24 15:55:03,455 | INFO | Saved forecast at AI_forecasting\results\ml\forecasts\ward_117_congestion_index_forecast.csv
2025-12-24 15:55:03,984 | INFO | Saved model at AI_forecasting\artifacts\ml\models\ward_117_pm25_lgb.joblib
2025-12-24 15:55:04,361 | INFO | Saved forecast at AI_forecasting\results\ml\forecasts\ward_117_pm25_forecast.csv
2025-12-24 15:55:04,873 | INFO | Saved model at AI_forecasting\artifacts\ml\models\ward_118_electricity_demand_lgb.joblib
2025-12-24 15:55:05,262 | INFO | Saved forecast at AI_forecasting\results\ml\forecasts\ward_118_electricity_demand_forecast.csv
2025-12-24 15:55:05,856 | INFO | Saved model at AI_forecasting\artifacts\ml\models\ward_118_water_demand_lgb.joblib
2025-12-24 15:55:06,239 | INFO | Saved forecast at AI_forecasting\results\ml\forecasts\ward_118_water_demand_forecast.csv
2025-12-24 15:55:06,838 | INFO | Saved model at AI_forecasting\artifacts\ml\models\ward_118_congestion_index_lgb.joblib
2025-12-24 15:55:07,207 | INFO | Saved forecast at AI_forecasting\results\ml\forecasts\ward_118_congestion_index_forecast.csv
2025-12-24 15:55:07,755 | INFO | Saved model at AI_forecasting\artifacts\ml\models\ward_118_pm25_lgb.joblib
2025-12-24 15:55:08,168 | INFO | Saved forecast at AI_forecasting\results\ml\forecasts\ward_118_pm25_forecast.csv
2025-12-24 15:55:08,751 | INFO | Saved model at AI_forecasting\artifacts\ml\models\ward_119_electricity_demand_lgb.joblib
2025-12-24 15:55:09,137 | INFO | Saved forecast at AI_forecasting\results\ml\forecasts\ward_119_electricity_demand_forecast.csv
2025-12-24 15:55:09,688 | INFO | Saved model at AI_forecasting\artifacts\ml\models\ward_119_water_demand_lgb.joblib
2025-12-24 15:55:10,065 | INFO | Saved forecast at AI_forecasting\results\ml\forecasts\ward_119_water_demand_forecast.csv
2025-12-24 15:55:10,635 | INFO | Saved model at AI_forecasting\artifacts\ml\models\ward_119_congestion_index_lgb.joblib
2025-12-24 15:55:11,022 | INFO | Saved forecast at AI_forecasting\results\ml\forecasts\ward_119_congestion_index_forecast.csv
2025-12-24 15:55:11,550 | INFO | Saved model at AI_forecasting\artifacts\ml\models\ward_119_pm25_lgb.joblib
2025-12-24 15:55:11,922 | INFO | Saved forecast at AI_forecasting\results\ml\forecasts\ward_119_pm25_forecast.csv
2025-12-24 15:55:12,433 | INFO | Saved model at AI_forecasting\artifacts\ml\models\ward_12_electricity_demand_lgb.joblib
2025-12-24 15:55:12,788 | INFO | Saved forecast at AI_forecasting\results\ml\forecasts\ward_12_electricity_demand_forecast.csv
2025-12-24 15:55:13,295 | INFO | Saved model at AI_forecasting\artifacts\ml\models\ward_12_water_demand_lgb.joblib
2025-12-24 15:55:13,661 | INFO | Saved forecast at AI_forecasting\results\ml\forecasts\ward_12_water_demand_forecast.csv
2025-12-24 15:55:14,179 | INFO | Saved model at AI_forecasting\artifacts\ml\models\ward_12_congestion_index_lgb.joblib
2025-12-24 15:55:14,540 | INFO | Saved forecast at AI_forecasting\results\ml\forecasts\ward_12_congestion_index_forecast.csv
2025-12-24 15:55:15,048 | INFO | Saved model at AI_forecasting\artifacts\ml\models\ward_12_pm25_lgb.joblib
2025-12-24 15:55:15,416 | INFO | Saved forecast at AI_forecasting\results\ml\forecasts\ward_12_pm25_forecast.csv
2025-12-24 15:55:15,926 | INFO | Saved model at AI_forecasting\artifacts\ml\models\ward_120_electricity_demand_lgb.joblib
2025-12-24 15:55:16,303 | INFO | Saved forecast at AI_forecasting\results\ml\forecasts\ward_120_electricity_demand_forecast.csv
2025-12-24 15:55:16,831 | INFO | Saved model at AI_forecasting\artifacts\ml\models\ward_120_water_demand_lgb.joblib
2025-12-24 15:55:17,236 | INFO | Saved forecast at AI_forecasting\results\ml\forecasts\ward_120_water_demand_forecast.csv
2025-12-24 15:55:17,816 | INFO | Saved model at AI_forecasting\artifacts\ml\models\ward_120_congestion_index_lgb.joblib
2025-12-24 15:55:18,195 | INFO | Saved forecast at AI_forecasting\results\ml\forecasts\ward_120_congestion_index_forecast.csv
2025-12-24 15:55:18,892 | INFO | Saved model at AI_forecasting\artifacts\ml\models\ward_120_pm25_lgb.joblib
2025-12-24 15:55:19,389 | INFO | Saved forecast at AI_forecasting\results\ml\forecasts\ward_120_pm25_forecast.csv
2025-12-24 15:55:20,073 | INFO | Saved model at AI_forecasting\artifacts\ml\models\ward_121_electricity_demand_lgb.joblib
2025-12-24 15:55:20,564 | INFO | Saved forecast at AI_forecasting\results\ml\forecasts\ward_121_electricity_demand_forecast.csv
2025-12-24 15:55:21,086 | INFO | Saved model at AI_forecasting\artifacts\ml\models\ward_121_water_demand_lgb.joblib
2025-12-24 15:55:21,454 | INFO | Saved forecast at AI_forecasting\results\ml\forecasts\ward_121_water_demand_forecast.csv
2025-12-24 15:55:21,989 | INFO | Saved model at AI_forecasting\artifacts\ml\models\ward_121_congestion_index_lgb.joblib
2025-12-24 15:55:22,406 | INFO | Saved forecast at AI_forecasting\results\ml\forecasts\ward_121_congestion_index_forecast.csv
2025-12-24 15:55:22,959 | INFO | Saved model at AI_forecasting\artifacts\ml\models\ward_121_pm25_lgb.joblib
2025-12-24 15:55:23,361 | INFO | Saved forecast at AI_forecasting\results\ml\forecasts\ward_121_pm25_forecast.csv
2025-12-24 15:55:23,880 | INFO | Saved model at AI_forecasting\artifacts\ml\models\ward_122_electricity_demand_lgb.joblib
2025-12-24 15:55:24,248 | INFO | Saved forecast at AI_forecasting\results\ml\forecasts\ward_122_electricity_demand_forecast.csv
2025-12-24 15:55:24,783 | INFO | Saved model at AI_forecasting\artifacts\ml\models\ward_122_water_demand_lgb.joblib
2025-12-24 15:55:25,145 | INFO | Saved forecast at AI_forecasting\results\ml\forecasts\ward_122_water_demand_forecast.csv
2025-12-24 15:55:25,693 | INFO | Saved model at AI_forecasting\artifacts\ml\models\ward_122_congestion_index_lgb.joblib
2025-12-24 15:55:26,163 | INFO | Saved forecast at AI_forecasting\results\ml\forecasts\ward_122_congestion_index_forecast.csv
2025-12-24 15:55:26,757 | INFO | Saved model at AI_forecasting\artifacts\ml\models\ward_122_pm25_lgb.joblib
2025-12-24 15:55:27,154 | INFO | Saved forecast at AI_forecasting\results\ml\forecasts\ward_122_pm25_forecast.csv
2025-12-24 15:55:27,684 | INFO | Saved model at AI_forecasting\artifacts\ml\models\ward_123_electricity_demand_lgb.joblib
2025-12-24 15:55:28,061 | INFO | Saved forecast at AI_forecasting\results\ml\forecasts\ward_123_electricity_demand_forecast.csv
2025-12-24 15:55:28,595 | INFO | Saved model at AI_forecasting\artifacts\ml\models\ward_123_water_demand_lgb.joblib
2025-12-24 15:55:28,967 | INFO | Saved forecast at AI_forecasting\results\ml\forecasts\ward_123_water_demand_forecast.csv
2025-12-24 15:55:29,490 | INFO | Saved model at AI_forecasting\artifacts\ml\models\ward_123_congestion_index_lgb.joblib
2025-12-24 15:55:29,883 | INFO | Saved forecast at AI_forecasting\results\ml\forecasts\ward_123_congestion_index_forecast.csv
2025-12-24 15:55:30,400 | INFO | Saved model at AI_forecasting\artifacts\ml\models\ward_123_pm25_lgb.joblib
2025-12-24 15:55:30,766 | INFO | Saved forecast at AI_forecasting\results\ml\forecasts\ward_123_pm25_forecast.csv
2025-12-24 15:55:31,288 | INFO | Saved model at AI_forecasting\artifacts\ml\models\ward_124_electricity_demand_lgb.joblib
2025-12-24 15:55:31,650 | INFO | Saved forecast at AI_forecasting\results\ml\forecasts\ward_124_electricity_demand_forecast.csv
2025-12-24 15:55:32,174 | INFO | Saved model at AI_forecasting\artifacts\ml\models\ward_124_water_demand_lgb.joblib
2025-12-24 15:55:32,574 | INFO | Saved forecast at AI_forecasting\results\ml\forecasts\ward_124_water_demand_forecast.csv
2025-12-24 15:55:33,099 | INFO | Saved model at AI_forecasting\artifacts\ml\models\ward_124_congestion_index_lgb.joblib
2025-12-24 15:55:33,465 | INFO | Saved forecast at AI_forecasting\results\ml\forecasts\ward_124_congestion_index_forecast.csv
2025-12-24 15:55:33,979 | INFO | Saved model at AI_forecasting\artifacts\ml\models\ward_124_pm25_lgb.joblib
2025-12-24 15:55:34,346 | INFO | Saved forecast at AI_forecasting\results\ml\forecasts\ward_124_pm25_forecast.csv
2025-12-24 15:55:34,859 | INFO | Saved model at AI_forecasting\artifacts\ml\models\ward_125_electricity_demand_lgb.joblib
2025-12-24 15:55:35,215 | INFO | Saved forecast at AI_forecasting\results\ml\forecasts\ward_125_electricity_demand_forecast.csv
2025-12-24 15:55:35,740 | INFO | Saved model at AI_forecasting\artifacts\ml\models\ward_125_water_demand_lgb.joblib
2025-12-24 15:55:36,113 | INFO | Saved forecast at AI_forecasting\results\ml\forecasts\ward_125_water_demand_forecast.csv
2025-12-24 15:55:36,653 | INFO | Saved model at AI_forecasting\artifacts\ml\models\ward_125_congestion_index_lgb.joblib
2025-12-24 15:55:37,017 | INFO | Saved forecast at AI_forecasting\results\ml\forecasts\ward_125_congestion_index_forecast.csv
2025-12-24 15:55:37,531 | INFO | Saved model at AI_forecasting\artifacts\ml\models\ward_125_pm25_lgb.joblib
2025-12-24 15:55:37,893 | INFO | Saved forecast at AI_forecasting\results\ml\forecasts\ward_125_pm25_forecast.csv
2025-12-24 15:55:38,467 | INFO | Saved model at AI_forecasting\artifacts\ml\models\ward_126_electricity_demand_lgb.joblib
2025-12-24 15:55:38,890 | INFO | Saved forecast at AI_forecasting\results\ml\forecasts\ward_126_electricity_demand_forecast.csv
2025-12-24 15:55:39,412 | INFO | Saved model at AI_forecasting\artifacts\ml\models\ward_126_water_demand_lgb.joblib
2025-12-24 15:55:39,790 | INFO | Saved forecast at AI_forecasting\results\ml\forecasts\ward_126_water_demand_forecast.csv
2025-12-24 15:55:40,401 | INFO | Saved model at AI_forecasting\artifacts\ml\models\ward_126_congestion_index_lgb.joblib
2025-12-24 15:55:40,818 | INFO | Saved forecast at AI_forecasting\results\ml\forecasts\ward_126_congestion_index_forecast.csv
2025-12-24 15:55:41,359 | INFO | Saved model at AI_forecasting\artifacts\ml\models\ward_126_pm25_lgb.joblib
2025-12-24 15:55:41,761 | INFO | Saved forecast at AI_forecasting\results\ml\forecasts\ward_126_pm25_forecast.csv
2025-12-24 15:55:42,293 | INFO | Saved model at AI_forecasting\artifacts\ml\models\ward_127_electricity_demand_lgb.joblib
2025-12-24 15:55:42,681 | INFO | Saved forecast at AI_forecasting\results\ml\forecasts\ward_127_electricity_demand_forecast.csv
2025-12-24 15:55:43,201 | INFO | Saved model at AI_forecasting\artifacts\ml\models\ward_127_water_demand_lgb.joblib
2025-12-24 15:55:43,589 | INFO | Saved forecast at AI_forecasting\results\ml\forecasts\ward_127_water_demand_forecast.csv
2025-12-24 15:55:44,115 | INFO | Saved model at AI_forecasting\artifacts\ml\models\ward_127_congestion_index_lgb.joblib
2025-12-24 15:55:44,487 | INFO | Saved forecast at AI_forecasting\results\ml\forecasts\ward_127_congestion_index_forecast.csv
2025-12-24 15:55:45,016 | INFO | Saved model at AI_forecasting\artifacts\ml\models\ward_127_pm25_lgb.joblib
2025-12-24 15:55:45,389 | INFO | Saved forecast at AI_forecasting\results\ml\forecasts\ward_127_pm25_forecast.csv
2025-12-24 15:55:45,907 | INFO | Saved model at AI_forecasting\artifacts\ml\models\ward_128_electricity_demand_lgb.joblib
2025-12-24 15:55:46,295 | INFO | Saved forecast at AI_forecasting\results\ml\forecasts\ward_128_electricity_demand_forecast.csv
2025-12-24 15:55:46,823 | INFO | Saved model at AI_forecasting\artifacts\ml\models\ward_128_water_demand_lgb.joblib
2025-12-24 15:55:47,192 | INFO | Saved forecast at AI_forecasting\results\ml\forecasts\ward_128_water_demand_forecast.csv
2025-12-24 15:55:47,743 | INFO | Saved model at AI_forecasting\artifacts\ml\models\ward_128_congestion_index_lgb.joblib
2025-12-24 15:55:48,123 | INFO | Saved forecast at AI_forecasting\results\ml\forecasts\ward_128_congestion_index_forecast.csv
2025-12-24 15:55:48,666 | INFO | Saved model at AI_forecasting\artifacts\ml\models\ward_128_pm25_lgb.joblib
2025-12-24 15:55:49,098 | INFO | Saved forecast at AI_forecasting\results\ml\forecasts\ward_128_pm25_forecast.csv
2025-12-24 15:55:49,620 | INFO | Saved model at AI_forecasting\artifacts\ml\models\ward_129_electricity_demand_lgb.joblib
2025-12-24 15:55:50,121 | INFO | Saved forecast at AI_forecasting\results\ml\forecasts\ward_129_electricity_demand_forecast.csv
2025-12-24 15:55:50,697 | INFO | Saved model at AI_forecasting\artifacts\ml\models\ward_129_water_demand_lgb.joblib
2025-12-24 15:55:51,126 | INFO | Saved forecast at AI_forecasting\results\ml\forecasts\ward_129_water_demand_forecast.csv
2025-12-24 15:55:51,668 | INFO | Saved model at AI_forecasting\artifacts\ml\models\ward_129_congestion_index_lgb.joblib
2025-12-24 15:55:52,037 | INFO | Saved forecast at AI_forecasting\results\ml\forecasts\ward_129_congestion_index_forecast.csv
2025-12-24 15:55:52,553 | INFO | Saved model at AI_forecasting\artifacts\ml\models\ward_129_pm25_lgb.joblib
2025-12-24 15:55:52,957 | INFO | Saved forecast at AI_forecasting\results\ml\forecasts\ward_129_pm25_forecast.csv
2025-12-24 15:55:53,500 | INFO | Saved model at AI_forecasting\artifacts\ml\models\ward_13_electricity_demand_lgb.joblib
2025-12-24 15:55:53,932 | INFO | Saved forecast at AI_forecasting\results\ml\forecasts\ward_13_electricity_demand_forecast.csv
2025-12-24 15:55:54,467 | INFO | Saved model at AI_forecasting\artifacts\ml\models\ward_13_water_demand_lgb.joblib
2025-12-24 15:55:54,837 | INFO | Saved forecast at AI_forecasting\results\ml\forecasts\ward_13_water_demand_forecast.csv
2025-12-24 15:55:55,352 | INFO | Saved model at AI_forecasting\artifacts\ml\models\ward_13_congestion_index_lgb.joblib
2025-12-24 15:55:55,708 | INFO | Saved forecast at AI_forecasting\results\ml\forecasts\ward_13_congestion_index_forecast.csv
2025-12-24 15:55:56,223 | INFO | Saved model at AI_forecasting\artifacts\ml\models\ward_13_pm25_lgb.joblib
2025-12-24 15:55:56,581 | INFO | Saved forecast at AI_forecasting\results\ml\forecasts\ward_13_pm25_forecast.csv
2025-12-24 15:55:57,104 | INFO | Saved model at AI_forecasting\artifacts\ml\models\ward_130_electricity_demand_lgb.joblib
2025-12-24 15:55:57,461 | INFO | Saved forecast at AI_forecasting\results\ml\forecasts\ward_130_electricity_demand_forecast.csv
2025-12-24 15:55:58,017 | INFO | Saved model at AI_forecasting\artifacts\ml\models\ward_130_water_demand_lgb.joblib
2025-12-24 15:55:58,414 | INFO | Saved forecast at AI_forecasting\results\ml\forecasts\ward_130_water_demand_forecast.csv
2025-12-24 15:55:58,960 | INFO | Saved model at AI_forecasting\artifacts\ml\models\ward_130_congestion_index_lgb.joblib
2025-12-24 15:55:59,340 | INFO | Saved forecast at AI_forecasting\results\ml\forecasts\ward_130_congestion_index_forecast.csv
2025-12-24 15:55:59,864 | INFO | Saved model at AI_forecasting\artifacts\ml\models\ward_130_pm25_lgb.joblib
2025-12-24 15:56:00,251 | INFO | Saved forecast at AI_forecasting\results\ml\forecasts\ward_130_pm25_forecast.csv
2025-12-24 15:56:00,763 | INFO | Saved model at AI_forecasting\artifacts\ml\models\ward_131_electricity_demand_lgb.joblib
2025-12-24 15:56:01,127 | INFO | Saved forecast at AI_forecasting\results\ml\forecasts\ward_131_electricity_demand_forecast.csv
2025-12-24 15:56:01,688 | INFO | Saved model at AI_forecasting\artifacts\ml\models\ward_131_water_demand_lgb.joblib
2025-12-24 15:56:02,058 | INFO | Saved forecast at AI_forecasting\results\ml\forecasts\ward_131_water_demand_forecast.csv
2025-12-24 15:56:02,585 | INFO | Saved model at AI_forecasting\artifacts\ml\models\ward_131_congestion_index_lgb.joblib
2025-12-24 15:56:02,948 | INFO | Saved forecast at AI_forecasting\results\ml\forecasts\ward_131_congestion_index_forecast.csv
2025-12-24 15:56:03,473 | INFO | Saved model at AI_forecasting\artifacts\ml\models\ward_131_pm25_lgb.joblib
2025-12-24 15:56:03,866 | INFO | Saved forecast at AI_forecasting\results\ml\forecasts\ward_131_pm25_forecast.csv
2025-12-24 15:56:04,379 | INFO | Saved model at AI_forecasting\artifacts\ml\models\ward_132_electricity_demand_lgb.joblib
2025-12-24 15:56:04,743 | INFO | Saved forecast at AI_forecasting\results\ml\forecasts\ward_132_electricity_demand_forecast.csv
2025-12-24 15:56:05,251 | INFO | Saved model at AI_forecasting\artifacts\ml\models\ward_132_water_demand_lgb.joblib
2025-12-24 15:56:05,606 | INFO | Saved forecast at AI_forecasting\results\ml\forecasts\ward_132_water_demand_forecast.csv
2025-12-24 15:56:06,110 | INFO | Saved model at AI_forecasting\artifacts\ml\models\ward_132_congestion_index_lgb.joblib
2025-12-24 15:56:06,463 | INFO | Saved forecast at AI_forecasting\results\ml\forecasts\ward_132_congestion_index_forecast.csv
2025-12-24 15:56:06,978 | INFO | Saved model at AI_forecasting\artifacts\ml\models\ward_132_pm25_lgb.joblib
2025-12-24 15:56:07,336 | INFO | Saved forecast at AI_forecasting\results\ml\forecasts\ward_132_pm25_forecast.csv
2025-12-24 15:56:07,843 | INFO | Saved model at AI_forecasting\artifacts\ml\models\ward_133_electricity_demand_lgb.joblib
2025-12-24 15:56:08,202 | INFO | Saved forecast at AI_forecasting\results\ml\forecasts\ward_133_electricity_demand_forecast.csv
2025-12-24 15:56:08,738 | INFO | Saved model at AI_forecasting\artifacts\ml\models\ward_133_water_demand_lgb.joblib
2025-12-24 15:56:09,105 | INFO | Saved forecast at AI_forecasting\results\ml\forecasts\ward_133_water_demand_forecast.csv
2025-12-24 15:56:09,644 | INFO | Saved model at AI_forecasting\artifacts\ml\models\ward_133_congestion_index_lgb.joblib
2025-12-24 15:56:10,009 | INFO | Saved forecast at AI_forecasting\results\ml\forecasts\ward_133_congestion_index_forecast.csv
2025-12-24 15:56:10,520 | INFO | Saved model at AI_forecasting\artifacts\ml\models\ward_133_pm25_lgb.joblib
2025-12-24 15:56:10,880 | INFO | Saved forecast at AI_forecasting\results\ml\forecasts\ward_133_pm25_forecast.csv
2025-12-24 15:56:11,399 | INFO | Saved model at AI_forecasting\artifacts\ml\models\ward_134_electricity_demand_lgb.joblib
2025-12-24 15:56:11,763 | INFO | Saved forecast at AI_forecasting\results\ml\forecasts\ward_134_electricity_demand_forecast.csv
2025-12-24 15:56:12,269 | INFO | Saved model at AI_forecasting\artifacts\ml\models\ward_134_water_demand_lgb.joblib
2025-12-24 15:56:12,624 | INFO | Saved forecast at AI_forecasting\results\ml\forecasts\ward_134_water_demand_forecast.csv
2025-12-24 15:56:13,172 | INFO | Saved model at AI_forecasting\artifacts\ml\models\ward_134_congestion_index_lgb.joblib
2025-12-24 15:56:13,547 | INFO | Saved forecast at AI_forecasting\results\ml\forecasts\ward_134_congestion_index_forecast.csv
2025-12-24 15:56:14,070 | INFO | Saved model at AI_forecasting\artifacts\ml\models\ward_134_pm25_lgb.joblib
2025-12-24 15:56:14,443 | INFO | Saved forecast at AI_forecasting\results\ml\forecasts\ward_134_pm25_forecast.csv
2025-12-24 15:56:14,993 | INFO | Saved model at AI_forecasting\artifacts\ml\models\ward_135_electricity_demand_lgb.joblib
2025-12-24 15:56:15,355 | INFO | Saved forecast at AI_forecasting\results\ml\forecasts\ward_135_electricity_demand_forecast.csv
2025-12-24 15:56:15,875 | INFO | Saved model at AI_forecasting\artifacts\ml\models\ward_135_water_demand_lgb.joblib
2025-12-24 15:56:16,244 | INFO | Saved forecast at AI_forecasting\results\ml\forecasts\ward_135_water_demand_forecast.csv
2025-12-24 15:56:16,819 | INFO | Saved model at AI_forecasting\artifacts\ml\models\ward_135_congestion_index_lgb.joblib
2025-12-24 15:56:17,182 | INFO | Saved forecast at AI_forecasting\results\ml\forecasts\ward_135_congestion_index_forecast.csv
2025-12-24 15:56:17,689 | INFO | Saved model at AI_forecasting\artifacts\ml\models\ward_135_pm25_lgb.joblib
2025-12-24 15:56:18,047 | INFO | Saved forecast at AI_forecasting\results\ml\forecasts\ward_135_pm25_forecast.csv
2025-12-24 15:56:18,568 | INFO | Saved model at AI_forecasting\artifacts\ml\models\ward_136_electricity_demand_lgb.joblib
2025-12-24 15:56:18,963 | INFO | Saved forecast at AI_forecasting\results\ml\forecasts\ward_136_electricity_demand_forecast.csv
2025-12-24 15:56:19,495 | INFO | Saved model at AI_forecasting\artifacts\ml\models\ward_136_water_demand_lgb.joblib
2025-12-24 15:56:19,854 | INFO | Saved forecast at AI_forecasting\results\ml\forecasts\ward_136_water_demand_forecast.csv
2025-12-24 15:56:20,372 | INFO | Saved model at AI_forecasting\artifacts\ml\models\ward_136_congestion_index_lgb.joblib
2025-12-24 15:56:20,731 | INFO | Saved forecast at AI_forecasting\results\ml\forecasts\ward_136_congestion_index_forecast.csv
2025-12-24 15:56:21,237 | INFO | Saved model at AI_forecasting\artifacts\ml\models\ward_136_pm25_lgb.joblib
2025-12-24 15:56:21,597 | INFO | Saved forecast at AI_forecasting\results\ml\forecasts\ward_136_pm25_forecast.csv
2025-12-24 15:56:22,118 | INFO | Saved model at AI_forecasting\artifacts\ml\models\ward_137_electricity_demand_lgb.joblib
2025-12-24 15:56:22,484 | INFO | Saved forecast at AI_forecasting\results\ml\forecasts\ward_137_electricity_demand_forecast.csv
2025-12-24 15:56:22,998 | INFO | Saved model at AI_forecasting\artifacts\ml\models\ward_137_water_demand_lgb.joblib
2025-12-24 15:56:23,362 | INFO | Saved forecast at AI_forecasting\results\ml\forecasts\ward_137_water_demand_forecast.csv
2025-12-24 15:56:23,885 | INFO | Saved model at AI_forecasting\artifacts\ml\models\ward_137_congestion_index_lgb.joblib
2025-12-24 15:56:24,252 | INFO | Saved forecast at AI_forecasting\results\ml\forecasts\ward_137_congestion_index_forecast.csv
2025-12-24 15:56:24,762 | INFO | Saved model at AI_forecasting\artifacts\ml\models\ward_137_pm25_lgb.joblib
2025-12-24 15:56:25,121 | INFO | Saved forecast at AI_forecasting\results\ml\forecasts\ward_137_pm25_forecast.csv
2025-12-24 15:56:25,647 | INFO | Saved model at AI_forecasting\artifacts\ml\models\ward_138_electricity_demand_lgb.joblib
2025-12-24 15:56:26,012 | INFO | Saved forecast at AI_forecasting\results\ml\forecasts\ward_138_electricity_demand_forecast.csv
2025-12-24 15:56:26,537 | INFO | Saved model at AI_forecasting\artifacts\ml\models\ward_138_water_demand_lgb.joblib
2025-12-24 15:56:26,900 | INFO | Saved forecast at AI_forecasting\results\ml\forecasts\ward_138_water_demand_forecast.csv
2025-12-24 15:56:27,428 | INFO | Saved model at AI_forecasting\artifacts\ml\models\ward_138_congestion_index_lgb.joblib
2025-12-24 15:56:27,792 | INFO | Saved forecast at AI_forecasting\results\ml\forecasts\ward_138_congestion_index_forecast.csv
2025-12-24 15:56:28,311 | INFO | Saved model at AI_forecasting\artifacts\ml\models\ward_138_pm25_lgb.joblib
2025-12-24 15:56:28,684 | INFO | Saved forecast at AI_forecasting\results\ml\forecasts\ward_138_pm25_forecast.csv
2025-12-24 15:56:29,222 | INFO | Saved model at AI_forecasting\artifacts\ml\models\ward_139_electricity_demand_lgb.joblib
2025-12-24 15:56:29,599 | INFO | Saved forecast at AI_forecasting\results\ml\forecasts\ward_139_electricity_demand_forecast.csv
2025-12-24 15:56:30,118 | INFO | Saved model at AI_forecasting\artifacts\ml\models\ward_139_water_demand_lgb.joblib
2025-12-24 15:56:30,503 | INFO | Saved forecast at AI_forecasting\results\ml\forecasts\ward_139_water_demand_forecast.csv
2025-12-24 15:56:31,031 | INFO | Saved model at AI_forecasting\artifacts\ml\models\ward_139_congestion_index_lgb.joblib
2025-12-24 15:56:31,398 | INFO | Saved forecast at AI_forecasting\results\ml\forecasts\ward_139_congestion_index_forecast.csv
2025-12-24 15:56:31,916 | INFO | Saved model at AI_forecasting\artifacts\ml\models\ward_139_pm25_lgb.joblib
2025-12-24 15:56:32,276 | INFO | Saved forecast at AI_forecasting\results\ml\forecasts\ward_139_pm25_forecast.csv
2025-12-24 15:56:32,844 | INFO | Saved model at AI_forecasting\artifacts\ml\models\ward_14_electricity_demand_lgb.joblib
2025-12-24 15:56:33,278 | INFO | Saved forecast at AI_forecasting\results\ml\forecasts\ward_14_electricity_demand_forecast.csv
2025-12-24 15:56:33,838 | INFO | Saved model at AI_forecasting\artifacts\ml\models\ward_14_water_demand_lgb.joblib
2025-12-24 15:56:34,251 | INFO | Saved forecast at AI_forecasting\results\ml\forecasts\ward_14_water_demand_forecast.csv
2025-12-24 15:56:34,771 | INFO | Saved model at AI_forecasting\artifacts\ml\models\ward_14_congestion_index_lgb.joblib
2025-12-24 15:56:35,136 | INFO | Saved forecast at AI_forecasting\results\ml\forecasts\ward_14_congestion_index_forecast.csv
2025-12-24 15:56:35,681 | INFO | Saved model at AI_forecasting\artifacts\ml\models\ward_14_pm25_lgb.joblib
2025-12-24 15:56:36,101 | INFO | Saved forecast at AI_forecasting\results\ml\forecasts\ward_14_pm25_forecast.csv
2025-12-24 15:56:36,634 | INFO | Saved model at AI_forecasting\artifacts\ml\models\ward_140_electricity_demand_lgb.joblib
2025-12-24 15:56:37,008 | INFO | Saved forecast at AI_forecasting\results\ml\forecasts\ward_140_electricity_demand_forecast.csv
2025-12-24 15:56:37,527 | INFO | Saved model at AI_forecasting\artifacts\ml\models\ward_140_water_demand_lgb.joblib
2025-12-24 15:56:37,889 | INFO | Saved forecast at AI_forecasting\results\ml\forecasts\ward_140_water_demand_forecast.csv
2025-12-24 15:56:38,485 | INFO | Saved model at AI_forecasting\artifacts\ml\models\ward_140_congestion_index_lgb.joblib
2025-12-24 15:56:38,884 | INFO | Saved forecast at AI_forecasting\results\ml\forecasts\ward_140_congestion_index_forecast.csv
2025-12-24 15:56:39,428 | INFO | Saved model at AI_forecasting\artifacts\ml\models\ward_140_pm25_lgb.joblib
2025-12-24 15:56:39,806 | INFO | Saved forecast at AI_forecasting\results\ml\forecasts\ward_140_pm25_forecast.csv
2025-12-24 15:56:40,337 | INFO | Saved model at AI_forecasting\artifacts\ml\models\ward_141_electricity_demand_lgb.joblib
2025-12-24 15:56:40,724 | INFO | Saved forecast at AI_forecasting\results\ml\forecasts\ward_141_electricity_demand_forecast.csv
2025-12-24 15:56:41,245 | INFO | Saved model at AI_forecasting\artifacts\ml\models\ward_141_water_demand_lgb.joblib
2025-12-24 15:56:41,623 | INFO | Saved forecast at AI_forecasting\results\ml\forecasts\ward_141_water_demand_forecast.csv
2025-12-24 15:56:42,194 | INFO | Saved model at AI_forecasting\artifacts\ml\models\ward_141_congestion_index_lgb.joblib
2025-12-24 15:56:42,587 | INFO | Saved forecast at AI_forecasting\results\ml\forecasts\ward_141_congestion_index_forecast.csv
2025-12-24 15:56:43,136 | INFO | Saved model at AI_forecasting\artifacts\ml\models\ward_141_pm25_lgb.joblib
2025-12-24 15:56:43,575 | INFO | Saved forecast at AI_forecasting\results\ml\forecasts\ward_141_pm25_forecast.csv
2025-12-24 15:56:44,135 | INFO | Saved model at AI_forecasting\artifacts\ml\models\ward_142_electricity_demand_lgb.joblib
2025-12-24 15:56:44,509 | INFO | Saved forecast at AI_forecasting\results\ml\forecasts\ward_142_electricity_demand_forecast.csv
2025-12-24 15:56:45,040 | INFO | Saved model at AI_forecasting\artifacts\ml\models\ward_142_water_demand_lgb.joblib
2025-12-24 15:56:45,415 | INFO | Saved forecast at AI_forecasting\results\ml\forecasts\ward_142_water_demand_forecast.csv
2025-12-24 15:56:45,943 | INFO | Saved model at AI_forecasting\artifacts\ml\models\ward_142_congestion_index_lgb.joblib
2025-12-24 15:56:46,321 | INFO | Saved forecast at AI_forecasting\results\ml\forecasts\ward_142_congestion_index_forecast.csv
2025-12-24 15:56:46,865 | INFO | Saved model at AI_forecasting\artifacts\ml\models\ward_142_pm25_lgb.joblib
2025-12-24 15:56:47,254 | INFO | Saved forecast at AI_forecasting\results\ml\forecasts\ward_142_pm25_forecast.csv
2025-12-24 15:56:47,790 | INFO | Saved model at AI_forecasting\artifacts\ml\models\ward_143_electricity_demand_lgb.joblib
2025-12-24 15:56:48,171 | INFO | Saved forecast at AI_forecasting\results\ml\forecasts\ward_143_electricity_demand_forecast.csv
2025-12-24 15:56:48,720 | INFO | Saved model at AI_forecasting\artifacts\ml\models\ward_143_water_demand_lgb.joblib
2025-12-24 15:56:49,093 | INFO | Saved forecast at AI_forecasting\results\ml\forecasts\ward_143_water_demand_forecast.csv
2025-12-24 15:56:49,641 | INFO | Saved model at AI_forecasting\artifacts\ml\models\ward_143_congestion_index_lgb.joblib
2025-12-24 15:56:50,064 | INFO | Saved forecast at AI_forecasting\results\ml\forecasts\ward_143_congestion_index_forecast.csv
2025-12-24 15:56:50,606 | INFO | Saved model at AI_forecasting\artifacts\ml\models\ward_143_pm25_lgb.joblib
2025-12-24 15:56:51,001 | INFO | Saved forecast at AI_forecasting\results\ml\forecasts\ward_143_pm25_forecast.csv
2025-12-24 15:56:51,543 | INFO | Saved model at AI_forecasting\artifacts\ml\models\ward_144_electricity_demand_lgb.joblib
2025-12-24 15:56:51,955 | INFO | Saved forecast at AI_forecasting\results\ml\forecasts\ward_144_electricity_demand_forecast.csv
2025-12-24 15:56:52,473 | INFO | Saved model at AI_forecasting\artifacts\ml\models\ward_144_water_demand_lgb.joblib
2025-12-24 15:56:52,856 | INFO | Saved forecast at AI_forecasting\results\ml\forecasts\ward_144_water_demand_forecast.csv
2025-12-24 15:56:53,387 | INFO | Saved model at AI_forecasting\artifacts\ml\models\ward_144_congestion_index_lgb.joblib
2025-12-24 15:56:53,801 | INFO | Saved forecast at AI_forecasting\results\ml\forecasts\ward_144_congestion_index_forecast.csv
2025-12-24 15:56:54,355 | INFO | Saved model at AI_forecasting\artifacts\ml\models\ward_144_pm25_lgb.joblib
2025-12-24 15:56:54,735 | INFO | Saved forecast at AI_forecasting\results\ml\forecasts\ward_144_pm25_forecast.csv
2025-12-24 15:56:55,275 | INFO | Saved model at AI_forecasting\artifacts\ml\models\ward_145_electricity_demand_lgb.joblib
2025-12-24 15:56:55,659 | INFO | Saved forecast at AI_forecasting\results\ml\forecasts\ward_145_electricity_demand_forecast.csv
2025-12-24 15:56:56,243 | INFO | Saved model at AI_forecasting\artifacts\ml\models\ward_145_water_demand_lgb.joblib
2025-12-24 15:56:56,615 | INFO | Saved forecast at AI_forecasting\results\ml\forecasts\ward_145_water_demand_forecast.csv
2025-12-24 15:56:57,126 | INFO | Saved model at AI_forecasting\artifacts\ml\models\ward_145_congestion_index_lgb.joblib
2025-12-24 15:56:57,482 | INFO | Saved forecast at AI_forecasting\results\ml\forecasts\ward_145_congestion_index_forecast.csv
2025-12-24 15:56:57,985 | INFO | Saved model at AI_forecasting\artifacts\ml\models\ward_145_pm25_lgb.joblib
2025-12-24 15:56:58,343 | INFO | Saved forecast at AI_forecasting\results\ml\forecasts\ward_145_pm25_forecast.csv
2025-12-24 15:56:58,846 | INFO | Saved model at AI_forecasting\artifacts\ml\models\ward_146_electricity_demand_lgb.joblib
2025-12-24 15:56:59,198 | INFO | Saved forecast at AI_forecasting\results\ml\forecasts\ward_146_electricity_demand_forecast.csv
2025-12-24 15:56:59,714 | INFO | Saved model at AI_forecasting\artifacts\ml\models\ward_146_water_demand_lgb.joblib
2025-12-24 15:57:00,083 | INFO | Saved forecast at AI_forecasting\results\ml\forecasts\ward_146_water_demand_forecast.csv
2025-12-24 15:57:00,594 | INFO | Saved model at AI_forecasting\artifacts\ml\models\ward_146_congestion_index_lgb.joblib
2025-12-24 15:57:00,982 | INFO | Saved forecast at AI_forecasting\results\ml\forecasts\ward_146_congestion_index_forecast.csv
2025-12-24 15:57:01,492 | INFO | Saved model at AI_forecasting\artifacts\ml\models\ward_146_pm25_lgb.joblib
2025-12-24 15:57:01,872 | INFO | Saved forecast at AI_forecasting\results\ml\forecasts\ward_146_pm25_forecast.csv
2025-12-24 15:57:02,377 | INFO | Saved model at AI_forecasting\artifacts\ml\models\ward_147_electricity_demand_lgb.joblib
2025-12-24 15:57:02,741 | INFO | Saved forecast at AI_forecasting\results\ml\forecasts\ward_147_electricity_demand_forecast.csv
2025-12-24 15:57:03,250 | INFO | Saved model at AI_forecasting\artifacts\ml\models\ward_147_water_demand_lgb.joblib
2025-12-24 15:57:03,616 | INFO | Saved forecast at AI_forecasting\results\ml\forecasts\ward_147_water_demand_forecast.csv
2025-12-24 15:57:04,153 | INFO | Saved model at AI_forecasting\artifacts\ml\models\ward_147_congestion_index_lgb.joblib
2025-12-24 15:57:04,551 | INFO | Saved forecast at AI_forecasting\results\ml\forecasts\ward_147_congestion_index_forecast.csv
2025-12-24 15:57:05,072 | INFO | Saved model at AI_forecasting\artifacts\ml\models\ward_147_pm25_lgb.joblib
2025-12-24 15:57:05,443 | INFO | Saved forecast at AI_forecasting\results\ml\forecasts\ward_147_pm25_forecast.csv
2025-12-24 15:57:05,991 | INFO | Saved model at AI_forecasting\artifacts\ml\models\ward_148_electricity_demand_lgb.joblib
2025-12-24 15:57:06,383 | INFO | Saved forecast at AI_forecasting\results\ml\forecasts\ward_148_electricity_demand_forecast.csv
2025-12-24 15:57:06,912 | INFO | Saved model at AI_forecasting\artifacts\ml\models\ward_148_water_demand_lgb.joblib
2025-12-24 15:57:07,276 | INFO | Saved forecast at AI_forecasting\results\ml\forecasts\ward_148_water_demand_forecast.csv
2025-12-24 15:57:07,811 | INFO | Saved model at AI_forecasting\artifacts\ml\models\ward_148_congestion_index_lgb.joblib
2025-12-24 15:57:08,202 | INFO | Saved forecast at AI_forecasting\results\ml\forecasts\ward_148_congestion_index_forecast.csv
2025-12-24 15:57:08,723 | INFO | Saved model at AI_forecasting\artifacts\ml\models\ward_148_pm25_lgb.joblib
2025-12-24 15:57:09,088 | INFO | Saved forecast at AI_forecasting\results\ml\forecasts\ward_148_pm25_forecast.csv
2025-12-24 15:57:09,600 | INFO | Saved model at AI_forecasting\artifacts\ml\models\ward_149_electricity_demand_lgb.joblib
2025-12-24 15:57:09,967 | INFO | Saved forecast at AI_forecasting\results\ml\forecasts\ward_149_electricity_demand_forecast.csv
2025-12-24 15:57:10,471 | INFO | Saved model at AI_forecasting\artifacts\ml\models\ward_149_water_demand_lgb.joblib
2025-12-24 15:57:10,835 | INFO | Saved forecast at AI_forecasting\results\ml\forecasts\ward_149_water_demand_forecast.csv
2025-12-24 15:57:11,353 | INFO | Saved model at AI_forecasting\artifacts\ml\models\ward_149_congestion_index_lgb.joblib
2025-12-24 15:57:11,728 | INFO | Saved forecast at AI_forecasting\results\ml\forecasts\ward_149_congestion_index_forecast.csv
2025-12-24 15:57:12,245 | INFO | Saved model at AI_forecasting\artifacts\ml\models\ward_149_pm25_lgb.joblib
2025-12-24 15:57:12,616 | INFO | Saved forecast at AI_forecasting\results\ml\forecasts\ward_149_pm25_forecast.csv
2025-12-24 15:57:13,129 | INFO | Saved model at AI_forecasting\artifacts\ml\models\ward_15_electricity_demand_lgb.joblib
2025-12-24 15:57:13,508 | INFO | Saved forecast at AI_forecasting\results\ml\forecasts\ward_15_electricity_demand_forecast.csv
2025-12-24 15:57:14,023 | INFO | Saved model at AI_forecasting\artifacts\ml\models\ward_15_water_demand_lgb.joblib
2025-12-24 15:57:14,400 | INFO | Saved forecast at AI_forecasting\results\ml\forecasts\ward_15_water_demand_forecast.csv
2025-12-24 15:57:14,948 | INFO | Saved model at AI_forecasting\artifacts\ml\models\ward_15_congestion_index_lgb.joblib
2025-12-24 15:57:15,307 | INFO | Saved forecast at AI_forecasting\results\ml\forecasts\ward_15_congestion_index_forecast.csv
2025-12-24 15:57:15,858 | INFO | Saved model at AI_forecasting\artifacts\ml\models\ward_15_pm25_lgb.joblib
2025-12-24 15:57:16,210 | INFO | Saved forecast at AI_forecasting\results\ml\forecasts\ward_15_pm25_forecast.csv
2025-12-24 15:57:16,723 | INFO | Saved model at AI_forecasting\artifacts\ml\models\ward_150_electricity_demand_lgb.joblib
2025-12-24 15:57:17,084 | INFO | Saved forecast at AI_forecasting\results\ml\forecasts\ward_150_electricity_demand_forecast.csv
2025-12-24 15:57:17,591 | INFO | Saved model at AI_forecasting\artifacts\ml\models\ward_150_water_demand_lgb.joblib
2025-12-24 15:57:17,954 | INFO | Saved forecast at AI_forecasting\results\ml\forecasts\ward_150_water_demand_forecast.csv
2025-12-24 15:57:18,471 | INFO | Saved model at AI_forecasting\artifacts\ml\models\ward_150_congestion_index_lgb.joblib
2025-12-24 15:57:18,842 | INFO | Saved forecast at AI_forecasting\results\ml\forecasts\ward_150_congestion_index_forecast.csv
2025-12-24 15:57:19,368 | INFO | Saved model at AI_forecasting\artifacts\ml\models\ward_150_pm25_lgb.joblib
2025-12-24 15:57:19,755 | INFO | Saved forecast at AI_forecasting\results\ml\forecasts\ward_150_pm25_forecast.csv
2025-12-24 15:57:20,257 | INFO | Saved model at AI_forecasting\artifacts\ml\models\ward_151_electricity_demand_lgb.joblib
2025-12-24 15:57:20,610 | INFO | Saved forecast at AI_forecasting\results\ml\forecasts\ward_151_electricity_demand_forecast.csv
2025-12-24 15:57:21,160 | INFO | Saved model at AI_forecasting\artifacts\ml\models\ward_151_water_demand_lgb.joblib
2025-12-24 15:57:21,547 | INFO | Saved forecast at AI_forecasting\results\ml\forecasts\ward_151_water_demand_forecast.csv
2025-12-24 15:57:22,071 | INFO | Saved model at AI_forecasting\artifacts\ml\models\ward_151_congestion_index_lgb.joblib
2025-12-24 15:57:22,447 | INFO | Saved forecast at AI_forecasting\results\ml\forecasts\ward_151_congestion_index_forecast.csv
2025-12-24 15:57:22,950 | INFO | Saved model at AI_forecasting\artifacts\ml\models\ward_151_pm25_lgb.joblib
2025-12-24 15:57:23,326 | INFO | Saved forecast at AI_forecasting\results\ml\forecasts\ward_151_pm25_forecast.csv
2025-12-24 15:57:23,858 | INFO | Saved model at AI_forecasting\artifacts\ml\models\ward_152_electricity_demand_lgb.joblib
2025-12-24 15:57:24,225 | INFO | Saved forecast at AI_forecasting\results\ml\forecasts\ward_152_electricity_demand_forecast.csv
2025-12-24 15:57:24,733 | INFO | Saved model at AI_forecasting\artifacts\ml\models\ward_152_water_demand_lgb.joblib
2025-12-24 15:57:25,119 | INFO | Saved forecast at AI_forecasting\results\ml\forecasts\ward_152_water_demand_forecast.csv
2025-12-24 15:57:25,641 | INFO | Saved model at AI_forecasting\artifacts\ml\models\ward_152_congestion_index_lgb.joblib
2025-12-24 15:57:26,012 | INFO | Saved forecast at AI_forecasting\results\ml\forecasts\ward_152_congestion_index_forecast.csv
2025-12-24 15:57:26,522 | INFO | Saved model at AI_forecasting\artifacts\ml\models\ward_152_pm25_lgb.joblib
2025-12-24 15:57:26,890 | INFO | Saved forecast at AI_forecasting\results\ml\forecasts\ward_152_pm25_forecast.csv
2025-12-24 15:57:27,424 | INFO | Saved model at AI_forecasting\artifacts\ml\models\ward_153_electricity_demand_lgb.joblib
2025-12-24 15:57:27,846 | INFO | Saved forecast at AI_forecasting\results\ml\forecasts\ward_153_electricity_demand_forecast.csv
2025-12-24 15:57:28,368 | INFO | Saved model at AI_forecasting\artifacts\ml\models\ward_153_water_demand_lgb.joblib
2025-12-24 15:57:28,759 | INFO | Saved forecast at AI_forecasting\results\ml\forecasts\ward_153_water_demand_forecast.csv
2025-12-24 15:57:29,294 | INFO | Saved model at AI_forecasting\artifacts\ml\models\ward_153_congestion_index_lgb.joblib
2025-12-24 15:57:29,668 | INFO | Saved forecast at AI_forecasting\results\ml\forecasts\ward_153_congestion_index_forecast.csv
2025-12-24 15:57:30,173 | INFO | Saved model at AI_forecasting\artifacts\ml\models\ward_153_pm25_lgb.joblib
2025-12-24 15:57:30,568 | INFO | Saved forecast at AI_forecasting\results\ml\forecasts\ward_153_pm25_forecast.csv
2025-12-24 15:57:31,087 | INFO | Saved model at AI_forecasting\artifacts\ml\models\ward_154_electricity_demand_lgb.joblib
2025-12-24 15:57:31,477 | INFO | Saved forecast at AI_forecasting\results\ml\forecasts\ward_154_electricity_demand_forecast.csv
2025-12-24 15:57:31,997 | INFO | Saved model at AI_forecasting\artifacts\ml\models\ward_154_water_demand_lgb.joblib
2025-12-24 15:57:32,380 | INFO | Saved forecast at AI_forecasting\results\ml\forecasts\ward_154_water_demand_forecast.csv
2025-12-24 15:57:32,913 | INFO | Saved model at AI_forecasting\artifacts\ml\models\ward_154_congestion_index_lgb.joblib
2025-12-24 15:57:33,316 | INFO | Saved forecast at AI_forecasting\results\ml\forecasts\ward_154_congestion_index_forecast.csv
2025-12-24 15:57:33,865 | INFO | Saved model at AI_forecasting\artifacts\ml\models\ward_154_pm25_lgb.joblib
2025-12-24 15:57:34,245 | INFO | Saved forecast at AI_forecasting\results\ml\forecasts\ward_154_pm25_forecast.csv
2025-12-24 15:57:34,804 | INFO | Saved model at AI_forecasting\artifacts\ml\models\ward_155_electricity_demand_lgb.joblib
2025-12-24 15:57:35,191 | INFO | Saved forecast at AI_forecasting\results\ml\forecasts\ward_155_electricity_demand_forecast.csv
2025-12-24 15:57:35,743 | INFO | Saved model at AI_forecasting\artifacts\ml\models\ward_155_water_demand_lgb.joblib
2025-12-24 15:57:36,141 | INFO | Saved forecast at AI_forecasting\results\ml\forecasts\ward_155_water_demand_forecast.csv
2025-12-24 15:57:36,668 | INFO | Saved model at AI_forecasting\artifacts\ml\models\ward_155_congestion_index_lgb.joblib
2025-12-24 15:57:37,036 | INFO | Saved forecast at AI_forecasting\results\ml\forecasts\ward_155_congestion_index_forecast.csv
2025-12-24 15:57:37,539 | INFO | Saved model at AI_forecasting\artifacts\ml\models\ward_155_pm25_lgb.joblib
2025-12-24 15:57:37,903 | INFO | Saved forecast at AI_forecasting\results\ml\forecasts\ward_155_pm25_forecast.csv
2025-12-24 15:57:38,398 | INFO | Saved model at AI_forecasting\artifacts\ml\models\ward_156_electricity_demand_lgb.joblib
2025-12-24 15:57:38,760 | INFO | Saved forecast at AI_forecasting\results\ml\forecasts\ward_156_electricity_demand_forecast.csv
2025-12-24 15:57:39,291 | INFO | Saved model at AI_forecasting\artifacts\ml\models\ward_156_water_demand_lgb.joblib
2025-12-24 15:57:39,670 | INFO | Saved forecast at AI_forecasting\results\ml\forecasts\ward_156_water_demand_forecast.csv
2025-12-24 15:57:40,203 | INFO | Saved model at AI_forecasting\artifacts\ml\models\ward_156_congestion_index_lgb.joblib
2025-12-24 15:57:40,570 | INFO | Saved forecast at AI_forecasting\results\ml\forecasts\ward_156_congestion_index_forecast.csv
2025-12-24 15:57:41,068 | INFO | Saved model at AI_forecasting\artifacts\ml\models\ward_156_pm25_lgb.joblib
2025-12-24 15:57:41,427 | INFO | Saved forecast at AI_forecasting\results\ml\forecasts\ward_156_pm25_forecast.csv
2025-12-24 15:57:41,952 | INFO | Saved model at AI_forecasting\artifacts\ml\models\ward_157_electricity_demand_lgb.joblib
2025-12-24 15:57:42,359 | INFO | Saved forecast at AI_forecasting\results\ml\forecasts\ward_157_electricity_demand_forecast.csv
2025-12-24 15:57:42,881 | INFO | Saved model at AI_forecasting\artifacts\ml\models\ward_157_water_demand_lgb.joblib
2025-12-24 15:57:43,252 | INFO | Saved forecast at AI_forecasting\results\ml\forecasts\ward_157_water_demand_forecast.csv
2025-12-24 15:57:43,774 | INFO | Saved model at AI_forecasting\artifacts\ml\models\ward_157_congestion_index_lgb.joblib
2025-12-24 15:57:44,142 | INFO | Saved forecast at AI_forecasting\results\ml\forecasts\ward_157_congestion_index_forecast.csv
2025-12-24 15:57:44,664 | INFO | Saved model at AI_forecasting\artifacts\ml\models\ward_157_pm25_lgb.joblib
2025-12-24 15:57:45,043 | INFO | Saved forecast at AI_forecasting\results\ml\forecasts\ward_157_pm25_forecast.csv
2025-12-24 15:57:45,558 | INFO | Saved model at AI_forecasting\artifacts\ml\models\ward_158_electricity_demand_lgb.joblib
2025-12-24 15:57:45,927 | INFO | Saved forecast at AI_forecasting\results\ml\forecasts\ward_158_electricity_demand_forecast.csv
2025-12-24 15:57:46,453 | INFO | Saved model at AI_forecasting\artifacts\ml\models\ward_158_water_demand_lgb.joblib
2025-12-24 15:57:46,828 | INFO | Saved forecast at AI_forecasting\results\ml\forecasts\ward_158_water_demand_forecast.csv
2025-12-24 15:57:47,357 | INFO | Saved model at AI_forecasting\artifacts\ml\models\ward_158_congestion_index_lgb.joblib
2025-12-24 15:57:47,733 | INFO | Saved forecast at AI_forecasting\results\ml\forecasts\ward_158_congestion_index_forecast.csv
2025-12-24 15:57:48,272 | INFO | Saved model at AI_forecasting\artifacts\ml\models\ward_158_pm25_lgb.joblib
2025-12-24 15:57:48,676 | INFO | Saved forecast at AI_forecasting\results\ml\forecasts\ward_158_pm25_forecast.csv
2025-12-24 15:57:49,219 | INFO | Saved model at AI_forecasting\artifacts\ml\models\ward_159_electricity_demand_lgb.joblib
2025-12-24 15:57:49,613 | INFO | Saved forecast at AI_forecasting\results\ml\forecasts\ward_159_electricity_demand_forecast.csv
2025-12-24 15:57:50,182 | INFO | Saved model at AI_forecasting\artifacts\ml\models\ward_159_water_demand_lgb.joblib
2025-12-24 15:57:50,564 | INFO | Saved forecast at AI_forecasting\results\ml\forecasts\ward_159_water_demand_forecast.csv
2025-12-24 15:57:51,083 | INFO | Saved model at AI_forecasting\artifacts\ml\models\ward_159_congestion_index_lgb.joblib
2025-12-24 15:57:51,443 | INFO | Saved forecast at AI_forecasting\results\ml\forecasts\ward_159_congestion_index_forecast.csv
2025-12-24 15:57:51,965 | INFO | Saved model at AI_forecasting\artifacts\ml\models\ward_159_pm25_lgb.joblib
2025-12-24 15:57:52,343 | INFO | Saved forecast at AI_forecasting\results\ml\forecasts\ward_159_pm25_forecast.csv
2025-12-24 15:57:52,859 | INFO | Saved model at AI_forecasting\artifacts\ml\models\ward_16_electricity_demand_lgb.joblib
2025-12-24 15:57:53,224 | INFO | Saved forecast at AI_forecasting\results\ml\forecasts\ward_16_electricity_demand_forecast.csv
2025-12-24 15:57:53,728 | INFO | Saved model at AI_forecasting\artifacts\ml\models\ward_16_water_demand_lgb.joblib
2025-12-24 15:57:54,101 | INFO | Saved forecast at AI_forecasting\results\ml\forecasts\ward_16_water_demand_forecast.csv
2025-12-24 15:57:54,615 | INFO | Saved model at AI_forecasting\artifacts\ml\models\ward_16_congestion_index_lgb.joblib
2025-12-24 15:57:54,982 | INFO | Saved forecast at AI_forecasting\results\ml\forecasts\ward_16_congestion_index_forecast.csv
2025-12-24 15:57:55,495 | INFO | Saved model at AI_forecasting\artifacts\ml\models\ward_16_pm25_lgb.joblib
2025-12-24 15:57:55,856 | INFO | Saved forecast at AI_forecasting\results\ml\forecasts\ward_16_pm25_forecast.csv
2025-12-24 15:57:56,355 | INFO | Saved model at AI_forecasting\artifacts\ml\models\ward_160_electricity_demand_lgb.joblib
2025-12-24 15:57:56,709 | INFO | Saved forecast at AI_forecasting\results\ml\forecasts\ward_160_electricity_demand_forecast.csv
2025-12-24 15:57:57,210 | INFO | Saved model at AI_forecasting\artifacts\ml\models\ward_160_water_demand_lgb.joblib
2025-12-24 15:57:57,562 | INFO | Saved forecast at AI_forecasting\results\ml\forecasts\ward_160_water_demand_forecast.csv
2025-12-24 15:57:58,069 | INFO | Saved model at AI_forecasting\artifacts\ml\models\ward_160_congestion_index_lgb.joblib
2025-12-24 15:57:58,428 | INFO | Saved forecast at AI_forecasting\results\ml\forecasts\ward_160_congestion_index_forecast.csv
2025-12-24 15:57:58,945 | INFO | Saved model at AI_forecasting\artifacts\ml\models\ward_160_pm25_lgb.joblib
2025-12-24 15:57:59,310 | INFO | Saved forecast at AI_forecasting\results\ml\forecasts\ward_160_pm25_forecast.csv
2025-12-24 15:57:59,815 | INFO | Saved model at AI_forecasting\artifacts\ml\models\ward_161_electricity_demand_lgb.joblib
2025-12-24 15:58:00,199 | INFO | Saved forecast at AI_forecasting\results\ml\forecasts\ward_161_electricity_demand_forecast.csv
2025-12-24 15:58:00,726 | INFO | Saved model at AI_forecasting\artifacts\ml\models\ward_161_water_demand_lgb.joblib
2025-12-24 15:58:01,114 | INFO | Saved forecast at AI_forecasting\results\ml\forecasts\ward_161_water_demand_forecast.csv
2025-12-24 15:58:01,651 | INFO | Saved model at AI_forecasting\artifacts\ml\models\ward_161_congestion_index_lgb.joblib
2025-12-24 15:58:02,018 | INFO | Saved forecast at AI_forecasting\results\ml\forecasts\ward_161_congestion_index_forecast.csv
2025-12-24 15:58:02,568 | INFO | Saved model at AI_forecasting\artifacts\ml\models\ward_161_pm25_lgb.joblib
2025-12-24 15:58:02,969 | INFO | Saved forecast at AI_forecasting\results\ml\forecasts\ward_161_pm25_forecast.csv
2025-12-24 15:58:03,476 | INFO | Saved model at AI_forecasting\artifacts\ml\models\ward_162_electricity_demand_lgb.joblib
2025-12-24 15:58:03,838 | INFO | Saved forecast at AI_forecasting\results\ml\forecasts\ward_162_electricity_demand_forecast.csv
2025-12-24 15:58:04,346 | INFO | Saved model at AI_forecasting\artifacts\ml\models\ward_162_water_demand_lgb.joblib
2025-12-24 15:58:04,706 | INFO | Saved forecast at AI_forecasting\results\ml\forecasts\ward_162_water_demand_forecast.csv
2025-12-24 15:58:05,219 | INFO | Saved model at AI_forecasting\artifacts\ml\models\ward_162_congestion_index_lgb.joblib
2025-12-24 15:58:05,581 | INFO | Saved forecast at AI_forecasting\results\ml\forecasts\ward_162_congestion_index_forecast.csv
2025-12-24 15:58:06,077 | INFO | Saved model at AI_forecasting\artifacts\ml\models\ward_162_pm25_lgb.joblib
2025-12-24 15:58:06,431 | INFO | Saved forecast at AI_forecasting\results\ml\forecasts\ward_162_pm25_forecast.csv
2025-12-24 15:58:06,939 | INFO | Saved model at AI_forecasting\artifacts\ml\models\ward_163_electricity_demand_lgb.joblib
2025-12-24 15:58:07,297 | INFO | Saved forecast at AI_forecasting\results\ml\forecasts\ward_163_electricity_demand_forecast.csv
2025-12-24 15:58:07,799 | INFO | Saved model at AI_forecasting\artifacts\ml\models\ward_163_water_demand_lgb.joblib
2025-12-24 15:58:08,156 | INFO | Saved forecast at AI_forecasting\results\ml\forecasts\ward_163_water_demand_forecast.csv
2025-12-24 15:58:08,662 | INFO | Saved model at AI_forecasting\artifacts\ml\models\ward_163_congestion_index_lgb.joblib
2025-12-24 15:58:09,023 | INFO | Saved forecast at AI_forecasting\results\ml\forecasts\ward_163_congestion_index_forecast.csv
2025-12-24 15:58:09,527 | INFO | Saved model at AI_forecasting\artifacts\ml\models\ward_163_pm25_lgb.joblib
2025-12-24 15:58:09,879 | INFO | Saved forecast at AI_forecasting\results\ml\forecasts\ward_163_pm25_forecast.csv
2025-12-24 15:58:10,400 | INFO | Saved model at AI_forecasting\artifacts\ml\models\ward_164_electricity_demand_lgb.joblib
2025-12-24 15:58:10,762 | INFO | Saved forecast at AI_forecasting\results\ml\forecasts\ward_164_electricity_demand_forecast.csv
2025-12-24 15:58:11,273 | INFO | Saved model at AI_forecasting\artifacts\ml\models\ward_164_water_demand_lgb.joblib
2025-12-24 15:58:11,636 | INFO | Saved forecast at AI_forecasting\results\ml\forecasts\ward_164_water_demand_forecast.csv
2025-12-24 15:58:12,149 | INFO | Saved model at AI_forecasting\artifacts\ml\models\ward_164_congestion_index_lgb.joblib
2025-12-24 15:58:12,506 | INFO | Saved forecast at AI_forecasting\results\ml\forecasts\ward_164_congestion_index_forecast.csv
2025-12-24 15:58:13,005 | INFO | Saved model at AI_forecasting\artifacts\ml\models\ward_164_pm25_lgb.joblib
2025-12-24 15:58:13,381 | INFO | Saved forecast at AI_forecasting\results\ml\forecasts\ward_164_pm25_forecast.csv
2025-12-24 15:58:13,922 | INFO | Saved model at AI_forecasting\artifacts\ml\models\ward_165_electricity_demand_lgb.joblib
2025-12-24 15:58:14,316 | INFO | Saved forecast at AI_forecasting\results\ml\forecasts\ward_165_electricity_demand_forecast.csv
2025-12-24 15:58:14,826 | INFO | Saved model at AI_forecasting\artifacts\ml\models\ward_165_water_demand_lgb.joblib
2025-12-24 15:58:15,187 | INFO | Saved forecast at AI_forecasting\results\ml\forecasts\ward_165_water_demand_forecast.csv
2025-12-24 15:58:15,700 | INFO | Saved model at AI_forecasting\artifacts\ml\models\ward_165_congestion_index_lgb.joblib
2025-12-24 15:58:16,077 | INFO | Saved forecast at AI_forecasting\results\ml\forecasts\ward_165_congestion_index_forecast.csv
2025-12-24 15:58:16,580 | INFO | Saved model at AI_forecasting\artifacts\ml\models\ward_165_pm25_lgb.joblib
2025-12-24 15:58:16,935 | INFO | Saved forecast at AI_forecasting\results\ml\forecasts\ward_165_pm25_forecast.csv
2025-12-24 15:58:17,446 | INFO | Saved model at AI_forecasting\artifacts\ml\models\ward_166_electricity_demand_lgb.joblib
2025-12-24 15:58:17,857 | INFO | Saved forecast at AI_forecasting\results\ml\forecasts\ward_166_electricity_demand_forecast.csv
2025-12-24 15:58:18,437 | INFO | Saved model at AI_forecasting\artifacts\ml\models\ward_166_water_demand_lgb.joblib
2025-12-24 15:58:18,825 | INFO | Saved forecast at AI_forecasting\results\ml\forecasts\ward_166_water_demand_forecast.csv
2025-12-24 15:58:19,343 | INFO | Saved model at AI_forecasting\artifacts\ml\models\ward_166_congestion_index_lgb.joblib
2025-12-24 15:58:19,704 | INFO | Saved forecast at AI_forecasting\results\ml\forecasts\ward_166_congestion_index_forecast.csv
2025-12-24 15:58:20,207 | INFO | Saved model at AI_forecasting\artifacts\ml\models\ward_166_pm25_lgb.joblib
2025-12-24 15:58:20,579 | INFO | Saved forecast at AI_forecasting\results\ml\forecasts\ward_166_pm25_forecast.csv
2025-12-24 15:58:21,104 | INFO | Saved model at AI_forecasting\artifacts\ml\models\ward_167_electricity_demand_lgb.joblib
2025-12-24 15:58:21,510 | INFO | Saved forecast at AI_forecasting\results\ml\forecasts\ward_167_electricity_demand_forecast.csv
2025-12-24 15:58:22,043 | INFO | Saved model at AI_forecasting\artifacts\ml\models\ward_167_water_demand_lgb.joblib
2025-12-24 15:58:22,475 | INFO | Saved forecast at AI_forecasting\results\ml\forecasts\ward_167_water_demand_forecast.csv
2025-12-24 15:58:23,029 | INFO | Saved model at AI_forecasting\artifacts\ml\models\ward_167_congestion_index_lgb.joblib
2025-12-24 15:58:23,424 | INFO | Saved forecast at AI_forecasting\results\ml\forecasts\ward_167_congestion_index_forecast.csv
2025-12-24 15:58:24,012 | INFO | Saved model at AI_forecasting\artifacts\ml\models\ward_167_pm25_lgb.joblib
2025-12-24 15:58:24,407 | INFO | Saved forecast at AI_forecasting\results\ml\forecasts\ward_167_pm25_forecast.csv
2025-12-24 15:58:24,933 | INFO | Saved model at AI_forecasting\artifacts\ml\models\ward_168_electricity_demand_lgb.joblib
2025-12-24 15:58:25,305 | INFO | Saved forecast at AI_forecasting\results\ml\forecasts\ward_168_electricity_demand_forecast.csv
2025-12-24 15:58:25,855 | INFO | Saved model at AI_forecasting\artifacts\ml\models\ward_168_water_demand_lgb.joblib
2025-12-24 15:58:26,229 | INFO | Saved forecast at AI_forecasting\results\ml\forecasts\ward_168_water_demand_forecast.csv
2025-12-24 15:58:26,746 | INFO | Saved model at AI_forecasting\artifacts\ml\models\ward_168_congestion_index_lgb.joblib
2025-12-24 15:58:27,157 | INFO | Saved forecast at AI_forecasting\results\ml\forecasts\ward_168_congestion_index_forecast.csv
2025-12-24 15:58:27,678 | INFO | Saved model at AI_forecasting\artifacts\ml\models\ward_168_pm25_lgb.joblib
2025-12-24 15:58:28,057 | INFO | Saved forecast at AI_forecasting\results\ml\forecasts\ward_168_pm25_forecast.csv
2025-12-24 15:58:28,576 | INFO | Saved model at AI_forecasting\artifacts\ml\models\ward_169_electricity_demand_lgb.joblib
2025-12-24 15:58:28,957 | INFO | Saved forecast at AI_forecasting\results\ml\forecasts\ward_169_electricity_demand_forecast.csv
2025-12-24 15:58:29,475 | INFO | Saved model at AI_forecasting\artifacts\ml\models\ward_169_water_demand_lgb.joblib
2025-12-24 15:58:29,890 | INFO | Saved forecast at AI_forecasting\results\ml\forecasts\ward_169_water_demand_forecast.csv
2025-12-24 15:58:30,429 | INFO | Saved model at AI_forecasting\artifacts\ml\models\ward_169_congestion_index_lgb.joblib
2025-12-24 15:58:30,804 | INFO | Saved forecast at AI_forecasting\results\ml\forecasts\ward_169_congestion_index_forecast.csv
2025-12-24 15:58:31,363 | INFO | Saved model at AI_forecasting\artifacts\ml\models\ward_169_pm25_lgb.joblib
2025-12-24 15:58:31,825 | INFO | Saved forecast at AI_forecasting\results\ml\forecasts\ward_169_pm25_forecast.csv
2025-12-24 15:58:32,409 | INFO | Saved model at AI_forecasting\artifacts\ml\models\ward_17_electricity_demand_lgb.joblib
2025-12-24 15:58:32,825 | INFO | Saved forecast at AI_forecasting\results\ml\forecasts\ward_17_electricity_demand_forecast.csv
2025-12-24 15:58:33,388 | INFO | Saved model at AI_forecasting\artifacts\ml\models\ward_17_water_demand_lgb.joblib
2025-12-24 15:58:33,771 | INFO | Saved forecast at AI_forecasting\results\ml\forecasts\ward_17_water_demand_forecast.csv
2025-12-24 15:58:34,295 | INFO | Saved model at AI_forecasting\artifacts\ml\models\ward_17_congestion_index_lgb.joblib
2025-12-24 15:58:34,658 | INFO | Saved forecast at AI_forecasting\results\ml\forecasts\ward_17_congestion_index_forecast.csv
2025-12-24 15:58:35,163 | INFO | Saved model at AI_forecasting\artifacts\ml\models\ward_17_pm25_lgb.joblib
2025-12-24 15:58:35,527 | INFO | Saved forecast at AI_forecasting\results\ml\forecasts\ward_17_pm25_forecast.csv
2025-12-24 15:58:36,044 | INFO | Saved model at AI_forecasting\artifacts\ml\models\ward_170_electricity_demand_lgb.joblib
2025-12-24 15:58:36,412 | INFO | Saved forecast at AI_forecasting\results\ml\forecasts\ward_170_electricity_demand_forecast.csv
2025-12-24 15:58:36,927 | INFO | Saved model at AI_forecasting\artifacts\ml\models\ward_170_water_demand_lgb.joblib
2025-12-24 15:58:37,296 | INFO | Saved forecast at AI_forecasting\results\ml\forecasts\ward_170_water_demand_forecast.csv
2025-12-24 15:58:37,816 | INFO | Saved model at AI_forecasting\artifacts\ml\models\ward_170_congestion_index_lgb.joblib
2025-12-24 15:58:38,184 | INFO | Saved forecast at AI_forecasting\results\ml\forecasts\ward_170_congestion_index_forecast.csv
2025-12-24 15:58:38,746 | INFO | Saved model at AI_forecasting\artifacts\ml\models\ward_170_pm25_lgb.joblib
2025-12-24 15:58:39,110 | INFO | Saved forecast at AI_forecasting\results\ml\forecasts\ward_170_pm25_forecast.csv
2025-12-24 15:58:39,622 | INFO | Saved model at AI_forecasting\artifacts\ml\models\ward_171_electricity_demand_lgb.joblib
2025-12-24 15:58:39,988 | INFO | Saved forecast at AI_forecasting\results\ml\forecasts\ward_171_electricity_demand_forecast.csv
2025-12-24 15:58:40,503 | INFO | Saved model at AI_forecasting\artifacts\ml\models\ward_171_water_demand_lgb.joblib
2025-12-24 15:58:40,881 | INFO | Saved forecast at AI_forecasting\results\ml\forecasts\ward_171_water_demand_forecast.csv
2025-12-24 15:58:41,418 | INFO | Saved model at AI_forecasting\artifacts\ml\models\ward_171_congestion_index_lgb.joblib
2025-12-24 15:58:41,810 | INFO | Saved forecast at AI_forecasting\results\ml\forecasts\ward_171_congestion_index_forecast.csv
2025-12-24 15:58:42,325 | INFO | Saved model at AI_forecasting\artifacts\ml\models\ward_171_pm25_lgb.joblib
2025-12-24 15:58:42,706 | INFO | Saved forecast at AI_forecasting\results\ml\forecasts\ward_171_pm25_forecast.csv
2025-12-24 15:58:43,219 | INFO | Saved model at AI_forecasting\artifacts\ml\models\ward_172_electricity_demand_lgb.joblib
2025-12-24 15:58:43,606 | INFO | Saved forecast at AI_forecasting\results\ml\forecasts\ward_172_electricity_demand_forecast.csv
2025-12-24 15:58:44,142 | INFO | Saved model at AI_forecasting\artifacts\ml\models\ward_172_water_demand_lgb.joblib
2025-12-24 15:58:44,512 | INFO | Saved forecast at AI_forecasting\results\ml\forecasts\ward_172_water_demand_forecast.csv
2025-12-24 15:58:45,063 | INFO | Saved model at AI_forecasting\artifacts\ml\models\ward_172_congestion_index_lgb.joblib
2025-12-24 15:58:45,441 | INFO | Saved forecast at AI_forecasting\results\ml\forecasts\ward_172_congestion_index_forecast.csv
2025-12-24 15:58:45,968 | INFO | Saved model at AI_forecasting\artifacts\ml\models\ward_172_pm25_lgb.joblib
2025-12-24 15:58:46,405 | INFO | Saved forecast at AI_forecasting\results\ml\forecasts\ward_172_pm25_forecast.csv
2025-12-24 15:58:46,991 | INFO | Saved model at AI_forecasting\artifacts\ml\models\ward_173_electricity_demand_lgb.joblib
2025-12-24 15:58:47,399 | INFO | Saved forecast at AI_forecasting\results\ml\forecasts\ward_173_electricity_demand_forecast.csv
2025-12-24 15:58:47,959 | INFO | Saved model at AI_forecasting\artifacts\ml\models\ward_173_water_demand_lgb.joblib
2025-12-24 15:58:48,333 | INFO | Saved forecast at AI_forecasting\results\ml\forecasts\ward_173_water_demand_forecast.csv
2025-12-24 15:58:48,884 | INFO | Saved model at AI_forecasting\artifacts\ml\models\ward_173_congestion_index_lgb.joblib
2025-12-24 15:58:49,396 | INFO | Saved forecast at AI_forecasting\results\ml\forecasts\ward_173_congestion_index_forecast.csv
2025-12-24 15:58:50,267 | INFO | Saved model at AI_forecasting\artifacts\ml\models\ward_173_pm25_lgb.joblib
2025-12-24 15:58:50,744 | INFO | Saved forecast at AI_forecasting\results\ml\forecasts\ward_173_pm25_forecast.csv
2025-12-24 15:58:51,381 | INFO | Saved model at AI_forecasting\artifacts\ml\models\ward_174_electricity_demand_lgb.joblib
2025-12-24 15:58:51,821 | INFO | Saved forecast at AI_forecasting\results\ml\forecasts\ward_174_electricity_demand_forecast.csv
2025-12-24 15:58:52,461 | INFO | Saved model at AI_forecasting\artifacts\ml\models\ward_174_water_demand_lgb.joblib
2025-12-24 15:58:52,923 | INFO | Saved forecast at AI_forecasting\results\ml\forecasts\ward_174_water_demand_forecast.csv
2025-12-24 15:58:53,539 | INFO | Saved model at AI_forecasting\artifacts\ml\models\ward_174_congestion_index_lgb.joblib
2025-12-24 15:58:54,033 | INFO | Saved forecast at AI_forecasting\results\ml\forecasts\ward_174_congestion_index_forecast.csv
2025-12-24 15:58:54,631 | INFO | Saved model at AI_forecasting\artifacts\ml\models\ward_174_pm25_lgb.joblib
2025-12-24 15:58:55,136 | INFO | Saved forecast at AI_forecasting\results\ml\forecasts\ward_174_pm25_forecast.csv
2025-12-24 15:58:55,818 | INFO | Saved model at AI_forecasting\artifacts\ml\models\ward_175_electricity_demand_lgb.joblib
2025-12-24 15:58:56,332 | INFO | Saved forecast at AI_forecasting\results\ml\forecasts\ward_175_electricity_demand_forecast.csv
2025-12-24 15:58:56,964 | INFO | Saved model at AI_forecasting\artifacts\ml\models\ward_175_water_demand_lgb.joblib
2025-12-24 15:58:57,411 | INFO | Saved forecast at AI_forecasting\results\ml\forecasts\ward_175_water_demand_forecast.csv
2025-12-24 15:58:58,099 | INFO | Saved model at AI_forecasting\artifacts\ml\models\ward_175_congestion_index_lgb.joblib
2025-12-24 15:58:58,525 | INFO | Saved forecast at AI_forecasting\results\ml\forecasts\ward_175_congestion_index_forecast.csv
2025-12-24 15:58:59,231 | INFO | Saved model at AI_forecasting\artifacts\ml\models\ward_175_pm25_lgb.joblib
2025-12-24 15:58:59,702 | INFO | Saved forecast at AI_forecasting\results\ml\forecasts\ward_175_pm25_forecast.csv
2025-12-24 15:59:00,344 | INFO | Saved model at AI_forecasting\artifacts\ml\models\ward_176_electricity_demand_lgb.joblib
2025-12-24 15:59:00,789 | INFO | Saved forecast at AI_forecasting\results\ml\forecasts\ward_176_electricity_demand_forecast.csv
2025-12-24 15:59:01,395 | INFO | Saved model at AI_forecasting\artifacts\ml\models\ward_176_water_demand_lgb.joblib
2025-12-24 15:59:01,836 | INFO | Saved forecast at AI_forecasting\results\ml\forecasts\ward_176_water_demand_forecast.csv
2025-12-24 15:59:02,622 | INFO | Saved model at AI_forecasting\artifacts\ml\models\ward_176_congestion_index_lgb.joblib
2025-12-24 15:59:03,125 | INFO | Saved forecast at AI_forecasting\results\ml\forecasts\ward_176_congestion_index_forecast.csv
2025-12-24 15:59:03,721 | INFO | Saved model at AI_forecasting\artifacts\ml\models\ward_176_pm25_lgb.joblib
2025-12-24 15:59:04,155 | INFO | Saved forecast at AI_forecasting\results\ml\forecasts\ward_176_pm25_forecast.csv
2025-12-24 15:59:04,846 | INFO | Saved model at AI_forecasting\artifacts\ml\models\ward_177_electricity_demand_lgb.joblib
2025-12-24 15:59:05,302 | INFO | Saved forecast at AI_forecasting\results\ml\forecasts\ward_177_electricity_demand_forecast.csv
2025-12-24 15:59:05,888 | INFO | Saved model at AI_forecasting\artifacts\ml\models\ward_177_water_demand_lgb.joblib
2025-12-24 15:59:06,330 | INFO | Saved forecast at AI_forecasting\results\ml\forecasts\ward_177_water_demand_forecast.csv
2025-12-24 15:59:06,969 | INFO | Saved model at AI_forecasting\artifacts\ml\models\ward_177_congestion_index_lgb.joblib
2025-12-24 15:59:07,437 | INFO | Saved forecast at AI_forecasting\results\ml\forecasts\ward_177_congestion_index_forecast.csv
2025-12-24 15:59:08,058 | INFO | Saved model at AI_forecasting\artifacts\ml\models\ward_177_pm25_lgb.joblib
2025-12-24 15:59:08,474 | INFO | Saved forecast at AI_forecasting\results\ml\forecasts\ward_177_pm25_forecast.csv
2025-12-24 15:59:09,100 | INFO | Saved model at AI_forecasting\artifacts\ml\models\ward_178_electricity_demand_lgb.joblib
2025-12-24 15:59:09,526 | INFO | Saved forecast at AI_forecasting\results\ml\forecasts\ward_178_electricity_demand_forecast.csv
2025-12-24 15:59:10,151 | INFO | Saved model at AI_forecasting\artifacts\ml\models\ward_178_water_demand_lgb.joblib
2025-12-24 15:59:10,591 | INFO | Saved forecast at AI_forecasting\results\ml\forecasts\ward_178_water_demand_forecast.csv
2025-12-24 15:59:11,221 | INFO | Saved model at AI_forecasting\artifacts\ml\models\ward_178_congestion_index_lgb.joblib
2025-12-24 15:59:11,666 | INFO | Saved forecast at AI_forecasting\results\ml\forecasts\ward_178_congestion_index_forecast.csv
2025-12-24 15:59:12,261 | INFO | Saved model at AI_forecasting\artifacts\ml\models\ward_178_pm25_lgb.joblib
2025-12-24 15:59:12,686 | INFO | Saved forecast at AI_forecasting\results\ml\forecasts\ward_178_pm25_forecast.csv
2025-12-24 15:59:13,278 | INFO | Saved model at AI_forecasting\artifacts\ml\models\ward_179_electricity_demand_lgb.joblib
2025-12-24 15:59:13,744 | INFO | Saved forecast at AI_forecasting\results\ml\forecasts\ward_179_electricity_demand_forecast.csv
2025-12-24 15:59:14,405 | INFO | Saved model at AI_forecasting\artifacts\ml\models\ward_179_water_demand_lgb.joblib
2025-12-24 15:59:14,844 | INFO | Saved forecast at AI_forecasting\results\ml\forecasts\ward_179_water_demand_forecast.csv
2025-12-24 15:59:15,468 | INFO | Saved model at AI_forecasting\artifacts\ml\models\ward_179_congestion_index_lgb.joblib
2025-12-24 15:59:15,921 | INFO | Saved forecast at AI_forecasting\results\ml\forecasts\ward_179_congestion_index_forecast.csv
2025-12-24 15:59:16,536 | INFO | Saved model at AI_forecasting\artifacts\ml\models\ward_179_pm25_lgb.joblib
2025-12-24 15:59:17,020 | INFO | Saved forecast at AI_forecasting\results\ml\forecasts\ward_179_pm25_forecast.csv
2025-12-24 15:59:17,630 | INFO | Saved model at AI_forecasting\artifacts\ml\models\ward_18_electricity_demand_lgb.joblib
2025-12-24 15:59:18,063 | INFO | Saved forecast at AI_forecasting\results\ml\forecasts\ward_18_electricity_demand_forecast.csv
2025-12-24 15:59:18,921 | INFO | Saved model at AI_forecasting\artifacts\ml\models\ward_18_water_demand_lgb.joblib
2025-12-24 15:59:19,379 | INFO | Saved forecast at AI_forecasting\results\ml\forecasts\ward_18_water_demand_forecast.csv
2025-12-24 15:59:20,026 | INFO | Saved model at AI_forecasting\artifacts\ml\models\ward_18_congestion_index_lgb.joblib
2025-12-24 15:59:20,472 | INFO | Saved forecast at AI_forecasting\results\ml\forecasts\ward_18_congestion_index_forecast.csv
2025-12-24 15:59:21,103 | INFO | Saved model at AI_forecasting\artifacts\ml\models\ward_18_pm25_lgb.joblib
2025-12-24 15:59:21,583 | INFO | Saved forecast at AI_forecasting\results\ml\forecasts\ward_18_pm25_forecast.csv
2025-12-24 15:59:22,198 | INFO | Saved model at AI_forecasting\artifacts\ml\models\ward_180_electricity_demand_lgb.joblib
2025-12-24 15:59:22,650 | INFO | Saved forecast at AI_forecasting\results\ml\forecasts\ward_180_electricity_demand_forecast.csv
2025-12-24 15:59:23,273 | INFO | Saved model at AI_forecasting\artifacts\ml\models\ward_180_water_demand_lgb.joblib
2025-12-24 15:59:23,748 | INFO | Saved forecast at AI_forecasting\results\ml\forecasts\ward_180_water_demand_forecast.csv
2025-12-24 15:59:24,373 | INFO | Saved model at AI_forecasting\artifacts\ml\models\ward_180_congestion_index_lgb.joblib
2025-12-24 15:59:24,801 | INFO | Saved forecast at AI_forecasting\results\ml\forecasts\ward_180_congestion_index_forecast.csv
2025-12-24 15:59:25,413 | INFO | Saved model at AI_forecasting\artifacts\ml\models\ward_180_pm25_lgb.joblib
2025-12-24 15:59:25,920 | INFO | Saved forecast at AI_forecasting\results\ml\forecasts\ward_180_pm25_forecast.csv
2025-12-24 15:59:26,597 | INFO | Saved model at AI_forecasting\artifacts\ml\models\ward_181_electricity_demand_lgb.joblib
2025-12-24 15:59:27,046 | INFO | Saved forecast at AI_forecasting\results\ml\forecasts\ward_181_electricity_demand_forecast.csv
2025-12-24 15:59:27,709 | INFO | Saved model at AI_forecasting\artifacts\ml\models\ward_181_water_demand_lgb.joblib
2025-12-24 15:59:28,243 | INFO | Saved forecast at AI_forecasting\results\ml\forecasts\ward_181_water_demand_forecast.csv
2025-12-24 15:59:28,899 | INFO | Saved model at AI_forecasting\artifacts\ml\models\ward_181_congestion_index_lgb.joblib
2025-12-24 15:59:29,412 | INFO | Saved forecast at AI_forecasting\results\ml\forecasts\ward_181_congestion_index_forecast.csv
2025-12-24 15:59:30,033 | INFO | Saved model at AI_forecasting\artifacts\ml\models\ward_181_pm25_lgb.joblib
2025-12-24 15:59:30,471 | INFO | Saved forecast at AI_forecasting\results\ml\forecasts\ward_181_pm25_forecast.csv
2025-12-24 15:59:31,153 | INFO | Saved model at AI_forecasting\artifacts\ml\models\ward_182_electricity_demand_lgb.joblib
2025-12-24 15:59:31,648 | INFO | Saved forecast at AI_forecasting\results\ml\forecasts\ward_182_electricity_demand_forecast.csv
2025-12-24 15:59:32,325 | INFO | Saved model at AI_forecasting\artifacts\ml\models\ward_182_water_demand_lgb.joblib
2025-12-24 15:59:32,752 | INFO | Saved forecast at AI_forecasting\results\ml\forecasts\ward_182_water_demand_forecast.csv
2025-12-24 15:59:33,422 | INFO | Saved model at AI_forecasting\artifacts\ml\models\ward_182_congestion_index_lgb.joblib
2025-12-24 15:59:33,845 | INFO | Saved forecast at AI_forecasting\results\ml\forecasts\ward_182_congestion_index_forecast.csv
2025-12-24 15:59:34,438 | INFO | Saved model at AI_forecasting\artifacts\ml\models\ward_182_pm25_lgb.joblib
2025-12-24 15:59:34,896 | INFO | Saved forecast at AI_forecasting\results\ml\forecasts\ward_182_pm25_forecast.csv
2025-12-24 15:59:35,492 | INFO | Saved model at AI_forecasting\artifacts\ml\models\ward_183_electricity_demand_lgb.joblib
2025-12-24 15:59:35,931 | INFO | Saved forecast at AI_forecasting\results\ml\forecasts\ward_183_electricity_demand_forecast.csv
2025-12-24 15:59:36,546 | INFO | Saved model at AI_forecasting\artifacts\ml\models\ward_183_water_demand_lgb.joblib
2025-12-24 15:59:36,964 | INFO | Saved forecast at AI_forecasting\results\ml\forecasts\ward_183_water_demand_forecast.csv
2025-12-24 15:59:37,637 | INFO | Saved model at AI_forecasting\artifacts\ml\models\ward_183_congestion_index_lgb.joblib
2025-12-24 15:59:38,091 | INFO | Saved forecast at AI_forecasting\results\ml\forecasts\ward_183_congestion_index_forecast.csv
2025-12-24 15:59:38,732 | INFO | Saved model at AI_forecasting\artifacts\ml\models\ward_183_pm25_lgb.joblib
2025-12-24 15:59:39,186 | INFO | Saved forecast at AI_forecasting\results\ml\forecasts\ward_183_pm25_forecast.csv
2025-12-24 15:59:39,820 | INFO | Saved model at AI_forecasting\artifacts\ml\models\ward_184_electricity_demand_lgb.joblib
2025-12-24 15:59:40,344 | INFO | Saved forecast at AI_forecasting\results\ml\forecasts\ward_184_electricity_demand_forecast.csv
2025-12-24 15:59:40,984 | INFO | Saved model at AI_forecasting\artifacts\ml\models\ward_184_water_demand_lgb.joblib
2025-12-24 15:59:41,451 | INFO | Saved forecast at AI_forecasting\results\ml\forecasts\ward_184_water_demand_forecast.csv
2025-12-24 15:59:42,114 | INFO | Saved model at AI_forecasting\artifacts\ml\models\ward_184_congestion_index_lgb.joblib
2025-12-24 15:59:42,563 | INFO | Saved forecast at AI_forecasting\results\ml\forecasts\ward_184_congestion_index_forecast.csv
2025-12-24 15:59:43,176 | INFO | Saved model at AI_forecasting\artifacts\ml\models\ward_184_pm25_lgb.joblib
2025-12-24 15:59:43,697 | INFO | Saved forecast at AI_forecasting\results\ml\forecasts\ward_184_pm25_forecast.csv
2025-12-24 15:59:44,306 | INFO | Saved model at AI_forecasting\artifacts\ml\models\ward_185_electricity_demand_lgb.joblib
2025-12-24 15:59:44,761 | INFO | Saved forecast at AI_forecasting\results\ml\forecasts\ward_185_electricity_demand_forecast.csv
2025-12-24 15:59:45,380 | INFO | Saved model at AI_forecasting\artifacts\ml\models\ward_185_water_demand_lgb.joblib
2025-12-24 15:59:45,836 | INFO | Saved forecast at AI_forecasting\results\ml\forecasts\ward_185_water_demand_forecast.csv
2025-12-24 15:59:46,504 | INFO | Saved model at AI_forecasting\artifacts\ml\models\ward_185_congestion_index_lgb.joblib
2025-12-24 15:59:47,023 | INFO | Saved forecast at AI_forecasting\results\ml\forecasts\ward_185_congestion_index_forecast.csv
2025-12-24 15:59:47,846 | INFO | Saved model at AI_forecasting\artifacts\ml\models\ward_185_pm25_lgb.joblib
2025-12-24 15:59:48,319 | INFO | Saved forecast at AI_forecasting\results\ml\forecasts\ward_185_pm25_forecast.csv
2025-12-24 15:59:48,981 | INFO | Saved model at AI_forecasting\artifacts\ml\models\ward_186_electricity_demand_lgb.joblib
2025-12-24 15:59:49,479 | INFO | Saved forecast at AI_forecasting\results\ml\forecasts\ward_186_electricity_demand_forecast.csv
2025-12-24 15:59:50,098 | INFO | Saved model at AI_forecasting\artifacts\ml\models\ward_186_water_demand_lgb.joblib
2025-12-24 15:59:50,592 | INFO | Saved forecast at AI_forecasting\results\ml\forecasts\ward_186_water_demand_forecast.csv
2025-12-24 15:59:51,216 | INFO | Saved model at AI_forecasting\artifacts\ml\models\ward_186_congestion_index_lgb.joblib
2025-12-24 15:59:51,641 | INFO | Saved forecast at AI_forecasting\results\ml\forecasts\ward_186_congestion_index_forecast.csv
2025-12-24 15:59:52,220 | INFO | Saved model at AI_forecasting\artifacts\ml\models\ward_186_pm25_lgb.joblib
2025-12-24 15:59:52,646 | INFO | Saved forecast at AI_forecasting\results\ml\forecasts\ward_186_pm25_forecast.csv
2025-12-24 15:59:53,306 | INFO | Saved model at AI_forecasting\artifacts\ml\models\ward_187_electricity_demand_lgb.joblib
2025-12-24 15:59:54,018 | INFO | Saved forecast at AI_forecasting\results\ml\forecasts\ward_187_electricity_demand_forecast.csv
2025-12-24 15:59:54,651 | INFO | Saved model at AI_forecasting\artifacts\ml\models\ward_187_water_demand_lgb.joblib
2025-12-24 15:59:55,098 | INFO | Saved forecast at AI_forecasting\results\ml\forecasts\ward_187_water_demand_forecast.csv
2025-12-24 15:59:55,695 | INFO | Saved model at AI_forecasting\artifacts\ml\models\ward_187_congestion_index_lgb.joblib
2025-12-24 15:59:56,165 | INFO | Saved forecast at AI_forecasting\results\ml\forecasts\ward_187_congestion_index_forecast.csv
2025-12-24 15:59:56,792 | INFO | Saved model at AI_forecasting\artifacts\ml\models\ward_187_pm25_lgb.joblib
2025-12-24 15:59:57,253 | INFO | Saved forecast at AI_forecasting\results\ml\forecasts\ward_187_pm25_forecast.csv
2025-12-24 15:59:57,846 | INFO | Saved model at AI_forecasting\artifacts\ml\models\ward_188_electricity_demand_lgb.joblib
2025-12-24 15:59:58,313 | INFO | Saved forecast at AI_forecasting\results\ml\forecasts\ward_188_electricity_demand_forecast.csv
2025-12-24 15:59:58,918 | INFO | Saved model at AI_forecasting\artifacts\ml\models\ward_188_water_demand_lgb.joblib
2025-12-24 15:59:59,428 | INFO | Saved forecast at AI_forecasting\results\ml\forecasts\ward_188_water_demand_forecast.csv
2025-12-24 16:00:00,082 | INFO | Saved model at AI_forecasting\artifacts\ml\models\ward_188_congestion_index_lgb.joblib
2025-12-24 16:00:00,542 | INFO | Saved forecast at AI_forecasting\results\ml\forecasts\ward_188_congestion_index_forecast.csv
2025-12-24 16:00:01,197 | INFO | Saved model at AI_forecasting\artifacts\ml\models\ward_188_pm25_lgb.joblib
2025-12-24 16:00:01,657 | INFO | Saved forecast at AI_forecasting\results\ml\forecasts\ward_188_pm25_forecast.csv
2025-12-24 16:00:02,290 | INFO | Saved model at AI_forecasting\artifacts\ml\models\ward_189_electricity_demand_lgb.joblib
2025-12-24 16:00:02,762 | INFO | Saved forecast at AI_forecasting\results\ml\forecasts\ward_189_electricity_demand_forecast.csv
2025-12-24 16:00:03,377 | INFO | Saved model at AI_forecasting\artifacts\ml\models\ward_189_water_demand_lgb.joblib
2025-12-24 16:00:03,838 | INFO | Saved forecast at AI_forecasting\results\ml\forecasts\ward_189_water_demand_forecast.csv
2025-12-24 16:00:04,508 | INFO | Saved model at AI_forecasting\artifacts\ml\models\ward_189_congestion_index_lgb.joblib
2025-12-24 16:00:04,953 | INFO | Saved forecast at AI_forecasting\results\ml\forecasts\ward_189_congestion_index_forecast.csv
2025-12-24 16:00:05,573 | INFO | Saved model at AI_forecasting\artifacts\ml\models\ward_189_pm25_lgb.joblib
2025-12-24 16:00:05,996 | INFO | Saved forecast at AI_forecasting\results\ml\forecasts\ward_189_pm25_forecast.csv
2025-12-24 16:00:06,610 | INFO | Saved model at AI_forecasting\artifacts\ml\models\ward_19_electricity_demand_lgb.joblib
2025-12-24 16:00:07,088 | INFO | Saved forecast at AI_forecasting\results\ml\forecasts\ward_19_electricity_demand_forecast.csv
2025-12-24 16:00:07,737 | INFO | Saved model at AI_forecasting\artifacts\ml\models\ward_19_water_demand_lgb.joblib
2025-12-24 16:00:08,170 | INFO | Saved forecast at AI_forecasting\results\ml\forecasts\ward_19_water_demand_forecast.csv
2025-12-24 16:00:08,873 | INFO | Saved model at AI_forecasting\artifacts\ml\models\ward_19_congestion_index_lgb.joblib
2025-12-24 16:00:09,315 | INFO | Saved forecast at AI_forecasting\results\ml\forecasts\ward_19_congestion_index_forecast.csv
2025-12-24 16:00:09,951 | INFO | Saved model at AI_forecasting\artifacts\ml\models\ward_19_pm25_lgb.joblib
2025-12-24 16:00:10,419 | INFO | Saved forecast at AI_forecasting\results\ml\forecasts\ward_19_pm25_forecast.csv
2025-12-24 16:00:11,076 | INFO | Saved model at AI_forecasting\artifacts\ml\models\ward_190_electricity_demand_lgb.joblib
2025-12-24 16:00:11,531 | INFO | Saved forecast at AI_forecasting\results\ml\forecasts\ward_190_electricity_demand_forecast.csv
2025-12-24 16:00:12,180 | INFO | Saved model at AI_forecasting\artifacts\ml\models\ward_190_water_demand_lgb.joblib
2025-12-24 16:00:12,701 | INFO | Saved forecast at AI_forecasting\results\ml\forecasts\ward_190_water_demand_forecast.csv
2025-12-24 16:00:13,340 | INFO | Saved model at AI_forecasting\artifacts\ml\models\ward_190_congestion_index_lgb.joblib
2025-12-24 16:00:13,774 | INFO | Saved forecast at AI_forecasting\results\ml\forecasts\ward_190_congestion_index_forecast.csv
2025-12-24 16:00:14,384 | INFO | Saved model at AI_forecasting\artifacts\ml\models\ward_190_pm25_lgb.joblib
2025-12-24 16:00:14,818 | INFO | Saved forecast at AI_forecasting\results\ml\forecasts\ward_190_pm25_forecast.csv
2025-12-24 16:00:15,492 | INFO | Saved model at AI_forecasting\artifacts\ml\models\ward_191_electricity_demand_lgb.joblib
2025-12-24 16:00:15,975 | INFO | Saved forecast at AI_forecasting\results\ml\forecasts\ward_191_electricity_demand_forecast.csv
2025-12-24 16:00:16,615 | INFO | Saved model at AI_forecasting\artifacts\ml\models\ward_191_water_demand_lgb.joblib
2025-12-24 16:00:17,054 | INFO | Saved forecast at AI_forecasting\results\ml\forecasts\ward_191_water_demand_forecast.csv
2025-12-24 16:00:18,042 | INFO | Saved model at AI_forecasting\artifacts\ml\models\ward_191_congestion_index_lgb.joblib
2025-12-24 16:00:18,872 | INFO | Saved forecast at AI_forecasting\results\ml\forecasts\ward_191_congestion_index_forecast.csv
2025-12-24 16:00:19,479 | INFO | Saved model at AI_forecasting\artifacts\ml\models\ward_191_pm25_lgb.joblib
2025-12-24 16:00:19,959 | INFO | Saved forecast at AI_forecasting\results\ml\forecasts\ward_191_pm25_forecast.csv
2025-12-24 16:00:20,632 | INFO | Saved model at AI_forecasting\artifacts\ml\models\ward_192_electricity_demand_lgb.joblib
2025-12-24 16:00:21,133 | INFO | Saved forecast at AI_forecasting\results\ml\forecasts\ward_192_electricity_demand_forecast.csv
2025-12-24 16:00:21,735 | INFO | Saved model at AI_forecasting\artifacts\ml\models\ward_192_water_demand_lgb.joblib
2025-12-24 16:00:22,150 | INFO | Saved forecast at AI_forecasting\results\ml\forecasts\ward_192_water_demand_forecast.csv
2025-12-24 16:00:22,720 | INFO | Saved model at AI_forecasting\artifacts\ml\models\ward_192_congestion_index_lgb.joblib
2025-12-24 16:00:23,192 | INFO | Saved forecast at AI_forecasting\results\ml\forecasts\ward_192_congestion_index_forecast.csv
2025-12-24 16:00:23,712 | INFO | Saved model at AI_forecasting\artifacts\ml\models\ward_192_pm25_lgb.joblib
2025-12-24 16:00:24,091 | INFO | Saved forecast at AI_forecasting\results\ml\forecasts\ward_192_pm25_forecast.csv
2025-12-24 16:00:24,630 | INFO | Saved model at AI_forecasting\artifacts\ml\models\ward_193_electricity_demand_lgb.joblib
2025-12-24 16:00:25,022 | INFO | Saved forecast at AI_forecasting\results\ml\forecasts\ward_193_electricity_demand_forecast.csv
2025-12-24 16:00:25,555 | INFO | Saved model at AI_forecasting\artifacts\ml\models\ward_193_water_demand_lgb.joblib
2025-12-24 16:00:25,932 | INFO | Saved forecast at AI_forecasting\results\ml\forecasts\ward_193_water_demand_forecast.csv
2025-12-24 16:00:26,451 | INFO | Saved model at AI_forecasting\artifacts\ml\models\ward_193_congestion_index_lgb.joblib
2025-12-24 16:00:26,860 | INFO | Saved forecast at AI_forecasting\results\ml\forecasts\ward_193_congestion_index_forecast.csv
2025-12-24 16:00:27,381 | INFO | Saved model at AI_forecasting\artifacts\ml\models\ward_193_pm25_lgb.joblib
2025-12-24 16:00:27,764 | INFO | Saved forecast at AI_forecasting\results\ml\forecasts\ward_193_pm25_forecast.csv
2025-12-24 16:00:28,280 | INFO | Saved model at AI_forecasting\artifacts\ml\models\ward_194_electricity_demand_lgb.joblib
2025-12-24 16:00:28,719 | INFO | Saved forecast at AI_forecasting\results\ml\forecasts\ward_194_electricity_demand_forecast.csv
2025-12-24 16:00:29,285 | INFO | Saved model at AI_forecasting\artifacts\ml\models\ward_194_water_demand_lgb.joblib
2025-12-24 16:00:29,659 | INFO | Saved forecast at AI_forecasting\results\ml\forecasts\ward_194_water_demand_forecast.csv
2025-12-24 16:00:30,183 | INFO | Saved model at AI_forecasting\artifacts\ml\models\ward_194_congestion_index_lgb.joblib
2025-12-24 16:00:30,570 | INFO | Saved forecast at AI_forecasting\results\ml\forecasts\ward_194_congestion_index_forecast.csv
2025-12-24 16:00:31,079 | INFO | Saved model at AI_forecasting\artifacts\ml\models\ward_194_pm25_lgb.joblib
2025-12-24 16:00:31,453 | INFO | Saved forecast at AI_forecasting\results\ml\forecasts\ward_194_pm25_forecast.csv
2025-12-24 16:00:31,968 | INFO | Saved model at AI_forecasting\artifacts\ml\models\ward_195_electricity_demand_lgb.joblib
2025-12-24 16:00:32,385 | INFO | Saved forecast at AI_forecasting\results\ml\forecasts\ward_195_electricity_demand_forecast.csv
2025-12-24 16:00:32,982 | INFO | Saved model at AI_forecasting\artifacts\ml\models\ward_195_water_demand_lgb.joblib
2025-12-24 16:00:33,411 | INFO | Saved forecast at AI_forecasting\results\ml\forecasts\ward_195_water_demand_forecast.csv
2025-12-24 16:00:33,985 | INFO | Saved model at AI_forecasting\artifacts\ml\models\ward_195_congestion_index_lgb.joblib
2025-12-24 16:00:34,357 | INFO | Saved forecast at AI_forecasting\results\ml\forecasts\ward_195_congestion_index_forecast.csv
2025-12-24 16:00:34,985 | INFO | Saved model at AI_forecasting\artifacts\ml\models\ward_195_pm25_lgb.joblib
2025-12-24 16:00:35,514 | INFO | Saved forecast at AI_forecasting\results\ml\forecasts\ward_195_pm25_forecast.csv
2025-12-24 16:00:36,071 | INFO | Saved model at AI_forecasting\artifacts\ml\models\ward_196_electricity_demand_lgb.joblib
2025-12-24 16:00:36,500 | INFO | Saved forecast at AI_forecasting\results\ml\forecasts\ward_196_electricity_demand_forecast.csv
2025-12-24 16:00:37,087 | INFO | Saved model at AI_forecasting\artifacts\ml\models\ward_196_water_demand_lgb.joblib
2025-12-24 16:00:37,532 | INFO | Saved forecast at AI_forecasting\results\ml\forecasts\ward_196_water_demand_forecast.csv
2025-12-24 16:00:38,114 | INFO | Saved model at AI_forecasting\artifacts\ml\models\ward_196_congestion_index_lgb.joblib
2025-12-24 16:00:38,524 | INFO | Saved forecast at AI_forecasting\results\ml\forecasts\ward_196_congestion_index_forecast.csv
2025-12-24 16:00:39,110 | INFO | Saved model at AI_forecasting\artifacts\ml\models\ward_196_pm25_lgb.joblib
2025-12-24 16:00:39,523 | INFO | Saved forecast at AI_forecasting\results\ml\forecasts\ward_196_pm25_forecast.csv
2025-12-24 16:00:40,055 | INFO | Saved model at AI_forecasting\artifacts\ml\models\ward_197_electricity_demand_lgb.joblib
2025-12-24 16:00:40,439 | INFO | Saved forecast at AI_forecasting\results\ml\forecasts\ward_197_electricity_demand_forecast.csv
2025-12-24 16:00:41,002 | INFO | Saved model at AI_forecasting\artifacts\ml\models\ward_197_water_demand_lgb.joblib
2025-12-24 16:00:41,399 | INFO | Saved forecast at AI_forecasting\results\ml\forecasts\ward_197_water_demand_forecast.csv
2025-12-24 16:00:41,982 | INFO | Saved model at AI_forecasting\artifacts\ml\models\ward_197_congestion_index_lgb.joblib
2025-12-24 16:00:42,464 | INFO | Saved forecast at AI_forecasting\results\ml\forecasts\ward_197_congestion_index_forecast.csv
2025-12-24 16:00:43,029 | INFO | Saved model at AI_forecasting\artifacts\ml\models\ward_197_pm25_lgb.joblib
2025-12-24 16:00:43,438 | INFO | Saved forecast at AI_forecasting\results\ml\forecasts\ward_197_pm25_forecast.csv
2025-12-24 16:00:44,041 | INFO | Saved model at AI_forecasting\artifacts\ml\models\ward_198_electricity_demand_lgb.joblib
2025-12-24 16:00:44,550 | INFO | Saved forecast at AI_forecasting\results\ml\forecasts\ward_198_electricity_demand_forecast.csv
2025-12-24 16:00:45,233 | INFO | Saved model at AI_forecasting\artifacts\ml\models\ward_198_water_demand_lgb.joblib
2025-12-24 16:00:45,637 | INFO | Saved forecast at AI_forecasting\results\ml\forecasts\ward_198_water_demand_forecast.csv
2025-12-24 16:00:46,173 | INFO | Saved model at AI_forecasting\artifacts\ml\models\ward_198_congestion_index_lgb.joblib
2025-12-24 16:00:46,566 | INFO | Saved forecast at AI_forecasting\results\ml\forecasts\ward_198_congestion_index_forecast.csv
2025-12-24 16:00:47,106 | INFO | Saved model at AI_forecasting\artifacts\ml\models\ward_198_pm25_lgb.joblib
2025-12-24 16:00:47,491 | INFO | Saved forecast at AI_forecasting\results\ml\forecasts\ward_198_pm25_forecast.csv
2025-12-24 16:00:48,074 | INFO | Saved model at AI_forecasting\artifacts\ml\models\ward_2_electricity_demand_lgb.joblib
2025-12-24 16:00:48,497 | INFO | Saved forecast at AI_forecasting\results\ml\forecasts\ward_2_electricity_demand_forecast.csv
2025-12-24 16:00:49,049 | INFO | Saved model at AI_forecasting\artifacts\ml\models\ward_2_water_demand_lgb.joblib
2025-12-24 16:00:49,431 | INFO | Saved forecast at AI_forecasting\results\ml\forecasts\ward_2_water_demand_forecast.csv
2025-12-24 16:00:49,991 | INFO | Saved model at AI_forecasting\artifacts\ml\models\ward_2_congestion_index_lgb.joblib
2025-12-24 16:00:50,361 | INFO | Saved forecast at AI_forecasting\results\ml\forecasts\ward_2_congestion_index_forecast.csv
2025-12-24 16:00:50,876 | INFO | Saved model at AI_forecasting\artifacts\ml\models\ward_2_pm25_lgb.joblib
2025-12-24 16:00:51,240 | INFO | Saved forecast at AI_forecasting\results\ml\forecasts\ward_2_pm25_forecast.csv
2025-12-24 16:00:51,748 | INFO | Saved model at AI_forecasting\artifacts\ml\models\ward_20_electricity_demand_lgb.joblib
2025-12-24 16:00:52,121 | INFO | Saved forecast at AI_forecasting\results\ml\forecasts\ward_20_electricity_demand_forecast.csv
2025-12-24 16:00:52,675 | INFO | Saved model at AI_forecasting\artifacts\ml\models\ward_20_water_demand_lgb.joblib
2025-12-24 16:00:53,078 | INFO | Saved forecast at AI_forecasting\results\ml\forecasts\ward_20_water_demand_forecast.csv
2025-12-24 16:00:53,635 | INFO | Saved model at AI_forecasting\artifacts\ml\models\ward_20_congestion_index_lgb.joblib
2025-12-24 16:00:54,063 | INFO | Saved forecast at AI_forecasting\results\ml\forecasts\ward_20_congestion_index_forecast.csv
2025-12-24 16:00:54,636 | INFO | Saved model at AI_forecasting\artifacts\ml\models\ward_20_pm25_lgb.joblib
2025-12-24 16:00:55,023 | INFO | Saved forecast at AI_forecasting\results\ml\forecasts\ward_20_pm25_forecast.csv
2025-12-24 16:00:55,563 | INFO | Saved model at AI_forecasting\artifacts\ml\models\ward_21_electricity_demand_lgb.joblib
2025-12-24 16:00:55,942 | INFO | Saved forecast at AI_forecasting\results\ml\forecasts\ward_21_electricity_demand_forecast.csv
2025-12-24 16:00:56,489 | INFO | Saved model at AI_forecasting\artifacts\ml\models\ward_21_water_demand_lgb.joblib
2025-12-24 16:00:56,915 | INFO | Saved forecast at AI_forecasting\results\ml\forecasts\ward_21_water_demand_forecast.csv
2025-12-24 16:00:57,510 | INFO | Saved model at AI_forecasting\artifacts\ml\models\ward_21_congestion_index_lgb.joblib
2025-12-24 16:00:57,953 | INFO | Saved forecast at AI_forecasting\results\ml\forecasts\ward_21_congestion_index_forecast.csv
2025-12-24 16:00:58,514 | INFO | Saved model at AI_forecasting\artifacts\ml\models\ward_21_pm25_lgb.joblib
2025-12-24 16:00:58,908 | INFO | Saved forecast at AI_forecasting\results\ml\forecasts\ward_21_pm25_forecast.csv
2025-12-24 16:00:59,461 | INFO | Saved model at AI_forecasting\artifacts\ml\models\ward_22_electricity_demand_lgb.joblib
2025-12-24 16:00:59,874 | INFO | Saved forecast at AI_forecasting\results\ml\forecasts\ward_22_electricity_demand_forecast.csv
2025-12-24 16:01:00,421 | INFO | Saved model at AI_forecasting\artifacts\ml\models\ward_22_water_demand_lgb.joblib
2025-12-24 16:01:00,829 | INFO | Saved forecast at AI_forecasting\results\ml\forecasts\ward_22_water_demand_forecast.csv
2025-12-24 16:01:01,387 | INFO | Saved model at AI_forecasting\artifacts\ml\models\ward_22_congestion_index_lgb.joblib
2025-12-24 16:01:01,773 | INFO | Saved forecast at AI_forecasting\results\ml\forecasts\ward_22_congestion_index_forecast.csv
2025-12-24 16:01:02,308 | INFO | Saved model at AI_forecasting\artifacts\ml\models\ward_22_pm25_lgb.joblib
2025-12-24 16:01:02,689 | INFO | Saved forecast at AI_forecasting\results\ml\forecasts\ward_22_pm25_forecast.csv
2025-12-24 16:01:03,196 | INFO | Saved model at AI_forecasting\artifacts\ml\models\ward_23_electricity_demand_lgb.joblib
2025-12-24 16:01:03,576 | INFO | Saved forecast at AI_forecasting\results\ml\forecasts\ward_23_electricity_demand_forecast.csv
2025-12-24 16:01:04,079 | INFO | Saved model at AI_forecasting\artifacts\ml\models\ward_23_water_demand_lgb.joblib
2025-12-24 16:01:04,433 | INFO | Saved forecast at AI_forecasting\results\ml\forecasts\ward_23_water_demand_forecast.csv
2025-12-24 16:01:04,946 | INFO | Saved model at AI_forecasting\artifacts\ml\models\ward_23_congestion_index_lgb.joblib
2025-12-24 16:01:05,300 | INFO | Saved forecast at AI_forecasting\results\ml\forecasts\ward_23_congestion_index_forecast.csv
2025-12-24 16:01:05,798 | INFO | Saved model at AI_forecasting\artifacts\ml\models\ward_23_pm25_lgb.joblib
2025-12-24 16:01:06,156 | INFO | Saved forecast at AI_forecasting\results\ml\forecasts\ward_23_pm25_forecast.csv
2025-12-24 16:01:06,691 | INFO | Saved model at AI_forecasting\artifacts\ml\models\ward_24_electricity_demand_lgb.joblib
2025-12-24 16:01:07,055 | INFO | Saved forecast at AI_forecasting\results\ml\forecasts\ward_24_electricity_demand_forecast.csv
2025-12-24 16:01:07,623 | INFO | Saved model at AI_forecasting\artifacts\ml\models\ward_24_water_demand_lgb.joblib
2025-12-24 16:01:07,990 | INFO | Saved forecast at AI_forecasting\results\ml\forecasts\ward_24_water_demand_forecast.csv
2025-12-24 16:01:08,524 | INFO | Saved model at AI_forecasting\artifacts\ml\models\ward_24_congestion_index_lgb.joblib
2025-12-24 16:01:08,887 | INFO | Saved forecast at AI_forecasting\results\ml\forecasts\ward_24_congestion_index_forecast.csv
2025-12-24 16:01:09,403 | INFO | Saved model at AI_forecasting\artifacts\ml\models\ward_24_pm25_lgb.joblib
2025-12-24 16:01:09,765 | INFO | Saved forecast at AI_forecasting\results\ml\forecasts\ward_24_pm25_forecast.csv
2025-12-24 16:01:10,279 | INFO | Saved model at AI_forecasting\artifacts\ml\models\ward_25_electricity_demand_lgb.joblib
2025-12-24 16:01:10,641 | INFO | Saved forecast at AI_forecasting\results\ml\forecasts\ward_25_electricity_demand_forecast.csv
2025-12-24 16:01:11,154 | INFO | Saved model at AI_forecasting\artifacts\ml\models\ward_25_water_demand_lgb.joblib
2025-12-24 16:01:11,521 | INFO | Saved forecast at AI_forecasting\results\ml\forecasts\ward_25_water_demand_forecast.csv
2025-12-24 16:01:12,040 | INFO | Saved model at AI_forecasting\artifacts\ml\models\ward_25_congestion_index_lgb.joblib
2025-12-24 16:01:12,411 | INFO | Saved forecast at AI_forecasting\results\ml\forecasts\ward_25_congestion_index_forecast.csv
2025-12-24 16:01:12,918 | INFO | Saved model at AI_forecasting\artifacts\ml\models\ward_25_pm25_lgb.joblib
2025-12-24 16:01:13,289 | INFO | Saved forecast at AI_forecasting\results\ml\forecasts\ward_25_pm25_forecast.csv
2025-12-24 16:01:13,841 | INFO | Saved model at AI_forecasting\artifacts\ml\models\ward_26_electricity_demand_lgb.joblib
2025-12-24 16:01:14,233 | INFO | Saved forecast at AI_forecasting\results\ml\forecasts\ward_26_electricity_demand_forecast.csv
2025-12-24 16:01:14,754 | INFO | Saved model at AI_forecasting\artifacts\ml\models\ward_26_water_demand_lgb.joblib
2025-12-24 16:01:15,123 | INFO | Saved forecast at AI_forecasting\results\ml\forecasts\ward_26_water_demand_forecast.csv
2025-12-24 16:01:15,678 | INFO | Saved model at AI_forecasting\artifacts\ml\models\ward_26_congestion_index_lgb.joblib
2025-12-24 16:01:16,065 | INFO | Saved forecast at AI_forecasting\results\ml\forecasts\ward_26_congestion_index_forecast.csv
2025-12-24 16:01:16,567 | INFO | Saved model at AI_forecasting\artifacts\ml\models\ward_26_pm25_lgb.joblib
2025-12-24 16:01:16,937 | INFO | Saved forecast at AI_forecasting\results\ml\forecasts\ward_26_pm25_forecast.csv
2025-12-24 16:01:17,456 | INFO | Saved model at AI_forecasting\artifacts\ml\models\ward_27_electricity_demand_lgb.joblib
2025-12-24 16:01:17,871 | INFO | Saved forecast at AI_forecasting\results\ml\forecasts\ward_27_electricity_demand_forecast.csv
2025-12-24 16:01:18,410 | INFO | Saved model at AI_forecasting\artifacts\ml\models\ward_27_water_demand_lgb.joblib
2025-12-24 16:01:18,836 | INFO | Saved forecast at AI_forecasting\results\ml\forecasts\ward_27_water_demand_forecast.csv
2025-12-24 16:01:19,405 | INFO | Saved model at AI_forecasting\artifacts\ml\models\ward_27_congestion_index_lgb.joblib
2025-12-24 16:01:19,799 | INFO | Saved forecast at AI_forecasting\results\ml\forecasts\ward_27_congestion_index_forecast.csv
2025-12-24 16:01:20,347 | INFO | Saved model at AI_forecasting\artifacts\ml\models\ward_27_pm25_lgb.joblib
2025-12-24 16:01:20,705 | INFO | Saved forecast at AI_forecasting\results\ml\forecasts\ward_27_pm25_forecast.csv
2025-12-24 16:01:21,251 | INFO | Saved model at AI_forecasting\artifacts\ml\models\ward_28_electricity_demand_lgb.joblib
2025-12-24 16:01:21,611 | INFO | Saved forecast at AI_forecasting\results\ml\forecasts\ward_28_electricity_demand_forecast.csv
2025-12-24 16:01:22,263 | INFO | Saved model at AI_forecasting\artifacts\ml\models\ward_28_water_demand_lgb.joblib
2025-12-24 16:01:22,723 | INFO | Saved forecast at AI_forecasting\results\ml\forecasts\ward_28_water_demand_forecast.csv
2025-12-24 16:01:23,344 | INFO | Saved model at AI_forecasting\artifacts\ml\models\ward_28_congestion_index_lgb.joblib
2025-12-24 16:01:23,740 | INFO | Saved forecast at AI_forecasting\results\ml\forecasts\ward_28_congestion_index_forecast.csv
2025-12-24 16:01:24,289 | INFO | Saved model at AI_forecasting\artifacts\ml\models\ward_28_pm25_lgb.joblib
2025-12-24 16:01:24,650 | INFO | Saved forecast at AI_forecasting\results\ml\forecasts\ward_28_pm25_forecast.csv
2025-12-24 16:01:25,194 | INFO | Saved model at AI_forecasting\artifacts\ml\models\ward_29_electricity_demand_lgb.joblib
2025-12-24 16:01:25,580 | INFO | Saved forecast at AI_forecasting\results\ml\forecasts\ward_29_electricity_demand_forecast.csv
2025-12-24 16:01:26,165 | INFO | Saved model at AI_forecasting\artifacts\ml\models\ward_29_water_demand_lgb.joblib
2025-12-24 16:01:26,540 | INFO | Saved forecast at AI_forecasting\results\ml\forecasts\ward_29_water_demand_forecast.csv
2025-12-24 16:01:27,079 | INFO | Saved model at AI_forecasting\artifacts\ml\models\ward_29_congestion_index_lgb.joblib
2025-12-24 16:01:27,493 | INFO | Saved forecast at AI_forecasting\results\ml\forecasts\ward_29_congestion_index_forecast.csv
2025-12-24 16:01:28,064 | INFO | Saved model at AI_forecasting\artifacts\ml\models\ward_29_pm25_lgb.joblib
2025-12-24 16:01:28,459 | INFO | Saved forecast at AI_forecasting\results\ml\forecasts\ward_29_pm25_forecast.csv
2025-12-24 16:01:29,011 | INFO | Saved model at AI_forecasting\artifacts\ml\models\ward_3_electricity_demand_lgb.joblib
2025-12-24 16:01:29,392 | INFO | Saved forecast at AI_forecasting\results\ml\forecasts\ward_3_electricity_demand_forecast.csv
2025-12-24 16:01:29,943 | INFO | Saved model at AI_forecasting\artifacts\ml\models\ward_3_water_demand_lgb.joblib
2025-12-24 16:01:30,337 | INFO | Saved forecast at AI_forecasting\results\ml\forecasts\ward_3_water_demand_forecast.csv
2025-12-24 16:01:30,913 | INFO | Saved model at AI_forecasting\artifacts\ml\models\ward_3_congestion_index_lgb.joblib
2025-12-24 16:01:31,335 | INFO | Saved forecast at AI_forecasting\results\ml\forecasts\ward_3_congestion_index_forecast.csv
2025-12-24 16:01:31,880 | INFO | Saved model at AI_forecasting\artifacts\ml\models\ward_3_pm25_lgb.joblib
2025-12-24 16:01:32,347 | INFO | Saved forecast at AI_forecasting\results\ml\forecasts\ward_3_pm25_forecast.csv
2025-12-24 16:01:32,890 | INFO | Saved model at AI_forecasting\artifacts\ml\models\ward_30_electricity_demand_lgb.joblib
2025-12-24 16:01:33,316 | INFO | Saved forecast at AI_forecasting\results\ml\forecasts\ward_30_electricity_demand_forecast.csv
2025-12-24 16:01:33,873 | INFO | Saved model at AI_forecasting\artifacts\ml\models\ward_30_water_demand_lgb.joblib
2025-12-24 16:01:34,245 | INFO | Saved forecast at AI_forecasting\results\ml\forecasts\ward_30_water_demand_forecast.csv
2025-12-24 16:01:34,783 | INFO | Saved model at AI_forecasting\artifacts\ml\models\ward_30_congestion_index_lgb.joblib
2025-12-24 16:01:35,158 | INFO | Saved forecast at AI_forecasting\results\ml\forecasts\ward_30_congestion_index_forecast.csv
2025-12-24 16:01:35,695 | INFO | Saved model at AI_forecasting\artifacts\ml\models\ward_30_pm25_lgb.joblib
2025-12-24 16:01:36,069 | INFO | Saved forecast at AI_forecasting\results\ml\forecasts\ward_30_pm25_forecast.csv
2025-12-24 16:01:36,600 | INFO | Saved model at AI_forecasting\artifacts\ml\models\ward_31_electricity_demand_lgb.joblib
2025-12-24 16:01:36,968 | INFO | Saved forecast at AI_forecasting\results\ml\forecasts\ward_31_electricity_demand_forecast.csv
2025-12-24 16:01:37,509 | INFO | Saved model at AI_forecasting\artifacts\ml\models\ward_31_water_demand_lgb.joblib
2025-12-24 16:01:37,874 | INFO | Saved forecast at AI_forecasting\results\ml\forecasts\ward_31_water_demand_forecast.csv
2025-12-24 16:01:38,417 | INFO | Saved model at AI_forecasting\artifacts\ml\models\ward_31_congestion_index_lgb.joblib
2025-12-24 16:01:38,793 | INFO | Saved forecast at AI_forecasting\results\ml\forecasts\ward_31_congestion_index_forecast.csv
2025-12-24 16:01:39,323 | INFO | Saved model at AI_forecasting\artifacts\ml\models\ward_31_pm25_lgb.joblib
2025-12-24 16:01:39,699 | INFO | Saved forecast at AI_forecasting\results\ml\forecasts\ward_31_pm25_forecast.csv
2025-12-24 16:01:40,230 | INFO | Saved model at AI_forecasting\artifacts\ml\models\ward_32_electricity_demand_lgb.joblib
2025-12-24 16:01:40,598 | INFO | Saved forecast at AI_forecasting\results\ml\forecasts\ward_32_electricity_demand_forecast.csv
2025-12-24 16:01:41,234 | INFO | Saved model at AI_forecasting\artifacts\ml\models\ward_32_water_demand_lgb.joblib
2025-12-24 16:01:41,667 | INFO | Saved forecast at AI_forecasting\results\ml\forecasts\ward_32_water_demand_forecast.csv
2025-12-24 16:01:42,228 | INFO | Saved model at AI_forecasting\artifacts\ml\models\ward_32_congestion_index_lgb.joblib
2025-12-24 16:01:42,624 | INFO | Saved forecast at AI_forecasting\results\ml\forecasts\ward_32_congestion_index_forecast.csv
2025-12-24 16:01:43,122 | INFO | Saved model at AI_forecasting\artifacts\ml\models\ward_32_pm25_lgb.joblib
2025-12-24 16:01:43,494 | INFO | Saved forecast at AI_forecasting\results\ml\forecasts\ward_32_pm25_forecast.csv
2025-12-24 16:01:44,029 | INFO | Saved model at AI_forecasting\artifacts\ml\models\ward_33_electricity_demand_lgb.joblib
2025-12-24 16:01:44,454 | INFO | Saved forecast at AI_forecasting\results\ml\forecasts\ward_33_electricity_demand_forecast.csv
2025-12-24 16:01:45,027 | INFO | Saved model at AI_forecasting\artifacts\ml\models\ward_33_water_demand_lgb.joblib
2025-12-24 16:01:45,418 | INFO | Saved forecast at AI_forecasting\results\ml\forecasts\ward_33_water_demand_forecast.csv
2025-12-24 16:01:45,979 | INFO | Saved model at AI_forecasting\artifacts\ml\models\ward_33_congestion_index_lgb.joblib
2025-12-24 16:01:46,371 | INFO | Saved forecast at AI_forecasting\results\ml\forecasts\ward_33_congestion_index_forecast.csv
2025-12-24 16:01:46,914 | INFO | Saved model at AI_forecasting\artifacts\ml\models\ward_33_pm25_lgb.joblib
2025-12-24 16:01:47,305 | INFO | Saved forecast at AI_forecasting\results\ml\forecasts\ward_33_pm25_forecast.csv
2025-12-24 16:01:47,861 | INFO | Saved model at AI_forecasting\artifacts\ml\models\ward_34_electricity_demand_lgb.joblib
2025-12-24 16:01:48,238 | INFO | Saved forecast at AI_forecasting\results\ml\forecasts\ward_34_electricity_demand_forecast.csv
2025-12-24 16:01:48,783 | INFO | Saved model at AI_forecasting\artifacts\ml\models\ward_34_water_demand_lgb.joblib
2025-12-24 16:01:49,177 | INFO | Saved forecast at AI_forecasting\results\ml\forecasts\ward_34_water_demand_forecast.csv
2025-12-24 16:01:49,723 | INFO | Saved model at AI_forecasting\artifacts\ml\models\ward_34_congestion_index_lgb.joblib
2025-12-24 16:01:50,086 | INFO | Saved forecast at AI_forecasting\results\ml\forecasts\ward_34_congestion_index_forecast.csv
2025-12-24 16:01:50,679 | INFO | Saved model at AI_forecasting\artifacts\ml\models\ward_34_pm25_lgb.joblib
2025-12-24 16:01:51,126 | INFO | Saved forecast at AI_forecasting\results\ml\forecasts\ward_34_pm25_forecast.csv
2025-12-24 16:01:51,680 | INFO | Saved model at AI_forecasting\artifacts\ml\models\ward_35_electricity_demand_lgb.joblib
2025-12-24 16:01:52,049 | INFO | Saved forecast at AI_forecasting\results\ml\forecasts\ward_35_electricity_demand_forecast.csv
2025-12-24 16:01:52,644 | INFO | Saved model at AI_forecasting\artifacts\ml\models\ward_35_water_demand_lgb.joblib
2025-12-24 16:01:53,113 | INFO | Saved forecast at AI_forecasting\results\ml\forecasts\ward_35_water_demand_forecast.csv
2025-12-24 16:01:53,691 | INFO | Saved model at AI_forecasting\artifacts\ml\models\ward_35_congestion_index_lgb.joblib
2025-12-24 16:01:54,113 | INFO | Saved forecast at AI_forecasting\results\ml\forecasts\ward_35_congestion_index_forecast.csv
2025-12-24 16:01:54,654 | INFO | Saved model at AI_forecasting\artifacts\ml\models\ward_35_pm25_lgb.joblib
2025-12-24 16:01:55,032 | INFO | Saved forecast at AI_forecasting\results\ml\forecasts\ward_35_pm25_forecast.csv
2025-12-24 16:01:55,602 | INFO | Saved model at AI_forecasting\artifacts\ml\models\ward_36_electricity_demand_lgb.joblib
2025-12-24 16:01:56,041 | INFO | Saved forecast at AI_forecasting\results\ml\forecasts\ward_36_electricity_demand_forecast.csv
2025-12-24 16:01:56,567 | INFO | Saved model at AI_forecasting\artifacts\ml\models\ward_36_water_demand_lgb.joblib
2025-12-24 16:01:57,010 | INFO | Saved forecast at AI_forecasting\results\ml\forecasts\ward_36_water_demand_forecast.csv
2025-12-24 16:01:57,595 | INFO | Saved model at AI_forecasting\artifacts\ml\models\ward_36_congestion_index_lgb.joblib
2025-12-24 16:01:57,966 | INFO | Saved forecast at AI_forecasting\results\ml\forecasts\ward_36_congestion_index_forecast.csv
2025-12-24 16:01:58,489 | INFO | Saved model at AI_forecasting\artifacts\ml\models\ward_36_pm25_lgb.joblib
2025-12-24 16:01:58,880 | INFO | Saved forecast at AI_forecasting\results\ml\forecasts\ward_36_pm25_forecast.csv
2025-12-24 16:01:59,405 | INFO | Saved model at AI_forecasting\artifacts\ml\models\ward_37_electricity_demand_lgb.joblib
2025-12-24 16:01:59,803 | INFO | Saved forecast at AI_forecasting\results\ml\forecasts\ward_37_electricity_demand_forecast.csv
2025-12-24 16:02:00,372 | INFO | Saved model at AI_forecasting\artifacts\ml\models\ward_37_water_demand_lgb.joblib
2025-12-24 16:02:00,738 | INFO | Saved forecast at AI_forecasting\results\ml\forecasts\ward_37_water_demand_forecast.csv
2025-12-24 16:02:01,274 | INFO | Saved model at AI_forecasting\artifacts\ml\models\ward_37_congestion_index_lgb.joblib
2025-12-24 16:02:01,634 | INFO | Saved forecast at AI_forecasting\results\ml\forecasts\ward_37_congestion_index_forecast.csv
2025-12-24 16:02:02,193 | INFO | Saved model at AI_forecasting\artifacts\ml\models\ward_37_pm25_lgb.joblib
2025-12-24 16:02:02,555 | INFO | Saved forecast at AI_forecasting\results\ml\forecasts\ward_37_pm25_forecast.csv
2025-12-24 16:02:03,077 | INFO | Saved model at AI_forecasting\artifacts\ml\models\ward_38_electricity_demand_lgb.joblib
2025-12-24 16:02:03,451 | INFO | Saved forecast at AI_forecasting\results\ml\forecasts\ward_38_electricity_demand_forecast.csv
2025-12-24 16:02:03,989 | INFO | Saved model at AI_forecasting\artifacts\ml\models\ward_38_water_demand_lgb.joblib
2025-12-24 16:02:04,359 | INFO | Saved forecast at AI_forecasting\results\ml\forecasts\ward_38_water_demand_forecast.csv
2025-12-24 16:02:04,893 | INFO | Saved model at AI_forecasting\artifacts\ml\models\ward_38_congestion_index_lgb.joblib
2025-12-24 16:02:05,273 | INFO | Saved forecast at AI_forecasting\results\ml\forecasts\ward_38_congestion_index_forecast.csv
2025-12-24 16:02:05,790 | INFO | Saved model at AI_forecasting\artifacts\ml\models\ward_38_pm25_lgb.joblib
2025-12-24 16:02:06,165 | INFO | Saved forecast at AI_forecasting\results\ml\forecasts\ward_38_pm25_forecast.csv
2025-12-24 16:02:06,690 | INFO | Saved model at AI_forecasting\artifacts\ml\models\ward_39_electricity_demand_lgb.joblib
2025-12-24 16:02:07,065 | INFO | Saved forecast at AI_forecasting\results\ml\forecasts\ward_39_electricity_demand_forecast.csv
2025-12-24 16:02:07,655 | INFO | Saved model at AI_forecasting\artifacts\ml\models\ward_39_water_demand_lgb.joblib
2025-12-24 16:02:08,044 | INFO | Saved forecast at AI_forecasting\results\ml\forecasts\ward_39_water_demand_forecast.csv
2025-12-24 16:02:08,586 | INFO | Saved model at AI_forecasting\artifacts\ml\models\ward_39_congestion_index_lgb.joblib
2025-12-24 16:02:08,969 | INFO | Saved forecast at AI_forecasting\results\ml\forecasts\ward_39_congestion_index_forecast.csv
2025-12-24 16:02:09,483 | INFO | Saved model at AI_forecasting\artifacts\ml\models\ward_39_pm25_lgb.joblib
2025-12-24 16:02:09,863 | INFO | Saved forecast at AI_forecasting\results\ml\forecasts\ward_39_pm25_forecast.csv
2025-12-24 16:02:10,386 | INFO | Saved model at AI_forecasting\artifacts\ml\models\ward_4_electricity_demand_lgb.joblib
2025-12-24 16:02:10,759 | INFO | Saved forecast at AI_forecasting\results\ml\forecasts\ward_4_electricity_demand_forecast.csv
2025-12-24 16:02:11,279 | INFO | Saved model at AI_forecasting\artifacts\ml\models\ward_4_water_demand_lgb.joblib
2025-12-24 16:02:11,657 | INFO | Saved forecast at AI_forecasting\results\ml\forecasts\ward_4_water_demand_forecast.csv
2025-12-24 16:02:12,174 | INFO | Saved model at AI_forecasting\artifacts\ml\models\ward_4_congestion_index_lgb.joblib
2025-12-24 16:02:12,540 | INFO | Saved forecast at AI_forecasting\results\ml\forecasts\ward_4_congestion_index_forecast.csv
2025-12-24 16:02:13,061 | INFO | Saved model at AI_forecasting\artifacts\ml\models\ward_4_pm25_lgb.joblib
2025-12-24 16:02:13,437 | INFO | Saved forecast at AI_forecasting\results\ml\forecasts\ward_4_pm25_forecast.csv
2025-12-24 16:02:13,957 | INFO | Saved model at AI_forecasting\artifacts\ml\models\ward_40_electricity_demand_lgb.joblib
2025-12-24 16:02:14,395 | INFO | Saved forecast at AI_forecasting\results\ml\forecasts\ward_40_electricity_demand_forecast.csv
2025-12-24 16:02:14,966 | INFO | Saved model at AI_forecasting\artifacts\ml\models\ward_40_water_demand_lgb.joblib
2025-12-24 16:02:15,381 | INFO | Saved forecast at AI_forecasting\results\ml\forecasts\ward_40_water_demand_forecast.csv
2025-12-24 16:02:15,958 | INFO | Saved model at AI_forecasting\artifacts\ml\models\ward_40_congestion_index_lgb.joblib
2025-12-24 16:02:16,361 | INFO | Saved forecast at AI_forecasting\results\ml\forecasts\ward_40_congestion_index_forecast.csv
2025-12-24 16:02:16,901 | INFO | Saved model at AI_forecasting\artifacts\ml\models\ward_40_pm25_lgb.joblib
2025-12-24 16:02:17,280 | INFO | Saved forecast at AI_forecasting\results\ml\forecasts\ward_40_pm25_forecast.csv
2025-12-24 16:02:17,836 | INFO | Saved model at AI_forecasting\artifacts\ml\models\ward_41_electricity_demand_lgb.joblib
2025-12-24 16:02:18,231 | INFO | Saved forecast at AI_forecasting\results\ml\forecasts\ward_41_electricity_demand_forecast.csv
2025-12-24 16:02:18,763 | INFO | Saved model at AI_forecasting\artifacts\ml\models\ward_41_water_demand_lgb.joblib
2025-12-24 16:02:19,184 | INFO | Saved forecast at AI_forecasting\results\ml\forecasts\ward_41_water_demand_forecast.csv
2025-12-24 16:02:19,745 | INFO | Saved model at AI_forecasting\artifacts\ml\models\ward_41_congestion_index_lgb.joblib
2025-12-24 16:02:20,128 | INFO | Saved forecast at AI_forecasting\results\ml\forecasts\ward_41_congestion_index_forecast.csv
2025-12-24 16:02:20,638 | INFO | Saved model at AI_forecasting\artifacts\ml\models\ward_41_pm25_lgb.joblib
2025-12-24 16:02:21,009 | INFO | Saved forecast at AI_forecasting\results\ml\forecasts\ward_41_pm25_forecast.csv
2025-12-24 16:02:21,546 | INFO | Saved model at AI_forecasting\artifacts\ml\models\ward_42_electricity_demand_lgb.joblib
2025-12-24 16:02:21,914 | INFO | Saved forecast at AI_forecasting\results\ml\forecasts\ward_42_electricity_demand_forecast.csv
2025-12-24 16:02:22,463 | INFO | Saved model at AI_forecasting\artifacts\ml\models\ward_42_water_demand_lgb.joblib
2025-12-24 16:02:22,871 | INFO | Saved forecast at AI_forecasting\results\ml\forecasts\ward_42_water_demand_forecast.csv
2025-12-24 16:02:23,463 | INFO | Saved model at AI_forecasting\artifacts\ml\models\ward_42_congestion_index_lgb.joblib
2025-12-24 16:02:23,904 | INFO | Saved forecast at AI_forecasting\results\ml\forecasts\ward_42_congestion_index_forecast.csv
2025-12-24 16:02:24,498 | INFO | Saved model at AI_forecasting\artifacts\ml\models\ward_42_pm25_lgb.joblib
2025-12-24 16:02:24,976 | INFO | Saved forecast at AI_forecasting\results\ml\forecasts\ward_42_pm25_forecast.csv
2025-12-24 16:02:25,568 | INFO | Saved model at AI_forecasting\artifacts\ml\models\ward_43_electricity_demand_lgb.joblib
2025-12-24 16:02:26,040 | INFO | Saved forecast at AI_forecasting\results\ml\forecasts\ward_43_electricity_demand_forecast.csv
2025-12-24 16:02:26,632 | INFO | Saved model at AI_forecasting\artifacts\ml\models\ward_43_water_demand_lgb.joblib
2025-12-24 16:02:27,065 | INFO | Saved forecast at AI_forecasting\results\ml\forecasts\ward_43_water_demand_forecast.csv
2025-12-24 16:02:27,606 | INFO | Saved model at AI_forecasting\artifacts\ml\models\ward_43_congestion_index_lgb.joblib
2025-12-24 16:02:28,036 | INFO | Saved forecast at AI_forecasting\results\ml\forecasts\ward_43_congestion_index_forecast.csv
2025-12-24 16:02:28,553 | INFO | Saved model at AI_forecasting\artifacts\ml\models\ward_43_pm25_lgb.joblib
2025-12-24 16:02:28,927 | INFO | Saved forecast at AI_forecasting\results\ml\forecasts\ward_43_pm25_forecast.csv
2025-12-24 16:02:29,448 | INFO | Saved model at AI_forecasting\artifacts\ml\models\ward_44_electricity_demand_lgb.joblib
2025-12-24 16:02:29,815 | INFO | Saved forecast at AI_forecasting\results\ml\forecasts\ward_44_electricity_demand_forecast.csv
2025-12-24 16:02:30,335 | INFO | Saved model at AI_forecasting\artifacts\ml\models\ward_44_water_demand_lgb.joblib
2025-12-24 16:02:30,702 | INFO | Saved forecast at AI_forecasting\results\ml\forecasts\ward_44_water_demand_forecast.csv
2025-12-24 16:02:31,217 | INFO | Saved model at AI_forecasting\artifacts\ml\models\ward_44_congestion_index_lgb.joblib
2025-12-24 16:02:31,583 | INFO | Saved forecast at AI_forecasting\results\ml\forecasts\ward_44_congestion_index_forecast.csv
2025-12-24 16:02:32,191 | INFO | Saved model at AI_forecasting\artifacts\ml\models\ward_44_pm25_lgb.joblib
2025-12-24 16:02:32,622 | INFO | Saved forecast at AI_forecasting\results\ml\forecasts\ward_44_pm25_forecast.csv
2025-12-24 16:02:33,143 | INFO | Saved model at AI_forecasting\artifacts\ml\models\ward_45_electricity_demand_lgb.joblib
2025-12-24 16:02:33,519 | INFO | Saved forecast at AI_forecasting\results\ml\forecasts\ward_45_electricity_demand_forecast.csv
2025-12-24 16:02:34,041 | INFO | Saved model at AI_forecasting\artifacts\ml\models\ward_45_water_demand_lgb.joblib
2025-12-24 16:02:34,407 | INFO | Saved forecast at AI_forecasting\results\ml\forecasts\ward_45_water_demand_forecast.csv
2025-12-24 16:02:34,929 | INFO | Saved model at AI_forecasting\artifacts\ml\models\ward_45_congestion_index_lgb.joblib
2025-12-24 16:02:35,295 | INFO | Saved forecast at AI_forecasting\results\ml\forecasts\ward_45_congestion_index_forecast.csv
2025-12-24 16:02:35,804 | INFO | Saved model at AI_forecasting\artifacts\ml\models\ward_45_pm25_lgb.joblib
2025-12-24 16:02:36,166 | INFO | Saved forecast at AI_forecasting\results\ml\forecasts\ward_45_pm25_forecast.csv
2025-12-24 16:02:36,676 | INFO | Saved model at AI_forecasting\artifacts\ml\models\ward_46_electricity_demand_lgb.joblib
2025-12-24 16:02:37,038 | INFO | Saved forecast at AI_forecasting\results\ml\forecasts\ward_46_electricity_demand_forecast.csv
2025-12-24 16:02:37,604 | INFO | Saved model at AI_forecasting\artifacts\ml\models\ward_46_water_demand_lgb.joblib
2025-12-24 16:02:37,989 | INFO | Saved forecast at AI_forecasting\results\ml\forecasts\ward_46_water_demand_forecast.csv
2025-12-24 16:02:38,549 | INFO | Saved model at AI_forecasting\artifacts\ml\models\ward_46_congestion_index_lgb.joblib
2025-12-24 16:02:39,083 | INFO | Saved forecast at AI_forecasting\results\ml\forecasts\ward_46_congestion_index_forecast.csv
2025-12-24 16:02:39,759 | INFO | Saved model at AI_forecasting\artifacts\ml\models\ward_46_pm25_lgb.joblib
2025-12-24 16:02:40,199 | INFO | Saved forecast at AI_forecasting\results\ml\forecasts\ward_46_pm25_forecast.csv
2025-12-24 16:02:41,124 | INFO | Saved model at AI_forecasting\artifacts\ml\models\ward_47_electricity_demand_lgb.joblib
2025-12-24 16:02:41,688 | INFO | Saved forecast at AI_forecasting\results\ml\forecasts\ward_47_electricity_demand_forecast.csv
2025-12-24 16:02:42,304 | INFO | Saved model at AI_forecasting\artifacts\ml\models\ward_47_water_demand_lgb.joblib
2025-12-24 16:02:42,738 | INFO | Saved forecast at AI_forecasting\results\ml\forecasts\ward_47_water_demand_forecast.csv
2025-12-24 16:02:43,356 | INFO | Saved model at AI_forecasting\artifacts\ml\models\ward_47_congestion_index_lgb.joblib
2025-12-24 16:02:43,777 | INFO | Saved forecast at AI_forecasting\results\ml\forecasts\ward_47_congestion_index_forecast.csv
2025-12-24 16:02:44,403 | INFO | Saved model at AI_forecasting\artifacts\ml\models\ward_47_pm25_lgb.joblib
2025-12-24 16:02:44,916 | INFO | Saved forecast at AI_forecasting\results\ml\forecasts\ward_47_pm25_forecast.csv
2025-12-24 16:02:45,583 | INFO | Saved model at AI_forecasting\artifacts\ml\models\ward_48_electricity_demand_lgb.joblib
2025-12-24 16:02:46,019 | INFO | Saved forecast at AI_forecasting\results\ml\forecasts\ward_48_electricity_demand_forecast.csv
2025-12-24 16:02:46,663 | INFO | Saved model at AI_forecasting\artifacts\ml\models\ward_48_water_demand_lgb.joblib
2025-12-24 16:02:47,196 | INFO | Saved forecast at AI_forecasting\results\ml\forecasts\ward_48_water_demand_forecast.csv
2025-12-24 16:02:47,846 | INFO | Saved model at AI_forecasting\artifacts\ml\models\ward_48_congestion_index_lgb.joblib
2025-12-24 16:02:48,287 | INFO | Saved forecast at AI_forecasting\results\ml\forecasts\ward_48_congestion_index_forecast.csv
2025-12-24 16:02:48,931 | INFO | Saved model at AI_forecasting\artifacts\ml\models\ward_48_pm25_lgb.joblib
2025-12-24 16:02:49,409 | INFO | Saved forecast at AI_forecasting\results\ml\forecasts\ward_48_pm25_forecast.csv
2025-12-24 16:02:50,031 | INFO | Saved model at AI_forecasting\artifacts\ml\models\ward_49_electricity_demand_lgb.joblib
2025-12-24 16:02:50,543 | INFO | Saved forecast at AI_forecasting\results\ml\forecasts\ward_49_electricity_demand_forecast.csv
2025-12-24 16:02:51,146 | INFO | Saved model at AI_forecasting\artifacts\ml\models\ward_49_water_demand_lgb.joblib
2025-12-24 16:02:51,601 | INFO | Saved forecast at AI_forecasting\results\ml\forecasts\ward_49_water_demand_forecast.csv
2025-12-24 16:02:52,234 | INFO | Saved model at AI_forecasting\artifacts\ml\models\ward_49_congestion_index_lgb.joblib
2025-12-24 16:02:52,726 | INFO | Saved forecast at AI_forecasting\results\ml\forecasts\ward_49_congestion_index_forecast.csv
2025-12-24 16:02:53,599 | INFO | Saved model at AI_forecasting\artifacts\ml\models\ward_49_pm25_lgb.joblib
2025-12-24 16:02:54,106 | INFO | Saved forecast at AI_forecasting\results\ml\forecasts\ward_49_pm25_forecast.csv
2025-12-24 16:02:54,746 | INFO | Saved model at AI_forecasting\artifacts\ml\models\ward_5_electricity_demand_lgb.joblib
2025-12-24 16:02:55,205 | INFO | Saved forecast at AI_forecasting\results\ml\forecasts\ward_5_electricity_demand_forecast.csv
2025-12-24 16:02:55,891 | INFO | Saved model at AI_forecasting\artifacts\ml\models\ward_5_water_demand_lgb.joblib
2025-12-24 16:02:56,323 | INFO | Saved forecast at AI_forecasting\results\ml\forecasts\ward_5_water_demand_forecast.csv
2025-12-24 16:02:56,940 | INFO | Saved model at AI_forecasting\artifacts\ml\models\ward_5_congestion_index_lgb.joblib
2025-12-24 16:02:57,377 | INFO | Saved forecast at AI_forecasting\results\ml\forecasts\ward_5_congestion_index_forecast.csv
2025-12-24 16:02:57,994 | INFO | Saved model at AI_forecasting\artifacts\ml\models\ward_5_pm25_lgb.joblib
2025-12-24 16:02:58,453 | INFO | Saved forecast at AI_forecasting\results\ml\forecasts\ward_5_pm25_forecast.csv
2025-12-24 16:02:59,070 | INFO | Saved model at AI_forecasting\artifacts\ml\models\ward_50_electricity_demand_lgb.joblib
2025-12-24 16:02:59,538 | INFO | Saved forecast at AI_forecasting\results\ml\forecasts\ward_50_electricity_demand_forecast.csv
2025-12-24 16:03:00,157 | INFO | Saved model at AI_forecasting\artifacts\ml\models\ward_50_water_demand_lgb.joblib
2025-12-24 16:03:00,559 | INFO | Saved forecast at AI_forecasting\results\ml\forecasts\ward_50_water_demand_forecast.csv
2025-12-24 16:03:01,123 | INFO | Saved model at AI_forecasting\artifacts\ml\models\ward_50_congestion_index_lgb.joblib
2025-12-24 16:03:01,565 | INFO | Saved forecast at AI_forecasting\results\ml\forecasts\ward_50_congestion_index_forecast.csv
2025-12-24 16:03:02,128 | INFO | Saved model at AI_forecasting\artifacts\ml\models\ward_50_pm25_lgb.joblib
2025-12-24 16:03:02,560 | INFO | Saved forecast at AI_forecasting\results\ml\forecasts\ward_50_pm25_forecast.csv
2025-12-24 16:03:03,094 | INFO | Saved model at AI_forecasting\artifacts\ml\models\ward_51_electricity_demand_lgb.joblib
2025-12-24 16:03:03,453 | INFO | Saved forecast at AI_forecasting\results\ml\forecasts\ward_51_electricity_demand_forecast.csv
2025-12-24 16:03:03,981 | INFO | Saved model at AI_forecasting\artifacts\ml\models\ward_51_water_demand_lgb.joblib
2025-12-24 16:03:04,354 | INFO | Saved forecast at AI_forecasting\results\ml\forecasts\ward_51_water_demand_forecast.csv
2025-12-24 16:03:04,869 | INFO | Saved model at AI_forecasting\artifacts\ml\models\ward_51_congestion_index_lgb.joblib
2025-12-24 16:03:05,246 | INFO | Saved forecast at AI_forecasting\results\ml\forecasts\ward_51_congestion_index_forecast.csv
2025-12-24 16:03:05,751 | INFO | Saved model at AI_forecasting\artifacts\ml\models\ward_51_pm25_lgb.joblib
2025-12-24 16:03:06,124 | INFO | Saved forecast at AI_forecasting\results\ml\forecasts\ward_51_pm25_forecast.csv
2025-12-24 16:03:06,649 | INFO | Saved model at AI_forecasting\artifacts\ml\models\ward_52_electricity_demand_lgb.joblib
2025-12-24 16:03:07,011 | INFO | Saved forecast at AI_forecasting\results\ml\forecasts\ward_52_electricity_demand_forecast.csv
2025-12-24 16:03:07,532 | INFO | Saved model at AI_forecasting\artifacts\ml\models\ward_52_water_demand_lgb.joblib
2025-12-24 16:03:07,905 | INFO | Saved forecast at AI_forecasting\results\ml\forecasts\ward_52_water_demand_forecast.csv
2025-12-24 16:03:08,427 | INFO | Saved model at AI_forecasting\artifacts\ml\models\ward_52_congestion_index_lgb.joblib
2025-12-24 16:03:08,804 | INFO | Saved forecast at AI_forecasting\results\ml\forecasts\ward_52_congestion_index_forecast.csv
2025-12-24 16:03:09,322 | INFO | Saved model at AI_forecasting\artifacts\ml\models\ward_52_pm25_lgb.joblib
2025-12-24 16:03:09,696 | INFO | Saved forecast at AI_forecasting\results\ml\forecasts\ward_52_pm25_forecast.csv
2025-12-24 16:03:10,205 | INFO | Saved model at AI_forecasting\artifacts\ml\models\ward_53_electricity_demand_lgb.joblib
2025-12-24 16:03:10,569 | INFO | Saved forecast at AI_forecasting\results\ml\forecasts\ward_53_electricity_demand_forecast.csv
2025-12-24 16:03:11,085 | INFO | Saved model at AI_forecasting\artifacts\ml\models\ward_53_water_demand_lgb.joblib
2025-12-24 16:03:11,443 | INFO | Saved forecast at AI_forecasting\results\ml\forecasts\ward_53_water_demand_forecast.csv
2025-12-24 16:03:11,979 | INFO | Saved model at AI_forecasting\artifacts\ml\models\ward_53_congestion_index_lgb.joblib
2025-12-24 16:03:12,339 | INFO | Saved forecast at AI_forecasting\results\ml\forecasts\ward_53_congestion_index_forecast.csv
2025-12-24 16:03:12,850 | INFO | Saved model at AI_forecasting\artifacts\ml\models\ward_53_pm25_lgb.joblib
2025-12-24 16:03:13,204 | INFO | Saved forecast at AI_forecasting\results\ml\forecasts\ward_53_pm25_forecast.csv
2025-12-24 16:03:13,739 | INFO | Saved model at AI_forecasting\artifacts\ml\models\ward_54_electricity_demand_lgb.joblib
2025-12-24 16:03:14,111 | INFO | Saved forecast at AI_forecasting\results\ml\forecasts\ward_54_electricity_demand_forecast.csv
2025-12-24 16:03:14,619 | INFO | Saved model at AI_forecasting\artifacts\ml\models\ward_54_water_demand_lgb.joblib
2025-12-24 16:03:14,980 | INFO | Saved forecast at AI_forecasting\results\ml\forecasts\ward_54_water_demand_forecast.csv
2025-12-24 16:03:15,524 | INFO | Saved model at AI_forecasting\artifacts\ml\models\ward_54_congestion_index_lgb.joblib
2025-12-24 16:03:15,907 | INFO | Saved forecast at AI_forecasting\results\ml\forecasts\ward_54_congestion_index_forecast.csv
2025-12-24 16:03:16,442 | INFO | Saved model at AI_forecasting\artifacts\ml\models\ward_54_pm25_lgb.joblib
2025-12-24 16:03:16,813 | INFO | Saved forecast at AI_forecasting\results\ml\forecasts\ward_54_pm25_forecast.csv
2025-12-24 16:03:17,332 | INFO | Saved model at AI_forecasting\artifacts\ml\models\ward_55_electricity_demand_lgb.joblib
2025-12-24 16:03:17,745 | INFO | Saved forecast at AI_forecasting\results\ml\forecasts\ward_55_electricity_demand_forecast.csv
2025-12-24 16:03:18,259 | INFO | Saved model at AI_forecasting\artifacts\ml\models\ward_55_water_demand_lgb.joblib
2025-12-24 16:03:18,618 | INFO | Saved forecast at AI_forecasting\results\ml\forecasts\ward_55_water_demand_forecast.csv
2025-12-24 16:03:19,153 | INFO | Saved model at AI_forecasting\artifacts\ml\models\ward_55_congestion_index_lgb.joblib
2025-12-24 16:03:19,510 | INFO | Saved forecast at AI_forecasting\results\ml\forecasts\ward_55_congestion_index_forecast.csv
2025-12-24 16:03:20,028 | INFO | Saved model at AI_forecasting\artifacts\ml\models\ward_55_pm25_lgb.joblib
2025-12-24 16:03:20,387 | INFO | Saved forecast at AI_forecasting\results\ml\forecasts\ward_55_pm25_forecast.csv
2025-12-24 16:03:20,930 | INFO | Saved model at AI_forecasting\artifacts\ml\models\ward_56_electricity_demand_lgb.joblib
2025-12-24 16:03:21,305 | INFO | Saved forecast at AI_forecasting\results\ml\forecasts\ward_56_electricity_demand_forecast.csv
2025-12-24 16:03:21,846 | INFO | Saved model at AI_forecasting\artifacts\ml\models\ward_56_water_demand_lgb.joblib
2025-12-24 16:03:22,242 | INFO | Saved forecast at AI_forecasting\results\ml\forecasts\ward_56_water_demand_forecast.csv
2025-12-24 16:03:22,802 | INFO | Saved model at AI_forecasting\artifacts\ml\models\ward_56_congestion_index_lgb.joblib
2025-12-24 16:03:23,188 | INFO | Saved forecast at AI_forecasting\results\ml\forecasts\ward_56_congestion_index_forecast.csv
2025-12-24 16:03:23,726 | INFO | Saved model at AI_forecasting\artifacts\ml\models\ward_56_pm25_lgb.joblib
2025-12-24 16:03:24,128 | INFO | Saved forecast at AI_forecasting\results\ml\forecasts\ward_56_pm25_forecast.csv
2025-12-24 16:03:24,710 | INFO | Saved model at AI_forecasting\artifacts\ml\models\ward_57_electricity_demand_lgb.joblib
2025-12-24 16:03:25,148 | INFO | Saved forecast at AI_forecasting\results\ml\forecasts\ward_57_electricity_demand_forecast.csv
2025-12-24 16:03:25,692 | INFO | Saved model at AI_forecasting\artifacts\ml\models\ward_57_water_demand_lgb.joblib
2025-12-24 16:03:26,087 | INFO | Saved forecast at AI_forecasting\results\ml\forecasts\ward_57_water_demand_forecast.csv
2025-12-24 16:03:26,629 | INFO | Saved model at AI_forecasting\artifacts\ml\models\ward_57_congestion_index_lgb.joblib
2025-12-24 16:03:27,013 | INFO | Saved forecast at AI_forecasting\results\ml\forecasts\ward_57_congestion_index_forecast.csv
2025-12-24 16:03:27,565 | INFO | Saved model at AI_forecasting\artifacts\ml\models\ward_57_pm25_lgb.joblib
2025-12-24 16:03:27,971 | INFO | Saved forecast at AI_forecasting\results\ml\forecasts\ward_57_pm25_forecast.csv
2025-12-24 16:03:28,528 | INFO | Saved model at AI_forecasting\artifacts\ml\models\ward_58_electricity_demand_lgb.joblib
2025-12-24 16:03:28,923 | INFO | Saved forecast at AI_forecasting\results\ml\forecasts\ward_58_electricity_demand_forecast.csv
2025-12-24 16:03:29,452 | INFO | Saved model at AI_forecasting\artifacts\ml\models\ward_58_water_demand_lgb.joblib
2025-12-24 16:03:29,820 | INFO | Saved forecast at AI_forecasting\results\ml\forecasts\ward_58_water_demand_forecast.csv
2025-12-24 16:03:30,363 | INFO | Saved model at AI_forecasting\artifacts\ml\models\ward_58_congestion_index_lgb.joblib
2025-12-24 16:03:30,754 | INFO | Saved forecast at AI_forecasting\results\ml\forecasts\ward_58_congestion_index_forecast.csv
2025-12-24 16:03:31,307 | INFO | Saved model at AI_forecasting\artifacts\ml\models\ward_58_pm25_lgb.joblib
2025-12-24 16:03:31,670 | INFO | Saved forecast at AI_forecasting\results\ml\forecasts\ward_58_pm25_forecast.csv
2025-12-24 16:03:32,191 | INFO | Saved model at AI_forecasting\artifacts\ml\models\ward_59_electricity_demand_lgb.joblib
2025-12-24 16:03:32,563 | INFO | Saved forecast at AI_forecasting\results\ml\forecasts\ward_59_electricity_demand_forecast.csv
2025-12-24 16:03:33,076 | INFO | Saved model at AI_forecasting\artifacts\ml\models\ward_59_water_demand_lgb.joblib
2025-12-24 16:03:33,464 | INFO | Saved forecast at AI_forecasting\results\ml\forecasts\ward_59_water_demand_forecast.csv
2025-12-24 16:03:33,988 | INFO | Saved model at AI_forecasting\artifacts\ml\models\ward_59_congestion_index_lgb.joblib
2025-12-24 16:03:34,361 | INFO | Saved forecast at AI_forecasting\results\ml\forecasts\ward_59_congestion_index_forecast.csv
2025-12-24 16:03:34,871 | INFO | Saved model at AI_forecasting\artifacts\ml\models\ward_59_pm25_lgb.joblib
2025-12-24 16:03:35,244 | INFO | Saved forecast at AI_forecasting\results\ml\forecasts\ward_59_pm25_forecast.csv
2025-12-24 16:03:35,766 | INFO | Saved model at AI_forecasting\artifacts\ml\models\ward_6_electricity_demand_lgb.joblib
2025-12-24 16:03:36,129 | INFO | Saved forecast at AI_forecasting\results\ml\forecasts\ward_6_electricity_demand_forecast.csv
2025-12-24 16:03:36,633 | INFO | Saved model at AI_forecasting\artifacts\ml\models\ward_6_water_demand_lgb.joblib
2025-12-24 16:03:36,996 | INFO | Saved forecast at AI_forecasting\results\ml\forecasts\ward_6_water_demand_forecast.csv
2025-12-24 16:03:37,523 | INFO | Saved model at AI_forecasting\artifacts\ml\models\ward_6_congestion_index_lgb.joblib
2025-12-24 16:03:37,898 | INFO | Saved forecast at AI_forecasting\results\ml\forecasts\ward_6_congestion_index_forecast.csv
2025-12-24 16:03:38,424 | INFO | Saved model at AI_forecasting\artifacts\ml\models\ward_6_pm25_lgb.joblib
2025-12-24 16:03:38,796 | INFO | Saved forecast at AI_forecasting\results\ml\forecasts\ward_6_pm25_forecast.csv
2025-12-24 16:03:39,315 | INFO | Saved model at AI_forecasting\artifacts\ml\models\ward_60_electricity_demand_lgb.joblib
2025-12-24 16:03:39,683 | INFO | Saved forecast at AI_forecasting\results\ml\forecasts\ward_60_electricity_demand_forecast.csv
2025-12-24 16:03:40,216 | INFO | Saved model at AI_forecasting\artifacts\ml\models\ward_60_water_demand_lgb.joblib
2025-12-24 16:03:40,593 | INFO | Saved forecast at AI_forecasting\results\ml\forecasts\ward_60_water_demand_forecast.csv
2025-12-24 16:03:41,125 | INFO | Saved model at AI_forecasting\artifacts\ml\models\ward_60_congestion_index_lgb.joblib
2025-12-24 16:03:41,489 | INFO | Saved forecast at AI_forecasting\results\ml\forecasts\ward_60_congestion_index_forecast.csv
2025-12-24 16:03:42,001 | INFO | Saved model at AI_forecasting\artifacts\ml\models\ward_60_pm25_lgb.joblib
2025-12-24 16:03:42,367 | INFO | Saved forecast at AI_forecasting\results\ml\forecasts\ward_60_pm25_forecast.csv
2025-12-24 16:03:42,893 | INFO | Saved model at AI_forecasting\artifacts\ml\models\ward_61_electricity_demand_lgb.joblib
2025-12-24 16:03:43,261 | INFO | Saved forecast at AI_forecasting\results\ml\forecasts\ward_61_electricity_demand_forecast.csv
2025-12-24 16:03:43,786 | INFO | Saved model at AI_forecasting\artifacts\ml\models\ward_61_water_demand_lgb.joblib
2025-12-24 16:03:44,164 | INFO | Saved forecast at AI_forecasting\results\ml\forecasts\ward_61_water_demand_forecast.csv
2025-12-24 16:03:44,690 | INFO | Saved model at AI_forecasting\artifacts\ml\models\ward_61_congestion_index_lgb.joblib
2025-12-24 16:03:45,058 | INFO | Saved forecast at AI_forecasting\results\ml\forecasts\ward_61_congestion_index_forecast.csv
2025-12-24 16:03:45,569 | INFO | Saved model at AI_forecasting\artifacts\ml\models\ward_61_pm25_lgb.joblib
2025-12-24 16:03:45,935 | INFO | Saved forecast at AI_forecasting\results\ml\forecasts\ward_61_pm25_forecast.csv
2025-12-24 16:03:46,458 | INFO | Saved model at AI_forecasting\artifacts\ml\models\ward_62_electricity_demand_lgb.joblib
2025-12-24 16:03:46,826 | INFO | Saved forecast at AI_forecasting\results\ml\forecasts\ward_62_electricity_demand_forecast.csv
2025-12-24 16:03:47,384 | INFO | Saved model at AI_forecasting\artifacts\ml\models\ward_62_water_demand_lgb.joblib
2025-12-24 16:03:47,750 | INFO | Saved forecast at AI_forecasting\results\ml\forecasts\ward_62_water_demand_forecast.csv
2025-12-24 16:03:48,275 | INFO | Saved model at AI_forecasting\artifacts\ml\models\ward_62_congestion_index_lgb.joblib
2025-12-24 16:03:48,641 | INFO | Saved forecast at AI_forecasting\results\ml\forecasts\ward_62_congestion_index_forecast.csv
2025-12-24 16:03:49,169 | INFO | Saved model at AI_forecasting\artifacts\ml\models\ward_62_pm25_lgb.joblib
2025-12-24 16:03:49,533 | INFO | Saved forecast at AI_forecasting\results\ml\forecasts\ward_62_pm25_forecast.csv
2025-12-24 16:03:50,069 | INFO | Saved model at AI_forecasting\artifacts\ml\models\ward_63_electricity_demand_lgb.joblib
2025-12-24 16:03:50,437 | INFO | Saved forecast at AI_forecasting\results\ml\forecasts\ward_63_electricity_demand_forecast.csv
2025-12-24 16:03:50,960 | INFO | Saved model at AI_forecasting\artifacts\ml\models\ward_63_water_demand_lgb.joblib
2025-12-24 16:03:51,320 | INFO | Saved forecast at AI_forecasting\results\ml\forecasts\ward_63_water_demand_forecast.csv
2025-12-24 16:03:51,843 | INFO | Saved model at AI_forecasting\artifacts\ml\models\ward_63_congestion_index_lgb.joblib
2025-12-24 16:03:52,208 | INFO | Saved forecast at AI_forecasting\results\ml\forecasts\ward_63_congestion_index_forecast.csv
2025-12-24 16:03:52,711 | INFO | Saved model at AI_forecasting\artifacts\ml\models\ward_63_pm25_lgb.joblib
2025-12-24 16:03:53,075 | INFO | Saved forecast at AI_forecasting\results\ml\forecasts\ward_63_pm25_forecast.csv
2025-12-24 16:03:53,618 | INFO | Saved model at AI_forecasting\artifacts\ml\models\ward_64_electricity_demand_lgb.joblib
2025-12-24 16:03:53,996 | INFO | Saved forecast at AI_forecasting\results\ml\forecasts\ward_64_electricity_demand_forecast.csv
2025-12-24 16:03:54,564 | INFO | Saved model at AI_forecasting\artifacts\ml\models\ward_64_water_demand_lgb.joblib
2025-12-24 16:03:54,929 | INFO | Saved forecast at AI_forecasting\results\ml\forecasts\ward_64_water_demand_forecast.csv
2025-12-24 16:03:55,474 | INFO | Saved model at AI_forecasting\artifacts\ml\models\ward_64_congestion_index_lgb.joblib
2025-12-24 16:03:55,850 | INFO | Saved forecast at AI_forecasting\results\ml\forecasts\ward_64_congestion_index_forecast.csv
2025-12-24 16:03:56,391 | INFO | Saved model at AI_forecasting\artifacts\ml\models\ward_64_pm25_lgb.joblib
2025-12-24 16:03:56,753 | INFO | Saved forecast at AI_forecasting\results\ml\forecasts\ward_64_pm25_forecast.csv
2025-12-24 16:03:57,274 | INFO | Saved model at AI_forecasting\artifacts\ml\models\ward_65_electricity_demand_lgb.joblib
2025-12-24 16:03:57,638 | INFO | Saved forecast at AI_forecasting\results\ml\forecasts\ward_65_electricity_demand_forecast.csv
2025-12-24 16:03:58,151 | INFO | Saved model at AI_forecasting\artifacts\ml\models\ward_65_water_demand_lgb.joblib
2025-12-24 16:03:58,538 | INFO | Saved forecast at AI_forecasting\results\ml\forecasts\ward_65_water_demand_forecast.csv
2025-12-24 16:03:59,078 | INFO | Saved model at AI_forecasting\artifacts\ml\models\ward_65_congestion_index_lgb.joblib
2025-12-24 16:03:59,454 | INFO | Saved forecast at AI_forecasting\results\ml\forecasts\ward_65_congestion_index_forecast.csv
2025-12-24 16:04:00,044 | INFO | Saved model at AI_forecasting\artifacts\ml\models\ward_65_pm25_lgb.joblib
2025-12-24 16:04:00,407 | INFO | Saved forecast at AI_forecasting\results\ml\forecasts\ward_65_pm25_forecast.csv
2025-12-24 16:04:00,939 | INFO | Saved model at AI_forecasting\artifacts\ml\models\ward_66_electricity_demand_lgb.joblib
2025-12-24 16:04:01,308 | INFO | Saved forecast at AI_forecasting\results\ml\forecasts\ward_66_electricity_demand_forecast.csv
2025-12-24 16:04:01,952 | INFO | Saved model at AI_forecasting\artifacts\ml\models\ward_66_water_demand_lgb.joblib
2025-12-24 16:04:02,443 | INFO | Saved forecast at AI_forecasting\results\ml\forecasts\ward_66_water_demand_forecast.csv
2025-12-24 16:04:03,131 | INFO | Saved model at AI_forecasting\artifacts\ml\models\ward_66_congestion_index_lgb.joblib
2025-12-24 16:04:03,595 | INFO | Saved forecast at AI_forecasting\results\ml\forecasts\ward_66_congestion_index_forecast.csv
2025-12-24 16:04:04,221 | INFO | Saved model at AI_forecasting\artifacts\ml\models\ward_66_pm25_lgb.joblib
2025-12-24 16:04:04,688 | INFO | Saved forecast at AI_forecasting\results\ml\forecasts\ward_66_pm25_forecast.csv
2025-12-24 16:04:05,528 | INFO | Saved model at AI_forecasting\artifacts\ml\models\ward_67_electricity_demand_lgb.joblib
2025-12-24 16:04:06,005 | INFO | Saved forecast at AI_forecasting\results\ml\forecasts\ward_67_electricity_demand_forecast.csv
2025-12-24 16:04:06,790 | INFO | Saved model at AI_forecasting\artifacts\ml\models\ward_67_water_demand_lgb.joblib
2025-12-24 16:04:07,252 | INFO | Saved forecast at AI_forecasting\results\ml\forecasts\ward_67_water_demand_forecast.csv
2025-12-24 16:04:07,871 | INFO | Saved model at AI_forecasting\artifacts\ml\models\ward_67_congestion_index_lgb.joblib
2025-12-24 16:04:08,313 | INFO | Saved forecast at AI_forecasting\results\ml\forecasts\ward_67_congestion_index_forecast.csv
2025-12-24 16:04:08,928 | INFO | Saved model at AI_forecasting\artifacts\ml\models\ward_67_pm25_lgb.joblib
2025-12-24 16:04:09,369 | INFO | Saved forecast at AI_forecasting\results\ml\forecasts\ward_67_pm25_forecast.csv
2025-12-24 16:04:09,994 | INFO | Saved model at AI_forecasting\artifacts\ml\models\ward_68_electricity_demand_lgb.joblib
2025-12-24 16:04:10,439 | INFO | Saved forecast at AI_forecasting\results\ml\forecasts\ward_68_electricity_demand_forecast.csv
2025-12-24 16:04:11,085 | INFO | Saved model at AI_forecasting\artifacts\ml\models\ward_68_water_demand_lgb.joblib
2025-12-24 16:04:11,579 | INFO | Saved forecast at AI_forecasting\results\ml\forecasts\ward_68_water_demand_forecast.csv
2025-12-24 16:04:12,233 | INFO | Saved model at AI_forecasting\artifacts\ml\models\ward_68_congestion_index_lgb.joblib
2025-12-24 16:04:12,717 | INFO | Saved forecast at AI_forecasting\results\ml\forecasts\ward_68_congestion_index_forecast.csv
2025-12-24 16:04:13,372 | INFO | Saved model at AI_forecasting\artifacts\ml\models\ward_68_pm25_lgb.joblib
2025-12-24 16:04:13,959 | INFO | Saved forecast at AI_forecasting\results\ml\forecasts\ward_68_pm25_forecast.csv
2025-12-24 16:04:14,691 | INFO | Saved model at AI_forecasting\artifacts\ml\models\ward_69_electricity_demand_lgb.joblib
2025-12-24 16:04:15,168 | INFO | Saved forecast at AI_forecasting\results\ml\forecasts\ward_69_electricity_demand_forecast.csv
2025-12-24 16:04:15,808 | INFO | Saved model at AI_forecasting\artifacts\ml\models\ward_69_water_demand_lgb.joblib
2025-12-24 16:04:16,261 | INFO | Saved forecast at AI_forecasting\results\ml\forecasts\ward_69_water_demand_forecast.csv
2025-12-24 16:04:16,934 | INFO | Saved model at AI_forecasting\artifacts\ml\models\ward_69_congestion_index_lgb.joblib
2025-12-24 16:04:17,441 | INFO | Saved forecast at AI_forecasting\results\ml\forecasts\ward_69_congestion_index_forecast.csv
2025-12-24 16:04:18,298 | INFO | Saved model at AI_forecasting\artifacts\ml\models\ward_69_pm25_lgb.joblib
2025-12-24 16:04:18,780 | INFO | Saved forecast at AI_forecasting\results\ml\forecasts\ward_69_pm25_forecast.csv
2025-12-24 16:04:19,504 | INFO | Saved model at AI_forecasting\artifacts\ml\models\ward_7_electricity_demand_lgb.joblib
2025-12-24 16:04:19,946 | INFO | Saved forecast at AI_forecasting\results\ml\forecasts\ward_7_electricity_demand_forecast.csv
2025-12-24 16:04:20,561 | INFO | Saved model at AI_forecasting\artifacts\ml\models\ward_7_water_demand_lgb.joblib
2025-12-24 16:04:21,173 | INFO | Saved forecast at AI_forecasting\results\ml\forecasts\ward_7_water_demand_forecast.csv
2025-12-24 16:04:21,889 | INFO | Saved model at AI_forecasting\artifacts\ml\models\ward_7_congestion_index_lgb.joblib
2025-12-24 16:04:22,353 | INFO | Saved forecast at AI_forecasting\results\ml\forecasts\ward_7_congestion_index_forecast.csv
2025-12-24 16:04:23,009 | INFO | Saved model at AI_forecasting\artifacts\ml\models\ward_7_pm25_lgb.joblib
2025-12-24 16:04:23,474 | INFO | Saved forecast at AI_forecasting\results\ml\forecasts\ward_7_pm25_forecast.csv
2025-12-24 16:04:24,159 | INFO | Saved model at AI_forecasting\artifacts\ml\models\ward_70_electricity_demand_lgb.joblib
2025-12-24 16:04:24,733 | INFO | Saved forecast at AI_forecasting\results\ml\forecasts\ward_70_electricity_demand_forecast.csv
2025-12-24 16:04:25,411 | INFO | Saved model at AI_forecasting\artifacts\ml\models\ward_70_water_demand_lgb.joblib
2025-12-24 16:04:25,900 | INFO | Saved forecast at AI_forecasting\results\ml\forecasts\ward_70_water_demand_forecast.csv
2025-12-24 16:04:26,559 | INFO | Saved model at AI_forecasting\artifacts\ml\models\ward_70_congestion_index_lgb.joblib
2025-12-24 16:04:27,033 | INFO | Saved forecast at AI_forecasting\results\ml\forecasts\ward_70_congestion_index_forecast.csv
2025-12-24 16:04:27,661 | INFO | Saved model at AI_forecasting\artifacts\ml\models\ward_70_pm25_lgb.joblib
2025-12-24 16:04:28,114 | INFO | Saved forecast at AI_forecasting\results\ml\forecasts\ward_70_pm25_forecast.csv
2025-12-24 16:04:28,760 | INFO | Saved model at AI_forecasting\artifacts\ml\models\ward_71_electricity_demand_lgb.joblib
2025-12-24 16:04:29,228 | INFO | Saved forecast at AI_forecasting\results\ml\forecasts\ward_71_electricity_demand_forecast.csv
2025-12-24 16:04:29,905 | INFO | Saved model at AI_forecasting\artifacts\ml\models\ward_71_water_demand_lgb.joblib
2025-12-24 16:04:30,381 | INFO | Saved forecast at AI_forecasting\results\ml\forecasts\ward_71_water_demand_forecast.csv
2025-12-24 16:04:31,034 | INFO | Saved model at AI_forecasting\artifacts\ml\models\ward_71_congestion_index_lgb.joblib
2025-12-24 16:04:31,515 | INFO | Saved forecast at AI_forecasting\results\ml\forecasts\ward_71_congestion_index_forecast.csv
2025-12-24 16:04:32,167 | INFO | Saved model at AI_forecasting\artifacts\ml\models\ward_71_pm25_lgb.joblib
2025-12-24 16:04:32,636 | INFO | Saved forecast at AI_forecasting\results\ml\forecasts\ward_71_pm25_forecast.csv
2025-12-24 16:04:33,309 | INFO | Saved model at AI_forecasting\artifacts\ml\models\ward_72_electricity_demand_lgb.joblib
2025-12-24 16:04:33,761 | INFO | Saved forecast at AI_forecasting\results\ml\forecasts\ward_72_electricity_demand_forecast.csv
2025-12-24 16:04:34,433 | INFO | Saved model at AI_forecasting\artifacts\ml\models\ward_72_water_demand_lgb.joblib
2025-12-24 16:04:34,892 | INFO | Saved forecast at AI_forecasting\results\ml\forecasts\ward_72_water_demand_forecast.csv
2025-12-24 16:04:35,521 | INFO | Saved model at AI_forecasting\artifacts\ml\models\ward_72_congestion_index_lgb.joblib
2025-12-24 16:04:35,989 | INFO | Saved forecast at AI_forecasting\results\ml\forecasts\ward_72_congestion_index_forecast.csv
2025-12-24 16:04:36,595 | INFO | Saved model at AI_forecasting\artifacts\ml\models\ward_72_pm25_lgb.joblib
2025-12-24 16:04:37,049 | INFO | Saved forecast at AI_forecasting\results\ml\forecasts\ward_72_pm25_forecast.csv
2025-12-24 16:04:37,711 | INFO | Saved model at AI_forecasting\artifacts\ml\models\ward_73_electricity_demand_lgb.joblib
2025-12-24 16:04:38,174 | INFO | Saved forecast at AI_forecasting\results\ml\forecasts\ward_73_electricity_demand_forecast.csv
2025-12-24 16:04:38,794 | INFO | Saved model at AI_forecasting\artifacts\ml\models\ward_73_water_demand_lgb.joblib
2025-12-24 16:04:39,283 | INFO | Saved forecast at AI_forecasting\results\ml\forecasts\ward_73_water_demand_forecast.csv
2025-12-24 16:04:39,921 | INFO | Saved model at AI_forecasting\artifacts\ml\models\ward_73_congestion_index_lgb.joblib
2025-12-24 16:04:40,411 | INFO | Saved forecast at AI_forecasting\results\ml\forecasts\ward_73_congestion_index_forecast.csv
2025-12-24 16:04:41,027 | INFO | Saved model at AI_forecasting\artifacts\ml\models\ward_73_pm25_lgb.joblib
2025-12-24 16:04:41,473 | INFO | Saved forecast at AI_forecasting\results\ml\forecasts\ward_73_pm25_forecast.csv
2025-12-24 16:04:42,139 | INFO | Saved model at AI_forecasting\artifacts\ml\models\ward_74_electricity_demand_lgb.joblib
2025-12-24 16:04:42,590 | INFO | Saved forecast at AI_forecasting\results\ml\forecasts\ward_74_electricity_demand_forecast.csv
2025-12-24 16:04:43,218 | INFO | Saved model at AI_forecasting\artifacts\ml\models\ward_74_water_demand_lgb.joblib
2025-12-24 16:04:43,683 | INFO | Saved forecast at AI_forecasting\results\ml\forecasts\ward_74_water_demand_forecast.csv
2025-12-24 16:04:44,336 | INFO | Saved model at AI_forecasting\artifacts\ml\models\ward_74_congestion_index_lgb.joblib
2025-12-24 16:04:44,767 | INFO | Saved forecast at AI_forecasting\results\ml\forecasts\ward_74_congestion_index_forecast.csv
2025-12-24 16:04:45,362 | INFO | Saved model at AI_forecasting\artifacts\ml\models\ward_74_pm25_lgb.joblib
2025-12-24 16:04:45,851 | INFO | Saved forecast at AI_forecasting\results\ml\forecasts\ward_74_pm25_forecast.csv
2025-12-24 16:04:46,487 | INFO | Saved model at AI_forecasting\artifacts\ml\models\ward_75_electricity_demand_lgb.joblib
2025-12-24 16:04:46,975 | INFO | Saved forecast at AI_forecasting\results\ml\forecasts\ward_75_electricity_demand_forecast.csv
2025-12-24 16:04:47,648 | INFO | Saved model at AI_forecasting\artifacts\ml\models\ward_75_water_demand_lgb.joblib
2025-12-24 16:04:48,131 | INFO | Saved forecast at AI_forecasting\results\ml\forecasts\ward_75_water_demand_forecast.csv
2025-12-24 16:04:49,062 | INFO | Saved model at AI_forecasting\artifacts\ml\models\ward_75_congestion_index_lgb.joblib
2025-12-24 16:04:49,513 | INFO | Saved forecast at AI_forecasting\results\ml\forecasts\ward_75_congestion_index_forecast.csv
2025-12-24 16:04:50,171 | INFO | Saved model at AI_forecasting\artifacts\ml\models\ward_75_pm25_lgb.joblib
2025-12-24 16:04:50,685 | INFO | Saved forecast at AI_forecasting\results\ml\forecasts\ward_75_pm25_forecast.csv
2025-12-24 16:04:51,363 | INFO | Saved model at AI_forecasting\artifacts\ml\models\ward_76_electricity_demand_lgb.joblib
2025-12-24 16:04:51,838 | INFO | Saved forecast at AI_forecasting\results\ml\forecasts\ward_76_electricity_demand_forecast.csv
2025-12-24 16:04:52,476 | INFO | Saved model at AI_forecasting\artifacts\ml\models\ward_76_water_demand_lgb.joblib
2025-12-24 16:04:52,986 | INFO | Saved forecast at AI_forecasting\results\ml\forecasts\ward_76_water_demand_forecast.csv
2025-12-24 16:04:53,637 | INFO | Saved model at AI_forecasting\artifacts\ml\models\ward_76_congestion_index_lgb.joblib
2025-12-24 16:04:54,124 | INFO | Saved forecast at AI_forecasting\results\ml\forecasts\ward_76_congestion_index_forecast.csv
2025-12-24 16:04:54,779 | INFO | Saved model at AI_forecasting\artifacts\ml\models\ward_76_pm25_lgb.joblib
2025-12-24 16:04:55,274 | INFO | Saved forecast at AI_forecasting\results\ml\forecasts\ward_76_pm25_forecast.csv
2025-12-24 16:04:55,888 | INFO | Saved model at AI_forecasting\artifacts\ml\models\ward_77_electricity_demand_lgb.joblib
2025-12-24 16:04:56,363 | INFO | Saved forecast at AI_forecasting\results\ml\forecasts\ward_77_electricity_demand_forecast.csv
2025-12-24 16:04:57,040 | INFO | Saved model at AI_forecasting\artifacts\ml\models\ward_77_water_demand_lgb.joblib
2025-12-24 16:04:57,481 | INFO | Saved forecast at AI_forecasting\results\ml\forecasts\ward_77_water_demand_forecast.csv
2025-12-24 16:04:58,134 | INFO | Saved model at AI_forecasting\artifacts\ml\models\ward_77_congestion_index_lgb.joblib
2025-12-24 16:04:58,563 | INFO | Saved forecast at AI_forecasting\results\ml\forecasts\ward_77_congestion_index_forecast.csv
2025-12-24 16:04:59,179 | INFO | Saved model at AI_forecasting\artifacts\ml\models\ward_77_pm25_lgb.joblib
2025-12-24 16:04:59,683 | INFO | Saved forecast at AI_forecasting\results\ml\forecasts\ward_77_pm25_forecast.csv
2025-12-24 16:05:00,328 | INFO | Saved model at AI_forecasting\artifacts\ml\models\ward_78_electricity_demand_lgb.joblib
2025-12-24 16:05:00,810 | INFO | Saved forecast at AI_forecasting\results\ml\forecasts\ward_78_electricity_demand_forecast.csv
2025-12-24 16:05:01,531 | INFO | Saved model at AI_forecasting\artifacts\ml\models\ward_78_water_demand_lgb.joblib
2025-12-24 16:05:01,970 | INFO | Saved forecast at AI_forecasting\results\ml\forecasts\ward_78_water_demand_forecast.csv
2025-12-24 16:05:02,825 | INFO | Saved model at AI_forecasting\artifacts\ml\models\ward_78_congestion_index_lgb.joblib
2025-12-24 16:05:03,644 | INFO | Saved forecast at AI_forecasting\results\ml\forecasts\ward_78_congestion_index_forecast.csv
2025-12-24 16:05:04,444 | INFO | Saved model at AI_forecasting\artifacts\ml\models\ward_78_pm25_lgb.joblib
2025-12-24 16:05:04,921 | INFO | Saved forecast at AI_forecasting\results\ml\forecasts\ward_78_pm25_forecast.csv
2025-12-24 16:05:05,571 | INFO | Saved model at AI_forecasting\artifacts\ml\models\ward_79_electricity_demand_lgb.joblib
2025-12-24 16:05:06,043 | INFO | Saved forecast at AI_forecasting\results\ml\forecasts\ward_79_electricity_demand_forecast.csv
2025-12-24 16:05:06,883 | INFO | Saved model at AI_forecasting\artifacts\ml\models\ward_79_water_demand_lgb.joblib
2025-12-24 16:05:07,376 | INFO | Saved forecast at AI_forecasting\results\ml\forecasts\ward_79_water_demand_forecast.csv
2025-12-24 16:05:08,033 | INFO | Saved model at AI_forecasting\artifacts\ml\models\ward_79_congestion_index_lgb.joblib
2025-12-24 16:05:08,503 | INFO | Saved forecast at AI_forecasting\results\ml\forecasts\ward_79_congestion_index_forecast.csv
2025-12-24 16:05:09,146 | INFO | Saved model at AI_forecasting\artifacts\ml\models\ward_79_pm25_lgb.joblib
2025-12-24 16:05:09,796 | INFO | Saved forecast at AI_forecasting\results\ml\forecasts\ward_79_pm25_forecast.csv
2025-12-24 16:05:10,741 | INFO | Saved model at AI_forecasting\artifacts\ml\models\ward_8_electricity_demand_lgb.joblib
2025-12-24 16:05:11,375 | INFO | Saved forecast at AI_forecasting\results\ml\forecasts\ward_8_electricity_demand_forecast.csv
2025-12-24 16:05:12,038 | INFO | Saved model at AI_forecasting\artifacts\ml\models\ward_8_water_demand_lgb.joblib
2025-12-24 16:05:12,694 | INFO | Saved forecast at AI_forecasting\results\ml\forecasts\ward_8_water_demand_forecast.csv
2025-12-24 16:05:13,658 | INFO | Saved model at AI_forecasting\artifacts\ml\models\ward_8_congestion_index_lgb.joblib
2025-12-24 16:05:14,473 | INFO | Saved forecast at AI_forecasting\results\ml\forecasts\ward_8_congestion_index_forecast.csv
2025-12-24 16:05:15,501 | INFO | Saved model at AI_forecasting\artifacts\ml\models\ward_8_pm25_lgb.joblib
2025-12-24 16:05:16,546 | INFO | Saved forecast at AI_forecasting\results\ml\forecasts\ward_8_pm25_forecast.csv
2025-12-24 16:05:17,228 | INFO | Saved model at AI_forecasting\artifacts\ml\models\ward_80_electricity_demand_lgb.joblib
2025-12-24 16:05:17,689 | INFO | Saved forecast at AI_forecasting\results\ml\forecasts\ward_80_electricity_demand_forecast.csv
2025-12-24 16:05:18,370 | INFO | Saved model at AI_forecasting\artifacts\ml\models\ward_80_water_demand_lgb.joblib
2025-12-24 16:05:19,096 | INFO | Saved forecast at AI_forecasting\results\ml\forecasts\ward_80_water_demand_forecast.csv
2025-12-24 16:05:19,966 | INFO | Saved model at AI_forecasting\artifacts\ml\models\ward_80_congestion_index_lgb.joblib
2025-12-24 16:05:20,493 | INFO | Saved forecast at AI_forecasting\results\ml\forecasts\ward_80_congestion_index_forecast.csv
2025-12-24 16:05:21,183 | INFO | Saved model at AI_forecasting\artifacts\ml\models\ward_80_pm25_lgb.joblib
2025-12-24 16:05:21,788 | INFO | Saved forecast at AI_forecasting\results\ml\forecasts\ward_80_pm25_forecast.csv
2025-12-24 16:05:22,447 | INFO | Saved model at AI_forecasting\artifacts\ml\models\ward_81_electricity_demand_lgb.joblib
2025-12-24 16:05:23,011 | INFO | Saved forecast at AI_forecasting\results\ml\forecasts\ward_81_electricity_demand_forecast.csv
2025-12-24 16:05:23,826 | INFO | Saved model at AI_forecasting\artifacts\ml\models\ward_81_water_demand_lgb.joblib
2025-12-24 16:05:24,299 | INFO | Saved forecast at AI_forecasting\results\ml\forecasts\ward_81_water_demand_forecast.csv
2025-12-24 16:05:24,951 | INFO | Saved model at AI_forecasting\artifacts\ml\models\ward_81_congestion_index_lgb.joblib
2025-12-24 16:05:25,445 | INFO | Saved forecast at AI_forecasting\results\ml\forecasts\ward_81_congestion_index_forecast.csv
2025-12-24 16:05:26,075 | INFO | Saved model at AI_forecasting\artifacts\ml\models\ward_81_pm25_lgb.joblib
2025-12-24 16:05:26,518 | INFO | Saved forecast at AI_forecasting\results\ml\forecasts\ward_81_pm25_forecast.csv
2025-12-24 16:05:27,134 | INFO | Saved model at AI_forecasting\artifacts\ml\models\ward_82_electricity_demand_lgb.joblib
2025-12-24 16:05:27,613 | INFO | Saved forecast at AI_forecasting\results\ml\forecasts\ward_82_electricity_demand_forecast.csv
2025-12-24 16:05:28,260 | INFO | Saved model at AI_forecasting\artifacts\ml\models\ward_82_water_demand_lgb.joblib
2025-12-24 16:05:28,721 | INFO | Saved forecast at AI_forecasting\results\ml\forecasts\ward_82_water_demand_forecast.csv
2025-12-24 16:05:29,580 | INFO | Saved model at AI_forecasting\artifacts\ml\models\ward_82_congestion_index_lgb.joblib
2025-12-24 16:05:30,027 | INFO | Saved forecast at AI_forecasting\results\ml\forecasts\ward_82_congestion_index_forecast.csv
2025-12-24 16:05:30,785 | INFO | Saved model at AI_forecasting\artifacts\ml\models\ward_82_pm25_lgb.joblib
2025-12-24 16:05:31,284 | INFO | Saved forecast at AI_forecasting\results\ml\forecasts\ward_82_pm25_forecast.csv
2025-12-24 16:05:31,927 | INFO | Saved model at AI_forecasting\artifacts\ml\models\ward_83_electricity_demand_lgb.joblib
2025-12-24 16:05:32,439 | INFO | Saved forecast at AI_forecasting\results\ml\forecasts\ward_83_electricity_demand_forecast.csv
2025-12-24 16:05:33,132 | INFO | Saved model at AI_forecasting\artifacts\ml\models\ward_83_water_demand_lgb.joblib
2025-12-24 16:05:33,631 | INFO | Saved forecast at AI_forecasting\results\ml\forecasts\ward_83_water_demand_forecast.csv
2025-12-24 16:05:34,462 | INFO | Saved model at AI_forecasting\artifacts\ml\models\ward_83_congestion_index_lgb.joblib
2025-12-24 16:05:34,979 | INFO | Saved forecast at AI_forecasting\results\ml\forecasts\ward_83_congestion_index_forecast.csv
2025-12-24 16:05:35,756 | INFO | Saved model at AI_forecasting\artifacts\ml\models\ward_83_pm25_lgb.joblib
2025-12-24 16:05:36,332 | INFO | Saved forecast at AI_forecasting\results\ml\forecasts\ward_83_pm25_forecast.csv
2025-12-24 16:05:36,975 | INFO | Saved model at AI_forecasting\artifacts\ml\models\ward_84_electricity_demand_lgb.joblib
2025-12-24 16:05:37,416 | INFO | Saved forecast at AI_forecasting\results\ml\forecasts\ward_84_electricity_demand_forecast.csv
2025-12-24 16:05:38,073 | INFO | Saved model at AI_forecasting\artifacts\ml\models\ward_84_water_demand_lgb.joblib
2025-12-24 16:05:38,516 | INFO | Saved forecast at AI_forecasting\results\ml\forecasts\ward_84_water_demand_forecast.csv
2025-12-24 16:05:39,138 | INFO | Saved model at AI_forecasting\artifacts\ml\models\ward_84_congestion_index_lgb.joblib
2025-12-24 16:05:39,678 | INFO | Saved forecast at AI_forecasting\results\ml\forecasts\ward_84_congestion_index_forecast.csv
2025-12-24 16:05:40,301 | INFO | Saved model at AI_forecasting\artifacts\ml\models\ward_84_pm25_lgb.joblib
2025-12-24 16:05:40,845 | INFO | Saved forecast at AI_forecasting\results\ml\forecasts\ward_84_pm25_forecast.csv
2025-12-24 16:05:41,474 | INFO | Saved model at AI_forecasting\artifacts\ml\models\ward_85_electricity_demand_lgb.joblib
2025-12-24 16:05:42,046 | INFO | Saved forecast at AI_forecasting\results\ml\forecasts\ward_85_electricity_demand_forecast.csv
2025-12-24 16:05:42,686 | INFO | Saved model at AI_forecasting\artifacts\ml\models\ward_85_water_demand_lgb.joblib
2025-12-24 16:05:43,143 | INFO | Saved forecast at AI_forecasting\results\ml\forecasts\ward_85_water_demand_forecast.csv
2025-12-24 16:05:44,060 | INFO | Saved model at AI_forecasting\artifacts\ml\models\ward_85_congestion_index_lgb.joblib
2025-12-24 16:05:44,536 | INFO | Saved forecast at AI_forecasting\results\ml\forecasts\ward_85_congestion_index_forecast.csv
2025-12-24 16:05:45,205 | INFO | Saved model at AI_forecasting\artifacts\ml\models\ward_85_pm25_lgb.joblib
2025-12-24 16:05:45,648 | INFO | Saved forecast at AI_forecasting\results\ml\forecasts\ward_85_pm25_forecast.csv
2025-12-24 16:05:46,399 | INFO | Saved model at AI_forecasting\artifacts\ml\models\ward_86_electricity_demand_lgb.joblib
2025-12-24 16:05:46,884 | INFO | Saved forecast at AI_forecasting\results\ml\forecasts\ward_86_electricity_demand_forecast.csv
2025-12-24 16:05:47,516 | INFO | Saved model at AI_forecasting\artifacts\ml\models\ward_86_water_demand_lgb.joblib
2025-12-24 16:05:47,988 | INFO | Saved forecast at AI_forecasting\results\ml\forecasts\ward_86_water_demand_forecast.csv
2025-12-24 16:05:48,604 | INFO | Saved model at AI_forecasting\artifacts\ml\models\ward_86_congestion_index_lgb.joblib
2025-12-24 16:05:49,068 | INFO | Saved forecast at AI_forecasting\results\ml\forecasts\ward_86_congestion_index_forecast.csv
2025-12-24 16:05:49,689 | INFO | Saved model at AI_forecasting\artifacts\ml\models\ward_86_pm25_lgb.joblib
2025-12-24 16:05:50,112 | INFO | Saved forecast at AI_forecasting\results\ml\forecasts\ward_86_pm25_forecast.csv
2025-12-24 16:05:50,778 | INFO | Saved model at AI_forecasting\artifacts\ml\models\ward_87_electricity_demand_lgb.joblib
2025-12-24 16:05:51,276 | INFO | Saved forecast at AI_forecasting\results\ml\forecasts\ward_87_electricity_demand_forecast.csv
2025-12-24 16:05:51,886 | INFO | Saved model at AI_forecasting\artifacts\ml\models\ward_87_water_demand_lgb.joblib
2025-12-24 16:05:52,315 | INFO | Saved forecast at AI_forecasting\results\ml\forecasts\ward_87_water_demand_forecast.csv
2025-12-24 16:05:52,978 | INFO | Saved model at AI_forecasting\artifacts\ml\models\ward_87_congestion_index_lgb.joblib
2025-12-24 16:05:53,483 | INFO | Saved forecast at AI_forecasting\results\ml\forecasts\ward_87_congestion_index_forecast.csv
2025-12-24 16:05:54,092 | INFO | Saved model at AI_forecasting\artifacts\ml\models\ward_87_pm25_lgb.joblib
2025-12-24 16:05:54,651 | INFO | Saved forecast at AI_forecasting\results\ml\forecasts\ward_87_pm25_forecast.csv
2025-12-24 16:05:55,361 | INFO | Saved model at AI_forecasting\artifacts\ml\models\ward_88_electricity_demand_lgb.joblib
2025-12-24 16:05:55,800 | INFO | Saved forecast at AI_forecasting\results\ml\forecasts\ward_88_electricity_demand_forecast.csv
2025-12-24 16:05:56,453 | INFO | Saved model at AI_forecasting\artifacts\ml\models\ward_88_water_demand_lgb.joblib
2025-12-24 16:05:56,945 | INFO | Saved forecast at AI_forecasting\results\ml\forecasts\ward_88_water_demand_forecast.csv
2025-12-24 16:05:57,578 | INFO | Saved model at AI_forecasting\artifacts\ml\models\ward_88_congestion_index_lgb.joblib
2025-12-24 16:05:58,022 | INFO | Saved forecast at AI_forecasting\results\ml\forecasts\ward_88_congestion_index_forecast.csv
2025-12-24 16:05:58,651 | INFO | Saved model at AI_forecasting\artifacts\ml\models\ward_88_pm25_lgb.joblib
2025-12-24 16:05:59,151 | INFO | Saved forecast at AI_forecasting\results\ml\forecasts\ward_88_pm25_forecast.csv
2025-12-24 16:05:59,765 | INFO | Saved model at AI_forecasting\artifacts\ml\models\ward_89_electricity_demand_lgb.joblib
2025-12-24 16:06:00,250 | INFO | Saved forecast at AI_forecasting\results\ml\forecasts\ward_89_electricity_demand_forecast.csv
2025-12-24 16:06:00,879 | INFO | Saved model at AI_forecasting\artifacts\ml\models\ward_89_water_demand_lgb.joblib
2025-12-24 16:06:01,339 | INFO | Saved forecast at AI_forecasting\results\ml\forecasts\ward_89_water_demand_forecast.csv
2025-12-24 16:06:01,976 | INFO | Saved model at AI_forecasting\artifacts\ml\models\ward_89_congestion_index_lgb.joblib
2025-12-24 16:06:02,495 | INFO | Saved forecast at AI_forecasting\results\ml\forecasts\ward_89_congestion_index_forecast.csv
2025-12-24 16:06:03,129 | INFO | Saved model at AI_forecasting\artifacts\ml\models\ward_89_pm25_lgb.joblib
2025-12-24 16:06:03,676 | INFO | Saved forecast at AI_forecasting\results\ml\forecasts\ward_89_pm25_forecast.csv
2025-12-24 16:06:04,341 | INFO | Saved model at AI_forecasting\artifacts\ml\models\ward_9_electricity_demand_lgb.joblib
2025-12-24 16:06:04,810 | INFO | Saved forecast at AI_forecasting\results\ml\forecasts\ward_9_electricity_demand_forecast.csv
2025-12-24 16:06:05,450 | INFO | Saved model at AI_forecasting\artifacts\ml\models\ward_9_water_demand_lgb.joblib
2025-12-24 16:06:05,907 | INFO | Saved forecast at AI_forecasting\results\ml\forecasts\ward_9_water_demand_forecast.csv
2025-12-24 16:06:06,551 | INFO | Saved model at AI_forecasting\artifacts\ml\models\ward_9_congestion_index_lgb.joblib
2025-12-24 16:06:07,068 | INFO | Saved forecast at AI_forecasting\results\ml\forecasts\ward_9_congestion_index_forecast.csv
2025-12-24 16:06:07,694 | INFO | Saved model at AI_forecasting\artifacts\ml\models\ward_9_pm25_lgb.joblib
2025-12-24 16:06:08,218 | INFO | Saved forecast at AI_forecasting\results\ml\forecasts\ward_9_pm25_forecast.csv
2025-12-24 16:06:08,850 | INFO | Saved model at AI_forecasting\artifacts\ml\models\ward_90_electricity_demand_lgb.joblib
2025-12-24 16:06:09,283 | INFO | Saved forecast at AI_forecasting\results\ml\forecasts\ward_90_electricity_demand_forecast.csv
2025-12-24 16:06:09,909 | INFO | Saved model at AI_forecasting\artifacts\ml\models\ward_90_water_demand_lgb.joblib
2025-12-24 16:06:10,404 | INFO | Saved forecast at AI_forecasting\results\ml\forecasts\ward_90_water_demand_forecast.csv
2025-12-24 16:06:11,074 | INFO | Saved model at AI_forecasting\artifacts\ml\models\ward_90_congestion_index_lgb.joblib
2025-12-24 16:06:11,654 | INFO | Saved forecast at AI_forecasting\results\ml\forecasts\ward_90_congestion_index_forecast.csv
2025-12-24 16:06:12,311 | INFO | Saved model at AI_forecasting\artifacts\ml\models\ward_90_pm25_lgb.joblib
2025-12-24 16:06:12,761 | INFO | Saved forecast at AI_forecasting\results\ml\forecasts\ward_90_pm25_forecast.csv
2025-12-24 16:06:13,396 | INFO | Saved model at AI_forecasting\artifacts\ml\models\ward_91_electricity_demand_lgb.joblib
2025-12-24 16:06:13,861 | INFO | Saved forecast at AI_forecasting\results\ml\forecasts\ward_91_electricity_demand_forecast.csv
2025-12-24 16:06:14,518 | INFO | Saved model at AI_forecasting\artifacts\ml\models\ward_91_water_demand_lgb.joblib
2025-12-24 16:06:15,030 | INFO | Saved forecast at AI_forecasting\results\ml\forecasts\ward_91_water_demand_forecast.csv
2025-12-24 16:06:15,649 | INFO | Saved model at AI_forecasting\artifacts\ml\models\ward_91_congestion_index_lgb.joblib
2025-12-24 16:06:16,083 | INFO | Saved forecast at AI_forecasting\results\ml\forecasts\ward_91_congestion_index_forecast.csv
2025-12-24 16:06:16,683 | INFO | Saved model at AI_forecasting\artifacts\ml\models\ward_91_pm25_lgb.joblib
2025-12-24 16:06:17,135 | INFO | Saved forecast at AI_forecasting\results\ml\forecasts\ward_91_pm25_forecast.csv
2025-12-24 16:06:17,735 | INFO | Saved model at AI_forecasting\artifacts\ml\models\ward_92_electricity_demand_lgb.joblib
2025-12-24 16:06:18,151 | INFO | Saved forecast at AI_forecasting\results\ml\forecasts\ward_92_electricity_demand_forecast.csv
2025-12-24 16:06:18,790 | INFO | Saved model at AI_forecasting\artifacts\ml\models\ward_92_water_demand_lgb.joblib
2025-12-24 16:06:19,218 | INFO | Saved forecast at AI_forecasting\results\ml\forecasts\ward_92_water_demand_forecast.csv
2025-12-24 16:06:19,914 | INFO | Saved model at AI_forecasting\artifacts\ml\models\ward_92_congestion_index_lgb.joblib
2025-12-24 16:06:20,335 | INFO | Saved forecast at AI_forecasting\results\ml\forecasts\ward_92_congestion_index_forecast.csv
2025-12-24 16:06:21,019 | INFO | Saved model at AI_forecasting\artifacts\ml\models\ward_92_pm25_lgb.joblib
2025-12-24 16:06:21,471 | INFO | Saved forecast at AI_forecasting\results\ml\forecasts\ward_92_pm25_forecast.csv
2025-12-24 16:06:22,134 | INFO | Saved model at AI_forecasting\artifacts\ml\models\ward_93_electricity_demand_lgb.joblib
2025-12-24 16:06:22,632 | INFO | Saved forecast at AI_forecasting\results\ml\forecasts\ward_93_electricity_demand_forecast.csv
2025-12-24 16:06:23,423 | INFO | Saved model at AI_forecasting\artifacts\ml\models\ward_93_water_demand_lgb.joblib
2025-12-24 16:06:23,855 | INFO | Saved forecast at AI_forecasting\results\ml\forecasts\ward_93_water_demand_forecast.csv
2025-12-24 16:06:24,526 | INFO | Saved model at AI_forecasting\artifacts\ml\models\ward_93_congestion_index_lgb.joblib
2025-12-24 16:06:25,017 | INFO | Saved forecast at AI_forecasting\results\ml\forecasts\ward_93_congestion_index_forecast.csv
2025-12-24 16:06:25,631 | INFO | Saved model at AI_forecasting\artifacts\ml\models\ward_93_pm25_lgb.joblib
2025-12-24 16:06:26,064 | INFO | Saved forecast at AI_forecasting\results\ml\forecasts\ward_93_pm25_forecast.csv
2025-12-24 16:06:26,713 | INFO | Saved model at AI_forecasting\artifacts\ml\models\ward_94_electricity_demand_lgb.joblib
2025-12-24 16:06:27,153 | INFO | Saved forecast at AI_forecasting\results\ml\forecasts\ward_94_electricity_demand_forecast.csv
2025-12-24 16:06:27,836 | INFO | Saved model at AI_forecasting\artifacts\ml\models\ward_94_water_demand_lgb.joblib
2025-12-24 16:06:28,285 | INFO | Saved forecast at AI_forecasting\results\ml\forecasts\ward_94_water_demand_forecast.csv
2025-12-24 16:06:28,907 | INFO | Saved model at AI_forecasting\artifacts\ml\models\ward_94_congestion_index_lgb.joblib
2025-12-24 16:06:29,356 | INFO | Saved forecast at AI_forecasting\results\ml\forecasts\ward_94_congestion_index_forecast.csv
2025-12-24 16:06:30,193 | INFO | Saved model at AI_forecasting\artifacts\ml\models\ward_94_pm25_lgb.joblib
2025-12-24 16:06:30,739 | INFO | Saved forecast at AI_forecasting\results\ml\forecasts\ward_94_pm25_forecast.csv
2025-12-24 16:06:31,365 | INFO | Saved model at AI_forecasting\artifacts\ml\models\ward_95_electricity_demand_lgb.joblib
2025-12-24 16:06:31,831 | INFO | Saved forecast at AI_forecasting\results\ml\forecasts\ward_95_electricity_demand_forecast.csv
2025-12-24 16:06:32,519 | INFO | Saved model at AI_forecasting\artifacts\ml\models\ward_95_water_demand_lgb.joblib
2025-12-24 16:06:33,015 | INFO | Saved forecast at AI_forecasting\results\ml\forecasts\ward_95_water_demand_forecast.csv
2025-12-24 16:06:33,636 | INFO | Saved model at AI_forecasting\artifacts\ml\models\ward_95_congestion_index_lgb.joblib
2025-12-24 16:06:34,059 | INFO | Saved forecast at AI_forecasting\results\ml\forecasts\ward_95_congestion_index_forecast.csv
2025-12-24 16:06:34,658 | INFO | Saved model at AI_forecasting\artifacts\ml\models\ward_95_pm25_lgb.joblib
2025-12-24 16:06:35,087 | INFO | Saved forecast at AI_forecasting\results\ml\forecasts\ward_95_pm25_forecast.csv
2025-12-24 16:06:35,742 | INFO | Saved model at AI_forecasting\artifacts\ml\models\ward_96_electricity_demand_lgb.joblib
2025-12-24 16:06:36,167 | INFO | Saved forecast at AI_forecasting\results\ml\forecasts\ward_96_electricity_demand_forecast.csv
2025-12-24 16:06:36,820 | INFO | Saved model at AI_forecasting\artifacts\ml\models\ward_96_water_demand_lgb.joblib
2025-12-24 16:06:37,296 | INFO | Saved forecast at AI_forecasting\results\ml\forecasts\ward_96_water_demand_forecast.csv
2025-12-24 16:06:37,972 | INFO | Saved model at AI_forecasting\artifacts\ml\models\ward_96_congestion_index_lgb.joblib
2025-12-24 16:06:38,424 | INFO | Saved forecast at AI_forecasting\results\ml\forecasts\ward_96_congestion_index_forecast.csv
2025-12-24 16:06:39,063 | INFO | Saved model at AI_forecasting\artifacts\ml\models\ward_96_pm25_lgb.joblib
2025-12-24 16:06:39,553 | INFO | Saved forecast at AI_forecasting\results\ml\forecasts\ward_96_pm25_forecast.csv
2025-12-24 16:06:40,176 | INFO | Saved model at AI_forecasting\artifacts\ml\models\ward_97_electricity_demand_lgb.joblib
2025-12-24 16:06:40,636 | INFO | Saved forecast at AI_forecasting\results\ml\forecasts\ward_97_electricity_demand_forecast.csv
2025-12-24 16:06:41,293 | INFO | Saved model at AI_forecasting\artifacts\ml\models\ward_97_water_demand_lgb.joblib
2025-12-24 16:06:41,766 | INFO | Saved forecast at AI_forecasting\results\ml\forecasts\ward_97_water_demand_forecast.csv
2025-12-24 16:06:42,451 | INFO | Saved model at AI_forecasting\artifacts\ml\models\ward_97_congestion_index_lgb.joblib
2025-12-24 16:06:42,924 | INFO | Saved forecast at AI_forecasting\results\ml\forecasts\ward_97_congestion_index_forecast.csv
2025-12-24 16:06:43,565 | INFO | Saved model at AI_forecasting\artifacts\ml\models\ward_97_pm25_lgb.joblib
2025-12-24 16:06:44,001 | INFO | Saved forecast at AI_forecasting\results\ml\forecasts\ward_97_pm25_forecast.csv
2025-12-24 16:06:44,675 | INFO | Saved model at AI_forecasting\artifacts\ml\models\ward_98_electricity_demand_lgb.joblib
2025-12-24 16:06:45,147 | INFO | Saved forecast at AI_forecasting\results\ml\forecasts\ward_98_electricity_demand_forecast.csv
2025-12-24 16:06:45,794 | INFO | Saved model at AI_forecasting\artifacts\ml\models\ward_98_water_demand_lgb.joblib
2025-12-24 16:06:46,262 | INFO | Saved forecast at AI_forecasting\results\ml\forecasts\ward_98_water_demand_forecast.csv
2025-12-24 16:06:46,897 | INFO | Saved model at AI_forecasting\artifacts\ml\models\ward_98_congestion_index_lgb.joblib
2025-12-24 16:06:47,376 | INFO | Saved forecast at AI_forecasting\results\ml\forecasts\ward_98_congestion_index_forecast.csv
2025-12-24 16:06:47,966 | INFO | Saved model at AI_forecasting\artifacts\ml\models\ward_98_pm25_lgb.joblib
2025-12-24 16:06:48,395 | INFO | Saved forecast at AI_forecasting\results\ml\forecasts\ward_98_pm25_forecast.csv
2025-12-24 16:06:49,017 | INFO | Saved model at AI_forecasting\artifacts\ml\models\ward_99_electricity_demand_lgb.joblib
2025-12-24 16:06:49,488 | INFO | Saved forecast at AI_forecasting\results\ml\forecasts\ward_99_electricity_demand_forecast.csv
2025-12-24 16:06:50,112 | INFO | Saved model at AI_forecasting\artifacts\ml\models\ward_99_water_demand_lgb.joblib
2025-12-24 16:06:50,556 | INFO | Saved forecast at AI_forecasting\results\ml\forecasts\ward_99_water_demand_forecast.csv
2025-12-24 16:06:51,236 | INFO | Saved model at AI_forecasting\artifacts\ml\models\ward_99_congestion_index_lgb.joblib
2025-12-24 16:06:51,829 | INFO | Saved forecast at AI_forecasting\results\ml\forecasts\ward_99_congestion_index_forecast.csv
2025-12-24 16:06:52,452 | INFO | Saved model at AI_forecasting\artifacts\ml\models\ward_99_pm25_lgb.joblib
2025-12-24 16:06:52,894 | INFO | Saved forecast at AI_forecasting\results\ml\forecasts\ward_99_pm25_forecast.csv
2025-12-24 16:06:52,969 | INFO | City-level backtest summary saved at AI_forecasting\results\ml\summaries\city_level_backtest_summary.csv
2025-12-24 16:06:52,975 | INFO | Saved top/bottom 10 wards for congestion_index
2025-12-24 16:06:52,976 | INFO | Saved top/bottom 10 wards for electricity_demand
2025-12-24 16:06:52,980 | INFO | Saved top/bottom 10 wards for pm25
2025-12-24 16:06:52,981 | INFO | Saved top/bottom 10 wards for water_demand
2025-12-28 16:46:52,528 | INFO | Saved model at AI_forecasting\artifacts\ml\models\ward_1_electricity_demand_lgb.joblib
2025-12-28 16:46:52,886 | INFO | Saved forecast at AI_forecasting\results\ml\forecasts\ward_1_electricity_demand_forecast.csv
2025-12-28 16:46:53,376 | INFO | Saved model at AI_forecasting\artifacts\ml\models\ward_1_water_demand_lgb.joblib
2025-12-28 16:46:53,724 | INFO | Saved forecast at AI_forecasting\results\ml\forecasts\ward_1_water_demand_forecast.csv
2025-12-28 16:46:54,222 | INFO | Saved model at AI_forecasting\artifacts\ml\models\ward_1_congestion_index_lgb.joblib
2025-12-28 16:46:54,602 | INFO | Saved forecast at AI_forecasting\results\ml\forecasts\ward_1_congestion_index_forecast.csv
2025-12-28 16:46:55,088 | INFO | Saved model at AI_forecasting\artifacts\ml\models\ward_1_pm25_lgb.joblib
2025-12-28 16:46:55,437 | INFO | Saved forecast at AI_forecasting\results\ml\forecasts\ward_1_pm25_forecast.csv
2025-12-28 16:46:55,934 | INFO | Saved model at AI_forecasting\artifacts\ml\models\ward_10_electricity_demand_lgb.joblib
2025-12-28 16:46:56,283 | INFO | Saved forecast at AI_forecasting\results\ml\forecasts\ward_10_electricity_demand_forecast.csv
2025-12-28 16:46:56,779 | INFO | Saved model at AI_forecasting\artifacts\ml\models\ward_10_water_demand_lgb.joblib
2025-12-28 16:46:57,124 | INFO | Saved forecast at AI_forecasting\results\ml\forecasts\ward_10_water_demand_forecast.csv
2025-12-28 16:46:57,619 | INFO | Saved model at AI_forecasting\artifacts\ml\models\ward_10_congestion_index_lgb.joblib
2025-12-28 16:46:57,971 | INFO | Saved forecast at AI_forecasting\results\ml\forecasts\ward_10_congestion_index_forecast.csv
2025-12-28 16:46:58,462 | INFO | Saved model at AI_forecasting\artifacts\ml\models\ward_10_pm25_lgb.joblib
2025-12-28 16:46:58,809 | INFO | Saved forecast at AI_forecasting\results\ml\forecasts\ward_10_pm25_forecast.csv
2025-12-28 16:46:59,297 | INFO | Saved model at AI_forecasting\artifacts\ml\models\ward_100_electricity_demand_lgb.joblib
2025-12-28 16:46:59,650 | INFO | Saved forecast at AI_forecasting\results\ml\forecasts\ward_100_electricity_demand_forecast.csv
2025-12-28 16:47:00,146 | INFO | Saved model at AI_forecasting\artifacts\ml\models\ward_100_water_demand_lgb.joblib
2025-12-28 16:47:00,491 | INFO | Saved forecast at AI_forecasting\results\ml\forecasts\ward_100_water_demand_forecast.csv
2025-12-28 16:47:00,984 | INFO | Saved model at AI_forecasting\artifacts\ml\models\ward_100_congestion_index_lgb.joblib
2025-12-28 16:47:01,329 | INFO | Saved forecast at AI_forecasting\results\ml\forecasts\ward_100_congestion_index_forecast.csv
2025-12-28 16:47:01,810 | INFO | Saved model at AI_forecasting\artifacts\ml\models\ward_100_pm25_lgb.joblib
2025-12-28 16:47:02,154 | INFO | Saved forecast at AI_forecasting\results\ml\forecasts\ward_100_pm25_forecast.csv
2025-12-28 16:47:02,648 | INFO | Saved model at AI_forecasting\artifacts\ml\models\ward_101_electricity_demand_lgb.joblib
2025-12-28 16:47:02,996 | INFO | Saved forecast at AI_forecasting\results\ml\forecasts\ward_101_electricity_demand_forecast.csv
2025-12-28 16:47:03,484 | INFO | Saved model at AI_forecasting\artifacts\ml\models\ward_101_water_demand_lgb.joblib
2025-12-28 16:47:03,831 | INFO | Saved forecast at AI_forecasting\results\ml\forecasts\ward_101_water_demand_forecast.csv
2025-12-28 16:47:04,322 | INFO | Saved model at AI_forecasting\artifacts\ml\models\ward_101_congestion_index_lgb.joblib
2025-12-28 16:47:04,669 | INFO | Saved forecast at AI_forecasting\results\ml\forecasts\ward_101_congestion_index_forecast.csv
2025-12-28 16:47:05,156 | INFO | Saved model at AI_forecasting\artifacts\ml\models\ward_101_pm25_lgb.joblib
2025-12-28 16:47:05,509 | INFO | Saved forecast at AI_forecasting\results\ml\forecasts\ward_101_pm25_forecast.csv
2025-12-28 16:47:05,997 | INFO | Saved model at AI_forecasting\artifacts\ml\models\ward_102_electricity_demand_lgb.joblib
2025-12-28 16:47:06,342 | INFO | Saved forecast at AI_forecasting\results\ml\forecasts\ward_102_electricity_demand_forecast.csv
2025-12-28 16:47:06,831 | INFO | Saved model at AI_forecasting\artifacts\ml\models\ward_102_water_demand_lgb.joblib
2025-12-28 16:47:07,188 | INFO | Saved forecast at AI_forecasting\results\ml\forecasts\ward_102_water_demand_forecast.csv
2025-12-28 16:47:07,676 | INFO | Saved model at AI_forecasting\artifacts\ml\models\ward_102_congestion_index_lgb.joblib
2025-12-28 16:47:08,020 | INFO | Saved forecast at AI_forecasting\results\ml\forecasts\ward_102_congestion_index_forecast.csv
2025-12-28 16:47:08,508 | INFO | Saved model at AI_forecasting\artifacts\ml\models\ward_102_pm25_lgb.joblib
2025-12-28 16:47:08,852 | INFO | Saved forecast at AI_forecasting\results\ml\forecasts\ward_102_pm25_forecast.csv
2025-12-28 16:47:09,345 | INFO | Saved model at AI_forecasting\artifacts\ml\models\ward_103_electricity_demand_lgb.joblib
2025-12-28 16:47:09,698 | INFO | Saved forecast at AI_forecasting\results\ml\forecasts\ward_103_electricity_demand_forecast.csv
2025-12-28 16:47:10,188 | INFO | Saved model at AI_forecasting\artifacts\ml\models\ward_103_water_demand_lgb.joblib
2025-12-28 16:47:10,538 | INFO | Saved forecast at AI_forecasting\results\ml\forecasts\ward_103_water_demand_forecast.csv
2025-12-28 16:47:11,032 | INFO | Saved model at AI_forecasting\artifacts\ml\models\ward_103_congestion_index_lgb.joblib
2025-12-28 16:47:11,388 | INFO | Saved forecast at AI_forecasting\results\ml\forecasts\ward_103_congestion_index_forecast.csv
2025-12-28 16:47:11,882 | INFO | Saved model at AI_forecasting\artifacts\ml\models\ward_103_pm25_lgb.joblib
2025-12-28 16:47:12,234 | INFO | Saved forecast at AI_forecasting\results\ml\forecasts\ward_103_pm25_forecast.csv
2025-12-28 16:47:12,723 | INFO | Saved model at AI_forecasting\artifacts\ml\models\ward_104_electricity_demand_lgb.joblib
2025-12-28 16:47:13,070 | INFO | Saved forecast at AI_forecasting\results\ml\forecasts\ward_104_electricity_demand_forecast.csv
2025-12-28 16:47:13,560 | INFO | Saved model at AI_forecasting\artifacts\ml\models\ward_104_water_demand_lgb.joblib
2025-12-28 16:47:13,904 | INFO | Saved forecast at AI_forecasting\results\ml\forecasts\ward_104_water_demand_forecast.csv
2025-12-28 16:47:14,403 | INFO | Saved model at AI_forecasting\artifacts\ml\models\ward_104_congestion_index_lgb.joblib
2025-12-28 16:47:14,749 | INFO | Saved forecast at AI_forecasting\results\ml\forecasts\ward_104_congestion_index_forecast.csv
2025-12-28 16:47:15,239 | INFO | Saved model at AI_forecasting\artifacts\ml\models\ward_104_pm25_lgb.joblib
2025-12-28 16:47:15,581 | INFO | Saved forecast at AI_forecasting\results\ml\forecasts\ward_104_pm25_forecast.csv
2025-12-28 16:47:16,082 | INFO | Saved model at AI_forecasting\artifacts\ml\models\ward_105_electricity_demand_lgb.joblib
2025-12-28 16:47:16,431 | INFO | Saved forecast at AI_forecasting\results\ml\forecasts\ward_105_electricity_demand_forecast.csv
2025-12-28 16:47:16,928 | INFO | Saved model at AI_forecasting\artifacts\ml\models\ward_105_water_demand_lgb.joblib
2025-12-28 16:47:17,278 | INFO | Saved forecast at AI_forecasting\results\ml\forecasts\ward_105_water_demand_forecast.csv
2025-12-28 16:47:17,773 | INFO | Saved model at AI_forecasting\artifacts\ml\models\ward_105_congestion_index_lgb.joblib
2025-12-28 16:47:18,115 | INFO | Saved forecast at AI_forecasting\results\ml\forecasts\ward_105_congestion_index_forecast.csv
2025-12-28 16:47:18,604 | INFO | Saved model at AI_forecasting\artifacts\ml\models\ward_105_pm25_lgb.joblib
2025-12-28 16:47:18,954 | INFO | Saved forecast at AI_forecasting\results\ml\forecasts\ward_105_pm25_forecast.csv
2025-12-28 16:47:19,448 | INFO | Saved model at AI_forecasting\artifacts\ml\models\ward_106_electricity_demand_lgb.joblib
2025-12-28 16:47:19,796 | INFO | Saved forecast at AI_forecasting\results\ml\forecasts\ward_106_electricity_demand_forecast.csv
2025-12-28 16:47:20,288 | INFO | Saved model at AI_forecasting\artifacts\ml\models\ward_106_water_demand_lgb.joblib
2025-12-28 16:47:20,639 | INFO | Saved forecast at AI_forecasting\results\ml\forecasts\ward_106_water_demand_forecast.csv
2025-12-28 16:47:21,130 | INFO | Saved model at AI_forecasting\artifacts\ml\models\ward_106_congestion_index_lgb.joblib
2025-12-28 16:47:21,482 | INFO | Saved forecast at AI_forecasting\results\ml\forecasts\ward_106_congestion_index_forecast.csv
2025-12-28 16:47:21,968 | INFO | Saved model at AI_forecasting\artifacts\ml\models\ward_106_pm25_lgb.joblib
2025-12-28 16:47:22,315 | INFO | Saved forecast at AI_forecasting\results\ml\forecasts\ward_106_pm25_forecast.csv
2025-12-28 16:47:22,809 | INFO | Saved model at AI_forecasting\artifacts\ml\models\ward_107_electricity_demand_lgb.joblib
2025-12-28 16:47:23,164 | INFO | Saved forecast at AI_forecasting\results\ml\forecasts\ward_107_electricity_demand_forecast.csv
2025-12-28 16:47:23,669 | INFO | Saved model at AI_forecasting\artifacts\ml\models\ward_107_water_demand_lgb.joblib
2025-12-28 16:47:24,019 | INFO | Saved forecast at AI_forecasting\results\ml\forecasts\ward_107_water_demand_forecast.csv
2025-12-28 16:47:24,515 | INFO | Saved model at AI_forecasting\artifacts\ml\models\ward_107_congestion_index_lgb.joblib
2025-12-28 16:47:24,861 | INFO | Saved forecast at AI_forecasting\results\ml\forecasts\ward_107_congestion_index_forecast.csv
2025-12-28 16:47:25,346 | INFO | Saved model at AI_forecasting\artifacts\ml\models\ward_107_pm25_lgb.joblib
2025-12-28 16:47:25,687 | INFO | Saved forecast at AI_forecasting\results\ml\forecasts\ward_107_pm25_forecast.csv
2025-12-28 16:47:26,187 | INFO | Saved model at AI_forecasting\artifacts\ml\models\ward_108_electricity_demand_lgb.joblib
2025-12-28 16:47:26,529 | INFO | Saved forecast at AI_forecasting\results\ml\forecasts\ward_108_electricity_demand_forecast.csv
2025-12-28 16:47:27,023 | INFO | Saved model at AI_forecasting\artifacts\ml\models\ward_108_water_demand_lgb.joblib
2025-12-28 16:47:27,368 | INFO | Saved forecast at AI_forecasting\results\ml\forecasts\ward_108_water_demand_forecast.csv
2025-12-28 16:47:27,861 | INFO | Saved model at AI_forecasting\artifacts\ml\models\ward_108_congestion_index_lgb.joblib
2025-12-28 16:47:28,208 | INFO | Saved forecast at AI_forecasting\results\ml\forecasts\ward_108_congestion_index_forecast.csv
2025-12-28 16:47:28,694 | INFO | Saved model at AI_forecasting\artifacts\ml\models\ward_108_pm25_lgb.joblib
2025-12-28 16:47:29,041 | INFO | Saved forecast at AI_forecasting\results\ml\forecasts\ward_108_pm25_forecast.csv
2025-12-28 16:47:29,535 | INFO | Saved model at AI_forecasting\artifacts\ml\models\ward_109_electricity_demand_lgb.joblib
2025-12-28 16:47:29,884 | INFO | Saved forecast at AI_forecasting\results\ml\forecasts\ward_109_electricity_demand_forecast.csv
2025-12-28 16:47:30,377 | INFO | Saved model at AI_forecasting\artifacts\ml\models\ward_109_water_demand_lgb.joblib
2025-12-28 16:47:30,722 | INFO | Saved forecast at AI_forecasting\results\ml\forecasts\ward_109_water_demand_forecast.csv
2025-12-28 16:47:31,220 | INFO | Saved model at AI_forecasting\artifacts\ml\models\ward_109_congestion_index_lgb.joblib
2025-12-28 16:47:31,569 | INFO | Saved forecast at AI_forecasting\results\ml\forecasts\ward_109_congestion_index_forecast.csv
2025-12-28 16:47:32,058 | INFO | Saved model at AI_forecasting\artifacts\ml\models\ward_109_pm25_lgb.joblib
2025-12-28 16:47:32,403 | INFO | Saved forecast at AI_forecasting\results\ml\forecasts\ward_109_pm25_forecast.csv
2025-12-28 16:47:32,890 | INFO | Saved model at AI_forecasting\artifacts\ml\models\ward_11_electricity_demand_lgb.joblib
2025-12-28 16:47:33,237 | INFO | Saved forecast at AI_forecasting\results\ml\forecasts\ward_11_electricity_demand_forecast.csv
2025-12-28 16:47:33,727 | INFO | Saved model at AI_forecasting\artifacts\ml\models\ward_11_water_demand_lgb.joblib
2025-12-28 16:47:34,073 | INFO | Saved forecast at AI_forecasting\results\ml\forecasts\ward_11_water_demand_forecast.csv
2025-12-28 16:47:34,576 | INFO | Saved model at AI_forecasting\artifacts\ml\models\ward_11_congestion_index_lgb.joblib
2025-12-28 16:47:34,929 | INFO | Saved forecast at AI_forecasting\results\ml\forecasts\ward_11_congestion_index_forecast.csv
2025-12-28 16:47:35,418 | INFO | Saved model at AI_forecasting\artifacts\ml\models\ward_11_pm25_lgb.joblib
2025-12-28 16:47:35,767 | INFO | Saved forecast at AI_forecasting\results\ml\forecasts\ward_11_pm25_forecast.csv
2025-12-28 16:47:36,257 | INFO | Saved model at AI_forecasting\artifacts\ml\models\ward_110_electricity_demand_lgb.joblib
2025-12-28 16:47:36,618 | INFO | Saved forecast at AI_forecasting\results\ml\forecasts\ward_110_electricity_demand_forecast.csv
2025-12-28 16:47:37,137 | INFO | Saved model at AI_forecasting\artifacts\ml\models\ward_110_water_demand_lgb.joblib
2025-12-28 16:47:37,543 | INFO | Saved forecast at AI_forecasting\results\ml\forecasts\ward_110_water_demand_forecast.csv
2025-12-28 16:47:38,066 | INFO | Saved model at AI_forecasting\artifacts\ml\models\ward_110_congestion_index_lgb.joblib
2025-12-28 16:47:38,428 | INFO | Saved forecast at AI_forecasting\results\ml\forecasts\ward_110_congestion_index_forecast.csv
2025-12-28 16:47:38,932 | INFO | Saved model at AI_forecasting\artifacts\ml\models\ward_110_pm25_lgb.joblib
2025-12-28 16:47:39,311 | INFO | Saved forecast at AI_forecasting\results\ml\forecasts\ward_110_pm25_forecast.csv
2025-12-28 16:47:39,990 | INFO | Saved model at AI_forecasting\artifacts\ml\models\ward_111_electricity_demand_lgb.joblib
2025-12-28 16:47:40,615 | INFO | Saved forecast at AI_forecasting\results\ml\forecasts\ward_111_electricity_demand_forecast.csv
2025-12-28 16:47:41,233 | INFO | Saved model at AI_forecasting\artifacts\ml\models\ward_111_water_demand_lgb.joblib
2025-12-28 16:47:41,748 | INFO | Saved forecast at AI_forecasting\results\ml\forecasts\ward_111_water_demand_forecast.csv
2025-12-28 16:47:42,426 | INFO | Saved model at AI_forecasting\artifacts\ml\models\ward_111_congestion_index_lgb.joblib
2025-12-28 16:47:42,935 | INFO | Saved forecast at AI_forecasting\results\ml\forecasts\ward_111_congestion_index_forecast.csv
2025-12-28 16:47:43,611 | INFO | Saved model at AI_forecasting\artifacts\ml\models\ward_111_pm25_lgb.joblib
2025-12-28 16:47:44,055 | INFO | Saved forecast at AI_forecasting\results\ml\forecasts\ward_111_pm25_forecast.csv
2025-12-28 16:47:44,667 | INFO | Saved model at AI_forecasting\artifacts\ml\models\ward_112_electricity_demand_lgb.joblib
2025-12-28 16:47:45,128 | INFO | Saved forecast at AI_forecasting\results\ml\forecasts\ward_112_electricity_demand_forecast.csv
2025-12-28 16:47:45,817 | INFO | Saved model at AI_forecasting\artifacts\ml\models\ward_112_water_demand_lgb.joblib
2025-12-28 16:47:46,324 | INFO | Saved forecast at AI_forecasting\results\ml\forecasts\ward_112_water_demand_forecast.csv
2025-12-28 16:47:47,053 | INFO | Saved model at AI_forecasting\artifacts\ml\models\ward_112_congestion_index_lgb.joblib
2025-12-28 16:47:47,545 | INFO | Saved forecast at AI_forecasting\results\ml\forecasts\ward_112_congestion_index_forecast.csv
2025-12-28 16:47:48,226 | INFO | Saved model at AI_forecasting\artifacts\ml\models\ward_112_pm25_lgb.joblib
2025-12-28 16:47:48,686 | INFO | Saved forecast at AI_forecasting\results\ml\forecasts\ward_112_pm25_forecast.csv
2025-12-28 16:47:49,317 | INFO | Saved model at AI_forecasting\artifacts\ml\models\ward_113_electricity_demand_lgb.joblib
2025-12-28 16:47:49,783 | INFO | Saved forecast at AI_forecasting\results\ml\forecasts\ward_113_electricity_demand_forecast.csv
2025-12-28 16:47:50,469 | INFO | Saved model at AI_forecasting\artifacts\ml\models\ward_113_water_demand_lgb.joblib
2025-12-28 16:47:50,974 | INFO | Saved forecast at AI_forecasting\results\ml\forecasts\ward_113_water_demand_forecast.csv
2025-12-28 16:47:51,648 | INFO | Saved model at AI_forecasting\artifacts\ml\models\ward_113_congestion_index_lgb.joblib
2025-12-28 16:47:52,121 | INFO | Saved forecast at AI_forecasting\results\ml\forecasts\ward_113_congestion_index_forecast.csv
2025-12-28 16:47:52,821 | INFO | Saved model at AI_forecasting\artifacts\ml\models\ward_113_pm25_lgb.joblib
2025-12-28 16:47:53,293 | INFO | Saved forecast at AI_forecasting\results\ml\forecasts\ward_113_pm25_forecast.csv
2025-12-28 16:47:53,924 | INFO | Saved model at AI_forecasting\artifacts\ml\models\ward_114_electricity_demand_lgb.joblib
2025-12-28 16:47:54,457 | INFO | Saved forecast at AI_forecasting\results\ml\forecasts\ward_114_electricity_demand_forecast.csv
2025-12-28 16:47:55,096 | INFO | Saved model at AI_forecasting\artifacts\ml\models\ward_114_water_demand_lgb.joblib
2025-12-28 16:47:55,515 | INFO | Saved forecast at AI_forecasting\results\ml\forecasts\ward_114_water_demand_forecast.csv
2025-12-28 16:47:56,178 | INFO | Saved model at AI_forecasting\artifacts\ml\models\ward_114_congestion_index_lgb.joblib
2025-12-28 16:47:56,632 | INFO | Saved forecast at AI_forecasting\results\ml\forecasts\ward_114_congestion_index_forecast.csv
2025-12-28 16:47:57,325 | INFO | Saved model at AI_forecasting\artifacts\ml\models\ward_114_pm25_lgb.joblib
2025-12-28 16:47:57,841 | INFO | Saved forecast at AI_forecasting\results\ml\forecasts\ward_114_pm25_forecast.csv
2025-12-28 16:47:58,452 | INFO | Saved model at AI_forecasting\artifacts\ml\models\ward_115_electricity_demand_lgb.joblib
2025-12-28 16:47:59,005 | INFO | Saved forecast at AI_forecasting\results\ml\forecasts\ward_115_electricity_demand_forecast.csv
2025-12-28 16:47:59,688 | INFO | Saved model at AI_forecasting\artifacts\ml\models\ward_115_water_demand_lgb.joblib
2025-12-28 16:48:00,212 | INFO | Saved forecast at AI_forecasting\results\ml\forecasts\ward_115_water_demand_forecast.csv
2025-12-28 16:48:00,915 | INFO | Saved model at AI_forecasting\artifacts\ml\models\ward_115_congestion_index_lgb.joblib
2025-12-28 16:48:01,488 | INFO | Saved forecast at AI_forecasting\results\ml\forecasts\ward_115_congestion_index_forecast.csv
2025-12-28 16:48:02,203 | INFO | Saved model at AI_forecasting\artifacts\ml\models\ward_115_pm25_lgb.joblib
2025-12-28 16:48:02,738 | INFO | Saved forecast at AI_forecasting\results\ml\forecasts\ward_115_pm25_forecast.csv
2025-12-28 16:48:03,449 | INFO | Saved model at AI_forecasting\artifacts\ml\models\ward_116_electricity_demand_lgb.joblib
2025-12-28 16:48:03,985 | INFO | Saved forecast at AI_forecasting\results\ml\forecasts\ward_116_electricity_demand_forecast.csv
2025-12-28 16:48:04,696 | INFO | Saved model at AI_forecasting\artifacts\ml\models\ward_116_water_demand_lgb.joblib
2025-12-28 16:48:05,237 | INFO | Saved forecast at AI_forecasting\results\ml\forecasts\ward_116_water_demand_forecast.csv
2025-12-28 16:48:05,884 | INFO | Saved model at AI_forecasting\artifacts\ml\models\ward_116_congestion_index_lgb.joblib
2025-12-28 16:48:06,430 | INFO | Saved forecast at AI_forecasting\results\ml\forecasts\ward_116_congestion_index_forecast.csv
2025-12-28 16:48:07,100 | INFO | Saved model at AI_forecasting\artifacts\ml\models\ward_116_pm25_lgb.joblib
2025-12-28 16:48:07,531 | INFO | Saved forecast at AI_forecasting\results\ml\forecasts\ward_116_pm25_forecast.csv
2025-12-28 16:48:08,177 | INFO | Saved model at AI_forecasting\artifacts\ml\models\ward_117_electricity_demand_lgb.joblib
2025-12-28 16:48:08,635 | INFO | Saved forecast at AI_forecasting\results\ml\forecasts\ward_117_electricity_demand_forecast.csv
2025-12-28 16:48:09,250 | INFO | Saved model at AI_forecasting\artifacts\ml\models\ward_117_water_demand_lgb.joblib
2025-12-28 16:48:09,757 | INFO | Saved forecast at AI_forecasting\results\ml\forecasts\ward_117_water_demand_forecast.csv
2025-12-28 16:48:10,411 | INFO | Saved model at AI_forecasting\artifacts\ml\models\ward_117_congestion_index_lgb.joblib
2025-12-28 16:48:10,937 | INFO | Saved forecast at AI_forecasting\results\ml\forecasts\ward_117_congestion_index_forecast.csv
2025-12-28 16:48:11,587 | INFO | Saved model at AI_forecasting\artifacts\ml\models\ward_117_pm25_lgb.joblib
2025-12-28 16:48:12,058 | INFO | Saved forecast at AI_forecasting\results\ml\forecasts\ward_117_pm25_forecast.csv
2025-12-28 16:48:12,661 | INFO | Saved model at AI_forecasting\artifacts\ml\models\ward_118_electricity_demand_lgb.joblib
2025-12-28 16:48:13,183 | INFO | Saved forecast at AI_forecasting\results\ml\forecasts\ward_118_electricity_demand_forecast.csv
2025-12-28 16:48:13,851 | INFO | Saved model at AI_forecasting\artifacts\ml\models\ward_118_water_demand_lgb.joblib
2025-12-28 16:48:14,309 | INFO | Saved forecast at AI_forecasting\results\ml\forecasts\ward_118_water_demand_forecast.csv
2025-12-28 16:48:14,981 | INFO | Saved model at AI_forecasting\artifacts\ml\models\ward_118_congestion_index_lgb.joblib
2025-12-28 16:48:15,474 | INFO | Saved forecast at AI_forecasting\results\ml\forecasts\ward_118_congestion_index_forecast.csv
2025-12-28 16:48:16,113 | INFO | Saved model at AI_forecasting\artifacts\ml\models\ward_118_pm25_lgb.joblib
2025-12-28 16:48:16,589 | INFO | Saved forecast at AI_forecasting\results\ml\forecasts\ward_118_pm25_forecast.csv
2025-12-28 16:48:17,209 | INFO | Saved model at AI_forecasting\artifacts\ml\models\ward_119_electricity_demand_lgb.joblib
2025-12-28 16:48:17,716 | INFO | Saved forecast at AI_forecasting\results\ml\forecasts\ward_119_electricity_demand_forecast.csv
2025-12-28 16:48:18,389 | INFO | Saved model at AI_forecasting\artifacts\ml\models\ward_119_water_demand_lgb.joblib
2025-12-28 16:48:18,857 | INFO | Saved forecast at AI_forecasting\results\ml\forecasts\ward_119_water_demand_forecast.csv
2025-12-28 16:48:19,477 | INFO | Saved model at AI_forecasting\artifacts\ml\models\ward_119_congestion_index_lgb.joblib
2025-12-28 16:48:19,893 | INFO | Saved forecast at AI_forecasting\results\ml\forecasts\ward_119_congestion_index_forecast.csv
2025-12-28 16:48:20,523 | INFO | Saved model at AI_forecasting\artifacts\ml\models\ward_119_pm25_lgb.joblib
2025-12-28 16:48:21,002 | INFO | Saved forecast at AI_forecasting\results\ml\forecasts\ward_119_pm25_forecast.csv
2025-12-28 16:48:21,644 | INFO | Saved model at AI_forecasting\artifacts\ml\models\ward_12_electricity_demand_lgb.joblib
2025-12-28 16:48:22,152 | INFO | Saved forecast at AI_forecasting\results\ml\forecasts\ward_12_electricity_demand_forecast.csv
2025-12-28 16:48:22,757 | INFO | Saved model at AI_forecasting\artifacts\ml\models\ward_12_water_demand_lgb.joblib
2025-12-28 16:48:23,250 | INFO | Saved forecast at AI_forecasting\results\ml\forecasts\ward_12_water_demand_forecast.csv
2025-12-28 16:48:23,859 | INFO | Saved model at AI_forecasting\artifacts\ml\models\ward_12_congestion_index_lgb.joblib
2025-12-28 16:48:24,367 | INFO | Saved forecast at AI_forecasting\results\ml\forecasts\ward_12_congestion_index_forecast.csv
2025-12-28 16:48:25,024 | INFO | Saved model at AI_forecasting\artifacts\ml\models\ward_12_pm25_lgb.joblib
2025-12-28 16:48:25,488 | INFO | Saved forecast at AI_forecasting\results\ml\forecasts\ward_12_pm25_forecast.csv
2025-12-28 16:48:26,126 | INFO | Saved model at AI_forecasting\artifacts\ml\models\ward_120_electricity_demand_lgb.joblib
2025-12-28 16:48:26,560 | INFO | Saved forecast at AI_forecasting\results\ml\forecasts\ward_120_electricity_demand_forecast.csv
2025-12-28 16:48:27,238 | INFO | Saved model at AI_forecasting\artifacts\ml\models\ward_120_water_demand_lgb.joblib
2025-12-28 16:48:27,705 | INFO | Saved forecast at AI_forecasting\results\ml\forecasts\ward_120_water_demand_forecast.csv
2025-12-28 16:48:28,381 | INFO | Saved model at AI_forecasting\artifacts\ml\models\ward_120_congestion_index_lgb.joblib
2025-12-28 16:48:28,901 | INFO | Saved forecast at AI_forecasting\results\ml\forecasts\ward_120_congestion_index_forecast.csv
2025-12-28 16:48:29,575 | INFO | Saved model at AI_forecasting\artifacts\ml\models\ward_120_pm25_lgb.joblib
2025-12-28 16:48:30,111 | INFO | Saved forecast at AI_forecasting\results\ml\forecasts\ward_120_pm25_forecast.csv
2025-12-28 16:48:30,819 | INFO | Saved model at AI_forecasting\artifacts\ml\models\ward_121_electricity_demand_lgb.joblib
2025-12-28 16:48:31,302 | INFO | Saved forecast at AI_forecasting\results\ml\forecasts\ward_121_electricity_demand_forecast.csv
2025-12-28 16:48:31,937 | INFO | Saved model at AI_forecasting\artifacts\ml\models\ward_121_water_demand_lgb.joblib
2025-12-28 16:48:32,399 | INFO | Saved forecast at AI_forecasting\results\ml\forecasts\ward_121_water_demand_forecast.csv
2025-12-28 16:48:33,128 | INFO | Saved model at AI_forecasting\artifacts\ml\models\ward_121_congestion_index_lgb.joblib
2025-12-28 16:48:33,663 | INFO | Saved forecast at AI_forecasting\results\ml\forecasts\ward_121_congestion_index_forecast.csv
2025-12-28 16:48:34,355 | INFO | Saved model at AI_forecasting\artifacts\ml\models\ward_121_pm25_lgb.joblib
2025-12-28 16:48:34,814 | INFO | Saved forecast at AI_forecasting\results\ml\forecasts\ward_121_pm25_forecast.csv
2025-12-28 16:48:35,490 | INFO | Saved model at AI_forecasting\artifacts\ml\models\ward_122_electricity_demand_lgb.joblib
2025-12-28 16:48:35,994 | INFO | Saved forecast at AI_forecasting\results\ml\forecasts\ward_122_electricity_demand_forecast.csv
2025-12-28 16:48:36,634 | INFO | Saved model at AI_forecasting\artifacts\ml\models\ward_122_water_demand_lgb.joblib
2025-12-28 16:48:37,119 | INFO | Saved forecast at AI_forecasting\results\ml\forecasts\ward_122_water_demand_forecast.csv
2025-12-28 16:48:37,786 | INFO | Saved model at AI_forecasting\artifacts\ml\models\ward_122_congestion_index_lgb.joblib
2025-12-28 16:48:38,243 | INFO | Saved forecast at AI_forecasting\results\ml\forecasts\ward_122_congestion_index_forecast.csv
2025-12-28 16:48:38,875 | INFO | Saved model at AI_forecasting\artifacts\ml\models\ward_122_pm25_lgb.joblib
2025-12-28 16:48:39,309 | INFO | Saved forecast at AI_forecasting\results\ml\forecasts\ward_122_pm25_forecast.csv
2025-12-28 16:48:39,961 | INFO | Saved model at AI_forecasting\artifacts\ml\models\ward_123_electricity_demand_lgb.joblib
2025-12-28 16:48:40,475 | INFO | Saved forecast at AI_forecasting\results\ml\forecasts\ward_123_electricity_demand_forecast.csv
2025-12-28 16:48:41,160 | INFO | Saved model at AI_forecasting\artifacts\ml\models\ward_123_water_demand_lgb.joblib
2025-12-28 16:48:41,622 | INFO | Saved forecast at AI_forecasting\results\ml\forecasts\ward_123_water_demand_forecast.csv
2025-12-28 16:48:42,283 | INFO | Saved model at AI_forecasting\artifacts\ml\models\ward_123_congestion_index_lgb.joblib
2025-12-28 16:48:42,801 | INFO | Saved forecast at AI_forecasting\results\ml\forecasts\ward_123_congestion_index_forecast.csv
2025-12-28 16:48:43,482 | INFO | Saved model at AI_forecasting\artifacts\ml\models\ward_123_pm25_lgb.joblib
2025-12-28 16:48:43,960 | INFO | Saved forecast at AI_forecasting\results\ml\forecasts\ward_123_pm25_forecast.csv
2025-12-28 16:48:44,640 | INFO | Saved model at AI_forecasting\artifacts\ml\models\ward_124_electricity_demand_lgb.joblib
2025-12-28 16:48:45,119 | INFO | Saved forecast at AI_forecasting\results\ml\forecasts\ward_124_electricity_demand_forecast.csv
2025-12-28 16:48:45,767 | INFO | Saved model at AI_forecasting\artifacts\ml\models\ward_124_water_demand_lgb.joblib
2025-12-28 16:48:46,402 | INFO | Saved forecast at AI_forecasting\results\ml\forecasts\ward_124_water_demand_forecast.csv
2025-12-28 16:48:47,092 | INFO | Saved model at AI_forecasting\artifacts\ml\models\ward_124_congestion_index_lgb.joblib
2025-12-28 16:48:47,618 | INFO | Saved forecast at AI_forecasting\results\ml\forecasts\ward_124_congestion_index_forecast.csv
2025-12-28 16:48:48,346 | INFO | Saved model at AI_forecasting\artifacts\ml\models\ward_124_pm25_lgb.joblib
2025-12-28 16:48:48,838 | INFO | Saved forecast at AI_forecasting\results\ml\forecasts\ward_124_pm25_forecast.csv
2025-12-28 16:48:49,560 | INFO | Saved model at AI_forecasting\artifacts\ml\models\ward_125_electricity_demand_lgb.joblib
2025-12-28 16:48:50,136 | INFO | Saved forecast at AI_forecasting\results\ml\forecasts\ward_125_electricity_demand_forecast.csv
2025-12-28 16:48:50,837 | INFO | Saved model at AI_forecasting\artifacts\ml\models\ward_125_water_demand_lgb.joblib
2025-12-28 16:48:51,325 | INFO | Saved forecast at AI_forecasting\results\ml\forecasts\ward_125_water_demand_forecast.csv
2025-12-28 16:48:51,985 | INFO | Saved model at AI_forecasting\artifacts\ml\models\ward_125_congestion_index_lgb.joblib
2025-12-28 16:48:52,459 | INFO | Saved forecast at AI_forecasting\results\ml\forecasts\ward_125_congestion_index_forecast.csv
2025-12-28 16:48:53,067 | INFO | Saved model at AI_forecasting\artifacts\ml\models\ward_125_pm25_lgb.joblib
2025-12-28 16:48:53,522 | INFO | Saved forecast at AI_forecasting\results\ml\forecasts\ward_125_pm25_forecast.csv
2025-12-28 16:48:54,173 | INFO | Saved model at AI_forecasting\artifacts\ml\models\ward_126_electricity_demand_lgb.joblib
2025-12-28 16:48:54,612 | INFO | Saved forecast at AI_forecasting\results\ml\forecasts\ward_126_electricity_demand_forecast.csv
2025-12-28 16:48:55,251 | INFO | Saved model at AI_forecasting\artifacts\ml\models\ward_126_water_demand_lgb.joblib
2025-12-28 16:48:55,675 | INFO | Saved forecast at AI_forecasting\results\ml\forecasts\ward_126_water_demand_forecast.csv
2025-12-28 16:48:56,339 | INFO | Saved model at AI_forecasting\artifacts\ml\models\ward_126_congestion_index_lgb.joblib
2025-12-28 16:48:56,757 | INFO | Saved forecast at AI_forecasting\results\ml\forecasts\ward_126_congestion_index_forecast.csv
2025-12-28 16:48:57,440 | INFO | Saved model at AI_forecasting\artifacts\ml\models\ward_126_pm25_lgb.joblib
2025-12-28 16:48:58,017 | INFO | Saved forecast at AI_forecasting\results\ml\forecasts\ward_126_pm25_forecast.csv
2025-12-28 16:48:58,694 | INFO | Saved model at AI_forecasting\artifacts\ml\models\ward_127_electricity_demand_lgb.joblib
2025-12-28 16:48:59,210 | INFO | Saved forecast at AI_forecasting\results\ml\forecasts\ward_127_electricity_demand_forecast.csv
2025-12-28 16:48:59,863 | INFO | Saved model at AI_forecasting\artifacts\ml\models\ward_127_water_demand_lgb.joblib
2025-12-28 16:49:00,298 | INFO | Saved forecast at AI_forecasting\results\ml\forecasts\ward_127_water_demand_forecast.csv
2025-12-28 16:49:00,901 | INFO | Saved model at AI_forecasting\artifacts\ml\models\ward_127_congestion_index_lgb.joblib
2025-12-28 16:49:01,417 | INFO | Saved forecast at AI_forecasting\results\ml\forecasts\ward_127_congestion_index_forecast.csv
2025-12-28 16:49:02,044 | INFO | Saved model at AI_forecasting\artifacts\ml\models\ward_127_pm25_lgb.joblib
2025-12-28 16:49:02,561 | INFO | Saved forecast at AI_forecasting\results\ml\forecasts\ward_127_pm25_forecast.csv
2025-12-28 16:49:03,174 | INFO | Saved model at AI_forecasting\artifacts\ml\models\ward_128_electricity_demand_lgb.joblib
2025-12-28 16:49:03,636 | INFO | Saved forecast at AI_forecasting\results\ml\forecasts\ward_128_electricity_demand_forecast.csv
2025-12-28 16:49:04,306 | INFO | Saved model at AI_forecasting\artifacts\ml\models\ward_128_water_demand_lgb.joblib
2025-12-28 16:49:04,762 | INFO | Saved forecast at AI_forecasting\results\ml\forecasts\ward_128_water_demand_forecast.csv
2025-12-28 16:49:05,425 | INFO | Saved model at AI_forecasting\artifacts\ml\models\ward_128_congestion_index_lgb.joblib
2025-12-28 16:49:05,862 | INFO | Saved forecast at AI_forecasting\results\ml\forecasts\ward_128_congestion_index_forecast.csv
2025-12-28 16:49:06,549 | INFO | Saved model at AI_forecasting\artifacts\ml\models\ward_128_pm25_lgb.joblib
2025-12-28 16:49:07,002 | INFO | Saved forecast at AI_forecasting\results\ml\forecasts\ward_128_pm25_forecast.csv
2025-12-28 16:49:07,654 | INFO | Saved model at AI_forecasting\artifacts\ml\models\ward_129_electricity_demand_lgb.joblib
2025-12-28 16:49:08,079 | INFO | Saved forecast at AI_forecasting\results\ml\forecasts\ward_129_electricity_demand_forecast.csv
2025-12-28 16:49:08,675 | INFO | Saved model at AI_forecasting\artifacts\ml\models\ward_129_water_demand_lgb.joblib
2025-12-28 16:49:09,128 | INFO | Saved forecast at AI_forecasting\results\ml\forecasts\ward_129_water_demand_forecast.csv
2025-12-28 16:49:09,776 | INFO | Saved model at AI_forecasting\artifacts\ml\models\ward_129_congestion_index_lgb.joblib
2025-12-28 16:49:10,259 | INFO | Saved forecast at AI_forecasting\results\ml\forecasts\ward_129_congestion_index_forecast.csv
2025-12-28 16:49:10,892 | INFO | Saved model at AI_forecasting\artifacts\ml\models\ward_129_pm25_lgb.joblib
2025-12-28 16:49:11,407 | INFO | Saved forecast at AI_forecasting\results\ml\forecasts\ward_129_pm25_forecast.csv
2025-12-28 16:49:12,118 | INFO | Saved model at AI_forecasting\artifacts\ml\models\ward_13_electricity_demand_lgb.joblib
2025-12-28 16:49:12,553 | INFO | Saved forecast at AI_forecasting\results\ml\forecasts\ward_13_electricity_demand_forecast.csv
2025-12-28 16:49:13,237 | INFO | Saved model at AI_forecasting\artifacts\ml\models\ward_13_water_demand_lgb.joblib
2025-12-28 16:49:13,696 | INFO | Saved forecast at AI_forecasting\results\ml\forecasts\ward_13_water_demand_forecast.csv
2025-12-28 16:49:14,349 | INFO | Saved model at AI_forecasting\artifacts\ml\models\ward_13_congestion_index_lgb.joblib
2025-12-28 16:49:14,849 | INFO | Saved forecast at AI_forecasting\results\ml\forecasts\ward_13_congestion_index_forecast.csv
2025-12-28 16:49:15,529 | INFO | Saved model at AI_forecasting\artifacts\ml\models\ward_13_pm25_lgb.joblib
2025-12-28 16:49:15,958 | INFO | Saved forecast at AI_forecasting\results\ml\forecasts\ward_13_pm25_forecast.csv
2025-12-28 16:49:16,661 | INFO | Saved model at AI_forecasting\artifacts\ml\models\ward_130_electricity_demand_lgb.joblib
2025-12-28 16:49:17,143 | INFO | Saved forecast at AI_forecasting\results\ml\forecasts\ward_130_electricity_demand_forecast.csv
2025-12-28 16:49:17,804 | INFO | Saved model at AI_forecasting\artifacts\ml\models\ward_130_water_demand_lgb.joblib
2025-12-28 16:49:18,374 | INFO | Saved forecast at AI_forecasting\results\ml\forecasts\ward_130_water_demand_forecast.csv
2025-12-28 16:49:19,032 | INFO | Saved model at AI_forecasting\artifacts\ml\models\ward_130_congestion_index_lgb.joblib
2025-12-28 16:49:19,553 | INFO | Saved forecast at AI_forecasting\results\ml\forecasts\ward_130_congestion_index_forecast.csv
2025-12-28 16:49:20,205 | INFO | Saved model at AI_forecasting\artifacts\ml\models\ward_130_pm25_lgb.joblib
2025-12-28 16:49:20,699 | INFO | Saved forecast at AI_forecasting\results\ml\forecasts\ward_130_pm25_forecast.csv
2025-12-28 16:49:21,318 | INFO | Saved model at AI_forecasting\artifacts\ml\models\ward_131_electricity_demand_lgb.joblib
2025-12-28 16:49:21,755 | INFO | Saved forecast at AI_forecasting\results\ml\forecasts\ward_131_electricity_demand_forecast.csv
2025-12-28 16:49:22,394 | INFO | Saved model at AI_forecasting\artifacts\ml\models\ward_131_water_demand_lgb.joblib
2025-12-28 16:49:22,939 | INFO | Saved forecast at AI_forecasting\results\ml\forecasts\ward_131_water_demand_forecast.csv
2025-12-28 16:49:23,549 | INFO | Saved model at AI_forecasting\artifacts\ml\models\ward_131_congestion_index_lgb.joblib
2025-12-28 16:49:24,026 | INFO | Saved forecast at AI_forecasting\results\ml\forecasts\ward_131_congestion_index_forecast.csv
2025-12-28 16:49:24,642 | INFO | Saved model at AI_forecasting\artifacts\ml\models\ward_131_pm25_lgb.joblib
2025-12-28 16:49:25,120 | INFO | Saved forecast at AI_forecasting\results\ml\forecasts\ward_131_pm25_forecast.csv
2025-12-28 16:49:25,754 | INFO | Saved model at AI_forecasting\artifacts\ml\models\ward_132_electricity_demand_lgb.joblib
2025-12-28 16:49:26,210 | INFO | Saved forecast at AI_forecasting\results\ml\forecasts\ward_132_electricity_demand_forecast.csv
2025-12-28 16:49:26,817 | INFO | Saved model at AI_forecasting\artifacts\ml\models\ward_132_water_demand_lgb.joblib
2025-12-28 16:49:27,378 | INFO | Saved forecast at AI_forecasting\results\ml\forecasts\ward_132_water_demand_forecast.csv
2025-12-28 16:49:28,039 | INFO | Saved model at AI_forecasting\artifacts\ml\models\ward_132_congestion_index_lgb.joblib
2025-12-28 16:49:28,582 | INFO | Saved forecast at AI_forecasting\results\ml\forecasts\ward_132_congestion_index_forecast.csv
2025-12-28 16:49:29,235 | INFO | Saved model at AI_forecasting\artifacts\ml\models\ward_132_pm25_lgb.joblib
2025-12-28 16:49:29,703 | INFO | Saved forecast at AI_forecasting\results\ml\forecasts\ward_132_pm25_forecast.csv
2025-12-28 16:49:30,386 | INFO | Saved model at AI_forecasting\artifacts\ml\models\ward_133_electricity_demand_lgb.joblib
2025-12-28 16:49:30,967 | INFO | Saved forecast at AI_forecasting\results\ml\forecasts\ward_133_electricity_demand_forecast.csv
2025-12-28 16:49:31,668 | INFO | Saved model at AI_forecasting\artifacts\ml\models\ward_133_water_demand_lgb.joblib
2025-12-28 16:49:32,159 | INFO | Saved forecast at AI_forecasting\results\ml\forecasts\ward_133_water_demand_forecast.csv
2025-12-28 16:49:32,857 | INFO | Saved model at AI_forecasting\artifacts\ml\models\ward_133_congestion_index_lgb.joblib
2025-12-28 16:49:33,368 | INFO | Saved forecast at AI_forecasting\results\ml\forecasts\ward_133_congestion_index_forecast.csv
2025-12-28 16:49:33,977 | INFO | Saved model at AI_forecasting\artifacts\ml\models\ward_133_pm25_lgb.joblib
2025-12-28 16:49:34,498 | INFO | Saved forecast at AI_forecasting\results\ml\forecasts\ward_133_pm25_forecast.csv
2025-12-28 16:49:35,147 | INFO | Saved model at AI_forecasting\artifacts\ml\models\ward_134_electricity_demand_lgb.joblib
2025-12-28 16:49:35,659 | INFO | Saved forecast at AI_forecasting\results\ml\forecasts\ward_134_electricity_demand_forecast.csv
2025-12-28 16:49:36,178 | INFO | Saved model at AI_forecasting\artifacts\ml\models\ward_134_water_demand_lgb.joblib
2025-12-28 16:49:36,546 | INFO | Saved forecast at AI_forecasting\results\ml\forecasts\ward_134_water_demand_forecast.csv
2025-12-28 16:49:37,053 | INFO | Saved model at AI_forecasting\artifacts\ml\models\ward_134_congestion_index_lgb.joblib
2025-12-28 16:49:37,406 | INFO | Saved forecast at AI_forecasting\results\ml\forecasts\ward_134_congestion_index_forecast.csv
2025-12-28 16:49:37,891 | INFO | Saved model at AI_forecasting\artifacts\ml\models\ward_134_pm25_lgb.joblib
2025-12-28 16:49:38,262 | INFO | Saved forecast at AI_forecasting\results\ml\forecasts\ward_134_pm25_forecast.csv
2025-12-28 16:49:38,771 | INFO | Saved model at AI_forecasting\artifacts\ml\models\ward_135_electricity_demand_lgb.joblib
2025-12-28 16:49:39,121 | INFO | Saved forecast at AI_forecasting\results\ml\forecasts\ward_135_electricity_demand_forecast.csv
2025-12-28 16:49:39,620 | INFO | Saved model at AI_forecasting\artifacts\ml\models\ward_135_water_demand_lgb.joblib
2025-12-28 16:49:39,970 | INFO | Saved forecast at AI_forecasting\results\ml\forecasts\ward_135_water_demand_forecast.csv
2025-12-28 16:49:40,470 | INFO | Saved model at AI_forecasting\artifacts\ml\models\ward_135_congestion_index_lgb.joblib
2025-12-28 16:49:40,818 | INFO | Saved forecast at AI_forecasting\results\ml\forecasts\ward_135_congestion_index_forecast.csv
2025-12-28 16:49:41,306 | INFO | Saved model at AI_forecasting\artifacts\ml\models\ward_135_pm25_lgb.joblib
2025-12-28 16:49:41,652 | INFO | Saved forecast at AI_forecasting\results\ml\forecasts\ward_135_pm25_forecast.csv
2025-12-28 16:49:42,142 | INFO | Saved model at AI_forecasting\artifacts\ml\models\ward_136_electricity_demand_lgb.joblib
2025-12-28 16:49:42,494 | INFO | Saved forecast at AI_forecasting\results\ml\forecasts\ward_136_electricity_demand_forecast.csv
2025-12-28 16:49:42,983 | INFO | Saved model at AI_forecasting\artifacts\ml\models\ward_136_water_demand_lgb.joblib
2025-12-28 16:49:43,330 | INFO | Saved forecast at AI_forecasting\results\ml\forecasts\ward_136_water_demand_forecast.csv
2025-12-28 16:49:43,816 | INFO | Saved model at AI_forecasting\artifacts\ml\models\ward_136_congestion_index_lgb.joblib
2025-12-28 16:49:44,162 | INFO | Saved forecast at AI_forecasting\results\ml\forecasts\ward_136_congestion_index_forecast.csv
2025-12-28 16:49:44,646 | INFO | Saved model at AI_forecasting\artifacts\ml\models\ward_136_pm25_lgb.joblib
2025-12-28 16:49:44,993 | INFO | Saved forecast at AI_forecasting\results\ml\forecasts\ward_136_pm25_forecast.csv
2025-12-28 16:49:45,480 | INFO | Saved model at AI_forecasting\artifacts\ml\models\ward_137_electricity_demand_lgb.joblib
2025-12-28 16:49:45,830 | INFO | Saved forecast at AI_forecasting\results\ml\forecasts\ward_137_electricity_demand_forecast.csv
2025-12-28 16:49:46,322 | INFO | Saved model at AI_forecasting\artifacts\ml\models\ward_137_water_demand_lgb.joblib
2025-12-28 16:49:46,675 | INFO | Saved forecast at AI_forecasting\results\ml\forecasts\ward_137_water_demand_forecast.csv
2025-12-28 16:49:47,181 | INFO | Saved model at AI_forecasting\artifacts\ml\models\ward_137_congestion_index_lgb.joblib
2025-12-28 16:49:47,530 | INFO | Saved forecast at AI_forecasting\results\ml\forecasts\ward_137_congestion_index_forecast.csv
2025-12-28 16:49:48,010 | INFO | Saved model at AI_forecasting\artifacts\ml\models\ward_137_pm25_lgb.joblib
2025-12-28 16:49:48,403 | INFO | Saved forecast at AI_forecasting\results\ml\forecasts\ward_137_pm25_forecast.csv
2025-12-28 16:49:48,907 | INFO | Saved model at AI_forecasting\artifacts\ml\models\ward_138_electricity_demand_lgb.joblib
2025-12-28 16:49:49,275 | INFO | Saved forecast at AI_forecasting\results\ml\forecasts\ward_138_electricity_demand_forecast.csv
2025-12-28 16:49:49,762 | INFO | Saved model at AI_forecasting\artifacts\ml\models\ward_138_water_demand_lgb.joblib
2025-12-28 16:49:50,109 | INFO | Saved forecast at AI_forecasting\results\ml\forecasts\ward_138_water_demand_forecast.csv
2025-12-28 16:49:50,599 | INFO | Saved model at AI_forecasting\artifacts\ml\models\ward_138_congestion_index_lgb.joblib
2025-12-28 16:49:50,947 | INFO | Saved forecast at AI_forecasting\results\ml\forecasts\ward_138_congestion_index_forecast.csv
2025-12-28 16:49:51,428 | INFO | Saved model at AI_forecasting\artifacts\ml\models\ward_138_pm25_lgb.joblib
2025-12-28 16:49:51,772 | INFO | Saved forecast at AI_forecasting\results\ml\forecasts\ward_138_pm25_forecast.csv
2025-12-28 16:49:52,261 | INFO | Saved model at AI_forecasting\artifacts\ml\models\ward_139_electricity_demand_lgb.joblib
2025-12-28 16:49:52,609 | INFO | Saved forecast at AI_forecasting\results\ml\forecasts\ward_139_electricity_demand_forecast.csv
2025-12-28 16:49:53,092 | INFO | Saved model at AI_forecasting\artifacts\ml\models\ward_139_water_demand_lgb.joblib
2025-12-28 16:49:53,442 | INFO | Saved forecast at AI_forecasting\results\ml\forecasts\ward_139_water_demand_forecast.csv
2025-12-28 16:49:53,980 | INFO | Saved model at AI_forecasting\artifacts\ml\models\ward_139_congestion_index_lgb.joblib
2025-12-28 16:49:54,368 | INFO | Saved forecast at AI_forecasting\results\ml\forecasts\ward_139_congestion_index_forecast.csv
2025-12-28 16:49:54,877 | INFO | Saved model at AI_forecasting\artifacts\ml\models\ward_139_pm25_lgb.joblib
2025-12-28 16:49:55,254 | INFO | Saved forecast at AI_forecasting\results\ml\forecasts\ward_139_pm25_forecast.csv
2025-12-28 16:49:55,781 | INFO | Saved model at AI_forecasting\artifacts\ml\models\ward_14_electricity_demand_lgb.joblib
2025-12-28 16:49:56,131 | INFO | Saved forecast at AI_forecasting\results\ml\forecasts\ward_14_electricity_demand_forecast.csv
2025-12-28 16:49:56,641 | INFO | Saved model at AI_forecasting\artifacts\ml\models\ward_14_water_demand_lgb.joblib
2025-12-28 16:49:56,993 | INFO | Saved forecast at AI_forecasting\results\ml\forecasts\ward_14_water_demand_forecast.csv
2025-12-28 16:49:57,484 | INFO | Saved model at AI_forecasting\artifacts\ml\models\ward_14_congestion_index_lgb.joblib
2025-12-28 16:49:57,839 | INFO | Saved forecast at AI_forecasting\results\ml\forecasts\ward_14_congestion_index_forecast.csv
2025-12-28 16:49:58,327 | INFO | Saved model at AI_forecasting\artifacts\ml\models\ward_14_pm25_lgb.joblib
2025-12-28 16:49:58,679 | INFO | Saved forecast at AI_forecasting\results\ml\forecasts\ward_14_pm25_forecast.csv
2025-12-28 16:49:59,171 | INFO | Saved model at AI_forecasting\artifacts\ml\models\ward_140_electricity_demand_lgb.joblib
2025-12-28 16:49:59,518 | INFO | Saved forecast at AI_forecasting\results\ml\forecasts\ward_140_electricity_demand_forecast.csv
2025-12-28 16:50:00,016 | INFO | Saved model at AI_forecasting\artifacts\ml\models\ward_140_water_demand_lgb.joblib
2025-12-28 16:50:00,370 | INFO | Saved forecast at AI_forecasting\results\ml\forecasts\ward_140_water_demand_forecast.csv
2025-12-28 16:50:00,902 | INFO | Saved model at AI_forecasting\artifacts\ml\models\ward_140_congestion_index_lgb.joblib
2025-12-28 16:50:01,255 | INFO | Saved forecast at AI_forecasting\results\ml\forecasts\ward_140_congestion_index_forecast.csv
2025-12-28 16:50:01,774 | INFO | Saved model at AI_forecasting\artifacts\ml\models\ward_140_pm25_lgb.joblib
2025-12-28 16:50:02,129 | INFO | Saved forecast at AI_forecasting\results\ml\forecasts\ward_140_pm25_forecast.csv
2025-12-28 16:50:02,611 | INFO | Saved model at AI_forecasting\artifacts\ml\models\ward_141_electricity_demand_lgb.joblib
2025-12-28 16:50:02,973 | INFO | Saved forecast at AI_forecasting\results\ml\forecasts\ward_141_electricity_demand_forecast.csv
2025-12-28 16:50:03,462 | INFO | Saved model at AI_forecasting\artifacts\ml\models\ward_141_water_demand_lgb.joblib
2025-12-28 16:50:03,890 | INFO | Saved forecast at AI_forecasting\results\ml\forecasts\ward_141_water_demand_forecast.csv
2025-12-28 16:50:04,446 | INFO | Saved model at AI_forecasting\artifacts\ml\models\ward_141_congestion_index_lgb.joblib
2025-12-28 16:50:04,881 | INFO | Saved forecast at AI_forecasting\results\ml\forecasts\ward_141_congestion_index_forecast.csv
2025-12-28 16:50:05,412 | INFO | Saved model at AI_forecasting\artifacts\ml\models\ward_141_pm25_lgb.joblib
2025-12-28 16:50:05,790 | INFO | Saved forecast at AI_forecasting\results\ml\forecasts\ward_141_pm25_forecast.csv
2025-12-28 16:50:06,311 | INFO | Saved model at AI_forecasting\artifacts\ml\models\ward_142_electricity_demand_lgb.joblib
2025-12-28 16:50:06,669 | INFO | Saved forecast at AI_forecasting\results\ml\forecasts\ward_142_electricity_demand_forecast.csv
2025-12-28 16:50:07,185 | INFO | Saved model at AI_forecasting\artifacts\ml\models\ward_142_water_demand_lgb.joblib
2025-12-28 16:50:07,536 | INFO | Saved forecast at AI_forecasting\results\ml\forecasts\ward_142_water_demand_forecast.csv
2025-12-28 16:50:08,034 | INFO | Saved model at AI_forecasting\artifacts\ml\models\ward_142_congestion_index_lgb.joblib
2025-12-28 16:50:08,386 | INFO | Saved forecast at AI_forecasting\results\ml\forecasts\ward_142_congestion_index_forecast.csv
2025-12-28 16:50:08,870 | INFO | Saved model at AI_forecasting\artifacts\ml\models\ward_142_pm25_lgb.joblib
2025-12-28 16:50:09,216 | INFO | Saved forecast at AI_forecasting\results\ml\forecasts\ward_142_pm25_forecast.csv
2025-12-28 16:50:09,716 | INFO | Saved model at AI_forecasting\artifacts\ml\models\ward_143_electricity_demand_lgb.joblib
2025-12-28 16:50:10,066 | INFO | Saved forecast at AI_forecasting\results\ml\forecasts\ward_143_electricity_demand_forecast.csv
2025-12-28 16:50:10,566 | INFO | Saved model at AI_forecasting\artifacts\ml\models\ward_143_water_demand_lgb.joblib
2025-12-28 16:50:10,922 | INFO | Saved forecast at AI_forecasting\results\ml\forecasts\ward_143_water_demand_forecast.csv
2025-12-28 16:50:11,424 | INFO | Saved model at AI_forecasting\artifacts\ml\models\ward_143_congestion_index_lgb.joblib
2025-12-28 16:50:11,781 | INFO | Saved forecast at AI_forecasting\results\ml\forecasts\ward_143_congestion_index_forecast.csv
2025-12-28 16:50:12,266 | INFO | Saved model at AI_forecasting\artifacts\ml\models\ward_143_pm25_lgb.joblib
2025-12-28 16:50:12,620 | INFO | Saved forecast at AI_forecasting\results\ml\forecasts\ward_143_pm25_forecast.csv
2025-12-28 16:50:13,115 | INFO | Saved model at AI_forecasting\artifacts\ml\models\ward_144_electricity_demand_lgb.joblib
2025-12-28 16:50:13,466 | INFO | Saved forecast at AI_forecasting\results\ml\forecasts\ward_144_electricity_demand_forecast.csv
2025-12-28 16:50:13,959 | INFO | Saved model at AI_forecasting\artifacts\ml\models\ward_144_water_demand_lgb.joblib
2025-12-28 16:50:14,303 | INFO | Saved forecast at AI_forecasting\results\ml\forecasts\ward_144_water_demand_forecast.csv
2025-12-28 16:50:14,807 | INFO | Saved model at AI_forecasting\artifacts\ml\models\ward_144_congestion_index_lgb.joblib
2025-12-28 16:50:15,161 | INFO | Saved forecast at AI_forecasting\results\ml\forecasts\ward_144_congestion_index_forecast.csv
2025-12-28 16:50:15,643 | INFO | Saved model at AI_forecasting\artifacts\ml\models\ward_144_pm25_lgb.joblib
2025-12-28 16:50:15,991 | INFO | Saved forecast at AI_forecasting\results\ml\forecasts\ward_144_pm25_forecast.csv
2025-12-28 16:50:16,478 | INFO | Saved model at AI_forecasting\artifacts\ml\models\ward_145_electricity_demand_lgb.joblib
2025-12-28 16:50:16,827 | INFO | Saved forecast at AI_forecasting\results\ml\forecasts\ward_145_electricity_demand_forecast.csv
2025-12-28 16:50:17,318 | INFO | Saved model at AI_forecasting\artifacts\ml\models\ward_145_water_demand_lgb.joblib
2025-12-28 16:50:17,670 | INFO | Saved forecast at AI_forecasting\results\ml\forecasts\ward_145_water_demand_forecast.csv
2025-12-28 16:50:18,169 | INFO | Saved model at AI_forecasting\artifacts\ml\models\ward_145_congestion_index_lgb.joblib
2025-12-28 16:50:18,518 | INFO | Saved forecast at AI_forecasting\results\ml\forecasts\ward_145_congestion_index_forecast.csv
2025-12-28 16:50:19,010 | INFO | Saved model at AI_forecasting\artifacts\ml\models\ward_145_pm25_lgb.joblib
2025-12-28 16:50:19,359 | INFO | Saved forecast at AI_forecasting\results\ml\forecasts\ward_145_pm25_forecast.csv
2025-12-28 16:50:19,840 | INFO | Saved model at AI_forecasting\artifacts\ml\models\ward_146_electricity_demand_lgb.joblib
2025-12-28 16:50:20,187 | INFO | Saved forecast at AI_forecasting\results\ml\forecasts\ward_146_electricity_demand_forecast.csv
2025-12-28 16:50:20,677 | INFO | Saved model at AI_forecasting\artifacts\ml\models\ward_146_water_demand_lgb.joblib
2025-12-28 16:50:21,026 | INFO | Saved forecast at AI_forecasting\results\ml\forecasts\ward_146_water_demand_forecast.csv
2025-12-28 16:50:21,512 | INFO | Saved model at AI_forecasting\artifacts\ml\models\ward_146_congestion_index_lgb.joblib
2025-12-28 16:50:21,858 | INFO | Saved forecast at AI_forecasting\results\ml\forecasts\ward_146_congestion_index_forecast.csv
2025-12-28 16:50:22,336 | INFO | Saved model at AI_forecasting\artifacts\ml\models\ward_146_pm25_lgb.joblib
2025-12-28 16:50:22,685 | INFO | Saved forecast at AI_forecasting\results\ml\forecasts\ward_146_pm25_forecast.csv
2025-12-28 16:50:23,169 | INFO | Saved model at AI_forecasting\artifacts\ml\models\ward_147_electricity_demand_lgb.joblib
2025-12-28 16:50:23,518 | INFO | Saved forecast at AI_forecasting\results\ml\forecasts\ward_147_electricity_demand_forecast.csv
2025-12-28 16:50:24,005 | INFO | Saved model at AI_forecasting\artifacts\ml\models\ward_147_water_demand_lgb.joblib
2025-12-28 16:50:24,354 | INFO | Saved forecast at AI_forecasting\results\ml\forecasts\ward_147_water_demand_forecast.csv
2025-12-28 16:50:24,866 | INFO | Saved model at AI_forecasting\artifacts\ml\models\ward_147_congestion_index_lgb.joblib
2025-12-28 16:50:25,230 | INFO | Saved forecast at AI_forecasting\results\ml\forecasts\ward_147_congestion_index_forecast.csv
2025-12-28 16:50:25,714 | INFO | Saved model at AI_forecasting\artifacts\ml\models\ward_147_pm25_lgb.joblib
2025-12-28 16:50:26,064 | INFO | Saved forecast at AI_forecasting\results\ml\forecasts\ward_147_pm25_forecast.csv
2025-12-28 16:50:26,550 | INFO | Saved model at AI_forecasting\artifacts\ml\models\ward_148_electricity_demand_lgb.joblib
2025-12-28 16:50:26,899 | INFO | Saved forecast at AI_forecasting\results\ml\forecasts\ward_148_electricity_demand_forecast.csv
2025-12-28 16:50:27,398 | INFO | Saved model at AI_forecasting\artifacts\ml\models\ward_148_water_demand_lgb.joblib
2025-12-28 16:50:27,743 | INFO | Saved forecast at AI_forecasting\results\ml\forecasts\ward_148_water_demand_forecast.csv
2025-12-28 16:50:28,241 | INFO | Saved model at AI_forecasting\artifacts\ml\models\ward_148_congestion_index_lgb.joblib
2025-12-28 16:50:28,604 | INFO | Saved forecast at AI_forecasting\results\ml\forecasts\ward_148_congestion_index_forecast.csv
2025-12-28 16:50:29,078 | INFO | Saved model at AI_forecasting\artifacts\ml\models\ward_148_pm25_lgb.joblib
2025-12-28 16:50:29,424 | INFO | Saved forecast at AI_forecasting\results\ml\forecasts\ward_148_pm25_forecast.csv
2025-12-28 16:50:29,910 | INFO | Saved model at AI_forecasting\artifacts\ml\models\ward_149_electricity_demand_lgb.joblib
2025-12-28 16:50:30,257 | INFO | Saved forecast at AI_forecasting\results\ml\forecasts\ward_149_electricity_demand_forecast.csv
2025-12-28 16:50:30,750 | INFO | Saved model at AI_forecasting\artifacts\ml\models\ward_149_water_demand_lgb.joblib
2025-12-28 16:50:31,100 | INFO | Saved forecast at AI_forecasting\results\ml\forecasts\ward_149_water_demand_forecast.csv
2025-12-28 16:50:31,593 | INFO | Saved model at AI_forecasting\artifacts\ml\models\ward_149_congestion_index_lgb.joblib
2025-12-28 16:50:31,943 | INFO | Saved forecast at AI_forecasting\results\ml\forecasts\ward_149_congestion_index_forecast.csv
2025-12-28 16:50:32,427 | INFO | Saved model at AI_forecasting\artifacts\ml\models\ward_149_pm25_lgb.joblib
2025-12-28 16:50:32,780 | INFO | Saved forecast at AI_forecasting\results\ml\forecasts\ward_149_pm25_forecast.csv
2025-12-28 16:50:33,263 | INFO | Saved model at AI_forecasting\artifacts\ml\models\ward_15_electricity_demand_lgb.joblib
2025-12-28 16:50:33,611 | INFO | Saved forecast at AI_forecasting\results\ml\forecasts\ward_15_electricity_demand_forecast.csv
2025-12-28 16:50:34,104 | INFO | Saved model at AI_forecasting\artifacts\ml\models\ward_15_water_demand_lgb.joblib
2025-12-28 16:50:34,448 | INFO | Saved forecast at AI_forecasting\results\ml\forecasts\ward_15_water_demand_forecast.csv
2025-12-28 16:50:34,953 | INFO | Saved model at AI_forecasting\artifacts\ml\models\ward_15_congestion_index_lgb.joblib
2025-12-28 16:50:35,311 | INFO | Saved forecast at AI_forecasting\results\ml\forecasts\ward_15_congestion_index_forecast.csv
2025-12-28 16:50:35,825 | INFO | Saved model at AI_forecasting\artifacts\ml\models\ward_15_pm25_lgb.joblib
2025-12-28 16:50:36,171 | INFO | Saved forecast at AI_forecasting\results\ml\forecasts\ward_15_pm25_forecast.csv
2025-12-28 16:50:36,663 | INFO | Saved model at AI_forecasting\artifacts\ml\models\ward_150_electricity_demand_lgb.joblib
2025-12-28 16:50:37,010 | INFO | Saved forecast at AI_forecasting\results\ml\forecasts\ward_150_electricity_demand_forecast.csv
2025-12-28 16:50:37,500 | INFO | Saved model at AI_forecasting\artifacts\ml\models\ward_150_water_demand_lgb.joblib
2025-12-28 16:50:37,849 | INFO | Saved forecast at AI_forecasting\results\ml\forecasts\ward_150_water_demand_forecast.csv
2025-12-28 16:50:38,350 | INFO | Saved model at AI_forecasting\artifacts\ml\models\ward_150_congestion_index_lgb.joblib
2025-12-28 16:50:38,698 | INFO | Saved forecast at AI_forecasting\results\ml\forecasts\ward_150_congestion_index_forecast.csv
2025-12-28 16:50:39,190 | INFO | Saved model at AI_forecasting\artifacts\ml\models\ward_150_pm25_lgb.joblib
2025-12-28 16:50:39,570 | INFO | Saved forecast at AI_forecasting\results\ml\forecasts\ward_150_pm25_forecast.csv
2025-12-28 16:50:40,076 | INFO | Saved model at AI_forecasting\artifacts\ml\models\ward_151_electricity_demand_lgb.joblib
2025-12-28 16:50:40,427 | INFO | Saved forecast at AI_forecasting\results\ml\forecasts\ward_151_electricity_demand_forecast.csv
2025-12-28 16:50:40,933 | INFO | Saved model at AI_forecasting\artifacts\ml\models\ward_151_water_demand_lgb.joblib
2025-12-28 16:50:41,293 | INFO | Saved forecast at AI_forecasting\results\ml\forecasts\ward_151_water_demand_forecast.csv
2025-12-28 16:50:41,793 | INFO | Saved model at AI_forecasting\artifacts\ml\models\ward_151_congestion_index_lgb.joblib
2025-12-28 16:50:42,221 | INFO | Saved forecast at AI_forecasting\results\ml\forecasts\ward_151_congestion_index_forecast.csv
2025-12-28 16:50:42,763 | INFO | Saved model at AI_forecasting\artifacts\ml\models\ward_151_pm25_lgb.joblib
2025-12-28 16:50:43,146 | INFO | Saved forecast at AI_forecasting\results\ml\forecasts\ward_151_pm25_forecast.csv
2025-12-28 16:50:43,653 | INFO | Saved model at AI_forecasting\artifacts\ml\models\ward_152_electricity_demand_lgb.joblib
2025-12-28 16:50:44,007 | INFO | Saved forecast at AI_forecasting\results\ml\forecasts\ward_152_electricity_demand_forecast.csv
2025-12-28 16:50:44,517 | INFO | Saved model at AI_forecasting\artifacts\ml\models\ward_152_water_demand_lgb.joblib
2025-12-28 16:50:44,925 | INFO | Saved forecast at AI_forecasting\results\ml\forecasts\ward_152_water_demand_forecast.csv
2025-12-28 16:50:45,432 | INFO | Saved model at AI_forecasting\artifacts\ml\models\ward_152_congestion_index_lgb.joblib
2025-12-28 16:50:45,794 | INFO | Saved forecast at AI_forecasting\results\ml\forecasts\ward_152_congestion_index_forecast.csv
2025-12-28 16:50:46,287 | INFO | Saved model at AI_forecasting\artifacts\ml\models\ward_152_pm25_lgb.joblib
2025-12-28 16:50:46,639 | INFO | Saved forecast at AI_forecasting\results\ml\forecasts\ward_152_pm25_forecast.csv
2025-12-28 16:50:47,132 | INFO | Saved model at AI_forecasting\artifacts\ml\models\ward_153_electricity_demand_lgb.joblib
2025-12-28 16:50:47,561 | INFO | Saved forecast at AI_forecasting\results\ml\forecasts\ward_153_electricity_demand_forecast.csv
2025-12-28 16:50:48,120 | INFO | Saved model at AI_forecasting\artifacts\ml\models\ward_153_water_demand_lgb.joblib
2025-12-28 16:50:48,512 | INFO | Saved forecast at AI_forecasting\results\ml\forecasts\ward_153_water_demand_forecast.csv
2025-12-28 16:50:49,008 | INFO | Saved model at AI_forecasting\artifacts\ml\models\ward_153_congestion_index_lgb.joblib
2025-12-28 16:50:49,378 | INFO | Saved forecast at AI_forecasting\results\ml\forecasts\ward_153_congestion_index_forecast.csv
2025-12-28 16:50:49,881 | INFO | Saved model at AI_forecasting\artifacts\ml\models\ward_153_pm25_lgb.joblib
2025-12-28 16:50:50,239 | INFO | Saved forecast at AI_forecasting\results\ml\forecasts\ward_153_pm25_forecast.csv
2025-12-28 16:50:50,775 | INFO | Saved model at AI_forecasting\artifacts\ml\models\ward_154_electricity_demand_lgb.joblib
2025-12-28 16:50:51,173 | INFO | Saved forecast at AI_forecasting\results\ml\forecasts\ward_154_electricity_demand_forecast.csv
2025-12-28 16:50:51,722 | INFO | Saved model at AI_forecasting\artifacts\ml\models\ward_154_water_demand_lgb.joblib
2025-12-28 16:50:52,118 | INFO | Saved forecast at AI_forecasting\results\ml\forecasts\ward_154_water_demand_forecast.csv
2025-12-28 16:50:52,623 | INFO | Saved model at AI_forecasting\artifacts\ml\models\ward_154_congestion_index_lgb.joblib
2025-12-28 16:50:53,027 | INFO | Saved forecast at AI_forecasting\results\ml\forecasts\ward_154_congestion_index_forecast.csv
2025-12-28 16:50:53,541 | INFO | Saved model at AI_forecasting\artifacts\ml\models\ward_154_pm25_lgb.joblib
2025-12-28 16:50:53,940 | INFO | Saved forecast at AI_forecasting\results\ml\forecasts\ward_154_pm25_forecast.csv
2025-12-28 16:50:54,481 | INFO | Saved model at AI_forecasting\artifacts\ml\models\ward_155_electricity_demand_lgb.joblib
2025-12-28 16:50:54,861 | INFO | Saved forecast at AI_forecasting\results\ml\forecasts\ward_155_electricity_demand_forecast.csv
2025-12-28 16:50:55,385 | INFO | Saved model at AI_forecasting\artifacts\ml\models\ward_155_water_demand_lgb.joblib
2025-12-28 16:50:55,748 | INFO | Saved forecast at AI_forecasting\results\ml\forecasts\ward_155_water_demand_forecast.csv
2025-12-28 16:50:56,241 | INFO | Saved model at AI_forecasting\artifacts\ml\models\ward_155_congestion_index_lgb.joblib
2025-12-28 16:50:56,618 | INFO | Saved forecast at AI_forecasting\results\ml\forecasts\ward_155_congestion_index_forecast.csv
2025-12-28 16:50:57,132 | INFO | Saved model at AI_forecasting\artifacts\ml\models\ward_155_pm25_lgb.joblib
2025-12-28 16:50:57,521 | INFO | Saved forecast at AI_forecasting\results\ml\forecasts\ward_155_pm25_forecast.csv
2025-12-28 16:50:58,015 | INFO | Saved model at AI_forecasting\artifacts\ml\models\ward_156_electricity_demand_lgb.joblib
2025-12-28 16:50:58,401 | INFO | Saved forecast at AI_forecasting\results\ml\forecasts\ward_156_electricity_demand_forecast.csv
2025-12-28 16:50:58,885 | INFO | Saved model at AI_forecasting\artifacts\ml\models\ward_156_water_demand_lgb.joblib
2025-12-28 16:50:59,247 | INFO | Saved forecast at AI_forecasting\results\ml\forecasts\ward_156_water_demand_forecast.csv
2025-12-28 16:50:59,794 | INFO | Saved model at AI_forecasting\artifacts\ml\models\ward_156_congestion_index_lgb.joblib
2025-12-28 16:51:00,170 | INFO | Saved forecast at AI_forecasting\results\ml\forecasts\ward_156_congestion_index_forecast.csv
2025-12-28 16:51:00,690 | INFO | Saved model at AI_forecasting\artifacts\ml\models\ward_156_pm25_lgb.joblib
2025-12-28 16:51:01,082 | INFO | Saved forecast at AI_forecasting\results\ml\forecasts\ward_156_pm25_forecast.csv
2025-12-28 16:51:01,597 | INFO | Saved model at AI_forecasting\artifacts\ml\models\ward_157_electricity_demand_lgb.joblib
2025-12-28 16:51:01,957 | INFO | Saved forecast at AI_forecasting\results\ml\forecasts\ward_157_electricity_demand_forecast.csv
2025-12-28 16:51:02,492 | INFO | Saved model at AI_forecasting\artifacts\ml\models\ward_157_water_demand_lgb.joblib
2025-12-28 16:51:02,876 | INFO | Saved forecast at AI_forecasting\results\ml\forecasts\ward_157_water_demand_forecast.csv
2025-12-28 16:51:03,381 | INFO | Saved model at AI_forecasting\artifacts\ml\models\ward_157_congestion_index_lgb.joblib
2025-12-28 16:51:03,779 | INFO | Saved forecast at AI_forecasting\results\ml\forecasts\ward_157_congestion_index_forecast.csv
2025-12-28 16:51:04,277 | INFO | Saved model at AI_forecasting\artifacts\ml\models\ward_157_pm25_lgb.joblib
2025-12-28 16:51:04,643 | INFO | Saved forecast at AI_forecasting\results\ml\forecasts\ward_157_pm25_forecast.csv
2025-12-28 16:51:05,154 | INFO | Saved model at AI_forecasting\artifacts\ml\models\ward_158_electricity_demand_lgb.joblib
2025-12-28 16:51:05,502 | INFO | Saved forecast at AI_forecasting\results\ml\forecasts\ward_158_electricity_demand_forecast.csv
2025-12-28 16:51:06,005 | INFO | Saved model at AI_forecasting\artifacts\ml\models\ward_158_water_demand_lgb.joblib
2025-12-28 16:51:06,351 | INFO | Saved forecast at AI_forecasting\results\ml\forecasts\ward_158_water_demand_forecast.csv
2025-12-28 16:51:06,850 | INFO | Saved model at AI_forecasting\artifacts\ml\models\ward_158_congestion_index_lgb.joblib
2025-12-28 16:51:07,194 | INFO | Saved forecast at AI_forecasting\results\ml\forecasts\ward_158_congestion_index_forecast.csv
2025-12-28 16:51:07,691 | INFO | Saved model at AI_forecasting\artifacts\ml\models\ward_158_pm25_lgb.joblib
2025-12-28 16:51:08,085 | INFO | Saved forecast at AI_forecasting\results\ml\forecasts\ward_158_pm25_forecast.csv
2025-12-28 16:51:08,639 | INFO | Saved model at AI_forecasting\artifacts\ml\models\ward_159_electricity_demand_lgb.joblib
2025-12-28 16:51:09,018 | INFO | Saved forecast at AI_forecasting\results\ml\forecasts\ward_159_electricity_demand_forecast.csv
2025-12-28 16:51:09,530 | INFO | Saved model at AI_forecasting\artifacts\ml\models\ward_159_water_demand_lgb.joblib
2025-12-28 16:51:09,916 | INFO | Saved forecast at AI_forecasting\results\ml\forecasts\ward_159_water_demand_forecast.csv
2025-12-28 16:51:10,451 | INFO | Saved model at AI_forecasting\artifacts\ml\models\ward_159_congestion_index_lgb.joblib
2025-12-28 16:51:10,825 | INFO | Saved forecast at AI_forecasting\results\ml\forecasts\ward_159_congestion_index_forecast.csv
2025-12-28 16:51:11,332 | INFO | Saved model at AI_forecasting\artifacts\ml\models\ward_159_pm25_lgb.joblib
2025-12-28 16:51:11,713 | INFO | Saved forecast at AI_forecasting\results\ml\forecasts\ward_159_pm25_forecast.csv
2025-12-28 16:51:12,244 | INFO | Saved model at AI_forecasting\artifacts\ml\models\ward_16_electricity_demand_lgb.joblib
2025-12-28 16:51:12,629 | INFO | Saved forecast at AI_forecasting\results\ml\forecasts\ward_16_electricity_demand_forecast.csv
2025-12-28 16:51:13,140 | INFO | Saved model at AI_forecasting\artifacts\ml\models\ward_16_water_demand_lgb.joblib
2025-12-28 16:51:13,500 | INFO | Saved forecast at AI_forecasting\results\ml\forecasts\ward_16_water_demand_forecast.csv
2025-12-28 16:51:14,013 | INFO | Saved model at AI_forecasting\artifacts\ml\models\ward_16_congestion_index_lgb.joblib
2025-12-28 16:51:14,360 | INFO | Saved forecast at AI_forecasting\results\ml\forecasts\ward_16_congestion_index_forecast.csv
2025-12-28 16:51:14,882 | INFO | Saved model at AI_forecasting\artifacts\ml\models\ward_16_pm25_lgb.joblib
2025-12-28 16:51:15,231 | INFO | Saved forecast at AI_forecasting\results\ml\forecasts\ward_16_pm25_forecast.csv
2025-12-28 16:51:15,724 | INFO | Saved model at AI_forecasting\artifacts\ml\models\ward_160_electricity_demand_lgb.joblib
2025-12-28 16:51:16,082 | INFO | Saved forecast at AI_forecasting\results\ml\forecasts\ward_160_electricity_demand_forecast.csv
2025-12-28 16:51:16,582 | INFO | Saved model at AI_forecasting\artifacts\ml\models\ward_160_water_demand_lgb.joblib
2025-12-28 16:51:16,931 | INFO | Saved forecast at AI_forecasting\results\ml\forecasts\ward_160_water_demand_forecast.csv
2025-12-28 16:51:17,446 | INFO | Saved model at AI_forecasting\artifacts\ml\models\ward_160_congestion_index_lgb.joblib
2025-12-28 16:51:17,813 | INFO | Saved forecast at AI_forecasting\results\ml\forecasts\ward_160_congestion_index_forecast.csv
2025-12-28 16:51:18,323 | INFO | Saved model at AI_forecasting\artifacts\ml\models\ward_160_pm25_lgb.joblib
2025-12-28 16:51:18,686 | INFO | Saved forecast at AI_forecasting\results\ml\forecasts\ward_160_pm25_forecast.csv
2025-12-28 16:51:19,185 | INFO | Saved model at AI_forecasting\artifacts\ml\models\ward_161_electricity_demand_lgb.joblib
2025-12-28 16:51:19,528 | INFO | Saved forecast at AI_forecasting\results\ml\forecasts\ward_161_electricity_demand_forecast.csv
2025-12-28 16:51:20,020 | INFO | Saved model at AI_forecasting\artifacts\ml\models\ward_161_water_demand_lgb.joblib
2025-12-28 16:51:20,372 | INFO | Saved forecast at AI_forecasting\results\ml\forecasts\ward_161_water_demand_forecast.csv
2025-12-28 16:51:20,872 | INFO | Saved model at AI_forecasting\artifacts\ml\models\ward_161_congestion_index_lgb.joblib
2025-12-28 16:51:21,230 | INFO | Saved forecast at AI_forecasting\results\ml\forecasts\ward_161_congestion_index_forecast.csv
2025-12-28 16:51:21,718 | INFO | Saved model at AI_forecasting\artifacts\ml\models\ward_161_pm25_lgb.joblib
2025-12-28 16:51:22,146 | INFO | Saved forecast at AI_forecasting\results\ml\forecasts\ward_161_pm25_forecast.csv
2025-12-28 16:51:22,662 | INFO | Saved model at AI_forecasting\artifacts\ml\models\ward_162_electricity_demand_lgb.joblib
2025-12-28 16:51:23,060 | INFO | Saved forecast at AI_forecasting\results\ml\forecasts\ward_162_electricity_demand_forecast.csv
2025-12-28 16:51:23,569 | INFO | Saved model at AI_forecasting\artifacts\ml\models\ward_162_water_demand_lgb.joblib
2025-12-28 16:51:23,921 | INFO | Saved forecast at AI_forecasting\results\ml\forecasts\ward_162_water_demand_forecast.csv
2025-12-28 16:51:24,418 | INFO | Saved model at AI_forecasting\artifacts\ml\models\ward_162_congestion_index_lgb.joblib
2025-12-28 16:51:24,792 | INFO | Saved forecast at AI_forecasting\results\ml\forecasts\ward_162_congestion_index_forecast.csv
2025-12-28 16:51:25,281 | INFO | Saved model at AI_forecasting\artifacts\ml\models\ward_162_pm25_lgb.joblib
2025-12-28 16:51:25,634 | INFO | Saved forecast at AI_forecasting\results\ml\forecasts\ward_162_pm25_forecast.csv
2025-12-28 16:51:26,121 | INFO | Saved model at AI_forecasting\artifacts\ml\models\ward_163_electricity_demand_lgb.joblib
2025-12-28 16:51:26,487 | INFO | Saved forecast at AI_forecasting\results\ml\forecasts\ward_163_electricity_demand_forecast.csv
2025-12-28 16:51:26,982 | INFO | Saved model at AI_forecasting\artifacts\ml\models\ward_163_water_demand_lgb.joblib
2025-12-28 16:51:27,328 | INFO | Saved forecast at AI_forecasting\results\ml\forecasts\ward_163_water_demand_forecast.csv
2025-12-28 16:51:27,821 | INFO | Saved model at AI_forecasting\artifacts\ml\models\ward_163_congestion_index_lgb.joblib
2025-12-28 16:51:28,166 | INFO | Saved forecast at AI_forecasting\results\ml\forecasts\ward_163_congestion_index_forecast.csv
2025-12-28 16:51:28,653 | INFO | Saved model at AI_forecasting\artifacts\ml\models\ward_163_pm25_lgb.joblib
2025-12-28 16:51:28,996 | INFO | Saved forecast at AI_forecasting\results\ml\forecasts\ward_163_pm25_forecast.csv
2025-12-28 16:51:29,486 | INFO | Saved model at AI_forecasting\artifacts\ml\models\ward_164_electricity_demand_lgb.joblib
2025-12-28 16:51:29,833 | INFO | Saved forecast at AI_forecasting\results\ml\forecasts\ward_164_electricity_demand_forecast.csv
2025-12-28 16:51:30,334 | INFO | Saved model at AI_forecasting\artifacts\ml\models\ward_164_water_demand_lgb.joblib
2025-12-28 16:51:30,717 | INFO | Saved forecast at AI_forecasting\results\ml\forecasts\ward_164_water_demand_forecast.csv
2025-12-28 16:51:31,243 | INFO | Saved model at AI_forecasting\artifacts\ml\models\ward_164_congestion_index_lgb.joblib
2025-12-28 16:51:31,609 | INFO | Saved forecast at AI_forecasting\results\ml\forecasts\ward_164_congestion_index_forecast.csv
2025-12-28 16:51:32,102 | INFO | Saved model at AI_forecasting\artifacts\ml\models\ward_164_pm25_lgb.joblib
2025-12-28 16:51:32,454 | INFO | Saved forecast at AI_forecasting\results\ml\forecasts\ward_164_pm25_forecast.csv
2025-12-28 16:51:32,952 | INFO | Saved model at AI_forecasting\artifacts\ml\models\ward_165_electricity_demand_lgb.joblib
2025-12-28 16:51:33,303 | INFO | Saved forecast at AI_forecasting\results\ml\forecasts\ward_165_electricity_demand_forecast.csv
2025-12-28 16:51:33,835 | INFO | Saved model at AI_forecasting\artifacts\ml\models\ward_165_water_demand_lgb.joblib
2025-12-28 16:51:34,249 | INFO | Saved forecast at AI_forecasting\results\ml\forecasts\ward_165_water_demand_forecast.csv
2025-12-28 16:51:34,820 | INFO | Saved model at AI_forecasting\artifacts\ml\models\ward_165_congestion_index_lgb.joblib
2025-12-28 16:51:35,217 | INFO | Saved forecast at AI_forecasting\results\ml\forecasts\ward_165_congestion_index_forecast.csv
2025-12-28 16:51:35,735 | INFO | Saved model at AI_forecasting\artifacts\ml\models\ward_165_pm25_lgb.joblib
2025-12-28 16:51:36,127 | INFO | Saved forecast at AI_forecasting\results\ml\forecasts\ward_165_pm25_forecast.csv
2025-12-28 16:51:36,648 | INFO | Saved model at AI_forecasting\artifacts\ml\models\ward_166_electricity_demand_lgb.joblib
2025-12-28 16:51:37,038 | INFO | Saved forecast at AI_forecasting\results\ml\forecasts\ward_166_electricity_demand_forecast.csv
2025-12-28 16:51:37,541 | INFO | Saved model at AI_forecasting\artifacts\ml\models\ward_166_water_demand_lgb.joblib
2025-12-28 16:51:37,927 | INFO | Saved forecast at AI_forecasting\results\ml\forecasts\ward_166_water_demand_forecast.csv
2025-12-28 16:51:38,451 | INFO | Saved model at AI_forecasting\artifacts\ml\models\ward_166_congestion_index_lgb.joblib
2025-12-28 16:51:38,836 | INFO | Saved forecast at AI_forecasting\results\ml\forecasts\ward_166_congestion_index_forecast.csv
2025-12-28 16:51:39,356 | INFO | Saved model at AI_forecasting\artifacts\ml\models\ward_166_pm25_lgb.joblib
2025-12-28 16:51:39,746 | INFO | Saved forecast at AI_forecasting\results\ml\forecasts\ward_166_pm25_forecast.csv
2025-12-28 16:51:40,257 | INFO | Saved model at AI_forecasting\artifacts\ml\models\ward_167_electricity_demand_lgb.joblib
2025-12-28 16:51:40,614 | INFO | Saved forecast at AI_forecasting\results\ml\forecasts\ward_167_electricity_demand_forecast.csv
2025-12-28 16:51:41,123 | INFO | Saved model at AI_forecasting\artifacts\ml\models\ward_167_water_demand_lgb.joblib
2025-12-28 16:51:41,487 | INFO | Saved forecast at AI_forecasting\results\ml\forecasts\ward_167_water_demand_forecast.csv
2025-12-28 16:51:41,980 | INFO | Saved model at AI_forecasting\artifacts\ml\models\ward_167_congestion_index_lgb.joblib
2025-12-28 16:51:42,333 | INFO | Saved forecast at AI_forecasting\results\ml\forecasts\ward_167_congestion_index_forecast.csv
2025-12-28 16:51:42,834 | INFO | Saved model at AI_forecasting\artifacts\ml\models\ward_167_pm25_lgb.joblib
2025-12-28 16:51:43,195 | INFO | Saved forecast at AI_forecasting\results\ml\forecasts\ward_167_pm25_forecast.csv
2025-12-28 16:51:43,685 | INFO | Saved model at AI_forecasting\artifacts\ml\models\ward_168_electricity_demand_lgb.joblib
2025-12-28 16:51:44,082 | INFO | Saved forecast at AI_forecasting\results\ml\forecasts\ward_168_electricity_demand_forecast.csv
2025-12-28 16:51:44,603 | INFO | Saved model at AI_forecasting\artifacts\ml\models\ward_168_water_demand_lgb.joblib
2025-12-28 16:51:44,949 | INFO | Saved forecast at AI_forecasting\results\ml\forecasts\ward_168_water_demand_forecast.csv
2025-12-28 16:51:45,498 | INFO | Saved model at AI_forecasting\artifacts\ml\models\ward_168_congestion_index_lgb.joblib
2025-12-28 16:51:45,915 | INFO | Saved forecast at AI_forecasting\results\ml\forecasts\ward_168_congestion_index_forecast.csv
2025-12-28 16:51:46,412 | INFO | Saved model at AI_forecasting\artifacts\ml\models\ward_168_pm25_lgb.joblib
2025-12-28 16:51:46,812 | INFO | Saved forecast at AI_forecasting\results\ml\forecasts\ward_168_pm25_forecast.csv
2025-12-28 16:51:47,307 | INFO | Saved model at AI_forecasting\artifacts\ml\models\ward_169_electricity_demand_lgb.joblib
2025-12-28 16:51:47,661 | INFO | Saved forecast at AI_forecasting\results\ml\forecasts\ward_169_electricity_demand_forecast.csv
2025-12-28 16:51:48,153 | INFO | Saved model at AI_forecasting\artifacts\ml\models\ward_169_water_demand_lgb.joblib
2025-12-28 16:51:48,501 | INFO | Saved forecast at AI_forecasting\results\ml\forecasts\ward_169_water_demand_forecast.csv
2025-12-28 16:51:49,002 | INFO | Saved model at AI_forecasting\artifacts\ml\models\ward_169_congestion_index_lgb.joblib
2025-12-28 16:51:49,352 | INFO | Saved forecast at AI_forecasting\results\ml\forecasts\ward_169_congestion_index_forecast.csv
2025-12-28 16:51:49,837 | INFO | Saved model at AI_forecasting\artifacts\ml\models\ward_169_pm25_lgb.joblib
2025-12-28 16:51:50,179 | INFO | Saved forecast at AI_forecasting\results\ml\forecasts\ward_169_pm25_forecast.csv
2025-12-28 16:51:50,673 | INFO | Saved model at AI_forecasting\artifacts\ml\models\ward_17_electricity_demand_lgb.joblib
2025-12-28 16:51:51,026 | INFO | Saved forecast at AI_forecasting\results\ml\forecasts\ward_17_electricity_demand_forecast.csv
2025-12-28 16:51:51,527 | INFO | Saved model at AI_forecasting\artifacts\ml\models\ward_17_water_demand_lgb.joblib
2025-12-28 16:51:51,881 | INFO | Saved forecast at AI_forecasting\results\ml\forecasts\ward_17_water_demand_forecast.csv
2025-12-28 16:51:52,376 | INFO | Saved model at AI_forecasting\artifacts\ml\models\ward_17_congestion_index_lgb.joblib
2025-12-28 16:51:52,793 | INFO | Saved forecast at AI_forecasting\results\ml\forecasts\ward_17_congestion_index_forecast.csv
2025-12-28 16:51:53,314 | INFO | Saved model at AI_forecasting\artifacts\ml\models\ward_17_pm25_lgb.joblib
2025-12-28 16:51:53,664 | INFO | Saved forecast at AI_forecasting\results\ml\forecasts\ward_17_pm25_forecast.csv
2025-12-28 16:51:54,156 | INFO | Saved model at AI_forecasting\artifacts\ml\models\ward_170_electricity_demand_lgb.joblib
2025-12-28 16:51:54,504 | INFO | Saved forecast at AI_forecasting\results\ml\forecasts\ward_170_electricity_demand_forecast.csv
2025-12-28 16:51:54,995 | INFO | Saved model at AI_forecasting\artifacts\ml\models\ward_170_water_demand_lgb.joblib
2025-12-28 16:51:55,342 | INFO | Saved forecast at AI_forecasting\results\ml\forecasts\ward_170_water_demand_forecast.csv
2025-12-28 16:51:55,838 | INFO | Saved model at AI_forecasting\artifacts\ml\models\ward_170_congestion_index_lgb.joblib
2025-12-28 16:51:56,261 | INFO | Saved forecast at AI_forecasting\results\ml\forecasts\ward_170_congestion_index_forecast.csv
2025-12-28 16:51:56,750 | INFO | Saved model at AI_forecasting\artifacts\ml\models\ward_170_pm25_lgb.joblib
2025-12-28 16:51:57,158 | INFO | Saved forecast at AI_forecasting\results\ml\forecasts\ward_170_pm25_forecast.csv
2025-12-28 16:51:57,654 | INFO | Saved model at AI_forecasting\artifacts\ml\models\ward_171_electricity_demand_lgb.joblib
2025-12-28 16:51:58,057 | INFO | Saved forecast at AI_forecasting\results\ml\forecasts\ward_171_electricity_demand_forecast.csv
2025-12-28 16:51:58,552 | INFO | Saved model at AI_forecasting\artifacts\ml\models\ward_171_water_demand_lgb.joblib
2025-12-28 16:51:59,000 | INFO | Saved forecast at AI_forecasting\results\ml\forecasts\ward_171_water_demand_forecast.csv
2025-12-28 16:51:59,586 | INFO | Saved model at AI_forecasting\artifacts\ml\models\ward_171_congestion_index_lgb.joblib
2025-12-28 16:52:00,050 | INFO | Saved forecast at AI_forecasting\results\ml\forecasts\ward_171_congestion_index_forecast.csv
2025-12-28 16:52:00,617 | INFO | Saved model at AI_forecasting\artifacts\ml\models\ward_171_pm25_lgb.joblib
2025-12-28 16:52:00,983 | INFO | Saved forecast at AI_forecasting\results\ml\forecasts\ward_171_pm25_forecast.csv
2025-12-28 16:52:01,467 | INFO | Saved model at AI_forecasting\artifacts\ml\models\ward_172_electricity_demand_lgb.joblib
2025-12-28 16:52:01,817 | INFO | Saved forecast at AI_forecasting\results\ml\forecasts\ward_172_electricity_demand_forecast.csv
2025-12-28 16:52:02,303 | INFO | Saved model at AI_forecasting\artifacts\ml\models\ward_172_water_demand_lgb.joblib
2025-12-28 16:52:02,649 | INFO | Saved forecast at AI_forecasting\results\ml\forecasts\ward_172_water_demand_forecast.csv
2025-12-28 16:52:03,144 | INFO | Saved model at AI_forecasting\artifacts\ml\models\ward_172_congestion_index_lgb.joblib
2025-12-28 16:52:03,578 | INFO | Saved forecast at AI_forecasting\results\ml\forecasts\ward_172_congestion_index_forecast.csv
2025-12-28 16:52:04,075 | INFO | Saved model at AI_forecasting\artifacts\ml\models\ward_172_pm25_lgb.joblib
2025-12-28 16:52:04,421 | INFO | Saved forecast at AI_forecasting\results\ml\forecasts\ward_172_pm25_forecast.csv
2025-12-28 16:52:04,938 | INFO | Saved model at AI_forecasting\artifacts\ml\models\ward_173_electricity_demand_lgb.joblib
2025-12-28 16:52:05,285 | INFO | Saved forecast at AI_forecasting\results\ml\forecasts\ward_173_electricity_demand_forecast.csv
2025-12-28 16:52:05,767 | INFO | Saved model at AI_forecasting\artifacts\ml\models\ward_173_water_demand_lgb.joblib
2025-12-28 16:52:06,114 | INFO | Saved forecast at AI_forecasting\results\ml\forecasts\ward_173_water_demand_forecast.csv
2025-12-28 16:52:06,605 | INFO | Saved model at AI_forecasting\artifacts\ml\models\ward_173_congestion_index_lgb.joblib
2025-12-28 16:52:06,961 | INFO | Saved forecast at AI_forecasting\results\ml\forecasts\ward_173_congestion_index_forecast.csv
2025-12-28 16:52:07,445 | INFO | Saved model at AI_forecasting\artifacts\ml\models\ward_173_pm25_lgb.joblib
2025-12-28 16:52:07,791 | INFO | Saved forecast at AI_forecasting\results\ml\forecasts\ward_173_pm25_forecast.csv
2025-12-28 16:52:08,283 | INFO | Saved model at AI_forecasting\artifacts\ml\models\ward_174_electricity_demand_lgb.joblib
2025-12-28 16:52:08,633 | INFO | Saved forecast at AI_forecasting\results\ml\forecasts\ward_174_electricity_demand_forecast.csv
2025-12-28 16:52:09,124 | INFO | Saved model at AI_forecasting\artifacts\ml\models\ward_174_water_demand_lgb.joblib
2025-12-28 16:52:09,482 | INFO | Saved forecast at AI_forecasting\results\ml\forecasts\ward_174_water_demand_forecast.csv
2025-12-28 16:52:09,978 | INFO | Saved model at AI_forecasting\artifacts\ml\models\ward_174_congestion_index_lgb.joblib
2025-12-28 16:52:10,327 | INFO | Saved forecast at AI_forecasting\results\ml\forecasts\ward_174_congestion_index_forecast.csv
2025-12-28 16:52:10,804 | INFO | Saved model at AI_forecasting\artifacts\ml\models\ward_174_pm25_lgb.joblib
2025-12-28 16:52:11,152 | INFO | Saved forecast at AI_forecasting\results\ml\forecasts\ward_174_pm25_forecast.csv
2025-12-28 16:52:11,640 | INFO | Saved model at AI_forecasting\artifacts\ml\models\ward_175_electricity_demand_lgb.joblib
2025-12-28 16:52:11,987 | INFO | Saved forecast at AI_forecasting\results\ml\forecasts\ward_175_electricity_demand_forecast.csv
2025-12-28 16:52:12,477 | INFO | Saved model at AI_forecasting\artifacts\ml\models\ward_175_water_demand_lgb.joblib
2025-12-28 16:52:12,817 | INFO | Saved forecast at AI_forecasting\results\ml\forecasts\ward_175_water_demand_forecast.csv
2025-12-28 16:52:13,314 | INFO | Saved model at AI_forecasting\artifacts\ml\models\ward_175_congestion_index_lgb.joblib
2025-12-28 16:52:13,661 | INFO | Saved forecast at AI_forecasting\results\ml\forecasts\ward_175_congestion_index_forecast.csv
2025-12-28 16:52:14,144 | INFO | Saved model at AI_forecasting\artifacts\ml\models\ward_175_pm25_lgb.joblib
2025-12-28 16:52:14,488 | INFO | Saved forecast at AI_forecasting\results\ml\forecasts\ward_175_pm25_forecast.csv
2025-12-28 16:52:15,006 | INFO | Saved model at AI_forecasting\artifacts\ml\models\ward_176_electricity_demand_lgb.joblib
2025-12-28 16:52:15,393 | INFO | Saved forecast at AI_forecasting\results\ml\forecasts\ward_176_electricity_demand_forecast.csv
2025-12-28 16:52:15,882 | INFO | Saved model at AI_forecasting\artifacts\ml\models\ward_176_water_demand_lgb.joblib
2025-12-28 16:52:16,229 | INFO | Saved forecast at AI_forecasting\results\ml\forecasts\ward_176_water_demand_forecast.csv
2025-12-28 16:52:16,751 | INFO | Saved model at AI_forecasting\artifacts\ml\models\ward_176_congestion_index_lgb.joblib
2025-12-28 16:52:17,127 | INFO | Saved forecast at AI_forecasting\results\ml\forecasts\ward_176_congestion_index_forecast.csv
2025-12-28 16:52:17,639 | INFO | Saved model at AI_forecasting\artifacts\ml\models\ward_176_pm25_lgb.joblib
2025-12-28 16:52:18,019 | INFO | Saved forecast at AI_forecasting\results\ml\forecasts\ward_176_pm25_forecast.csv
2025-12-28 16:52:18,520 | INFO | Saved model at AI_forecasting\artifacts\ml\models\ward_177_electricity_demand_lgb.joblib
2025-12-28 16:52:18,870 | INFO | Saved forecast at AI_forecasting\results\ml\forecasts\ward_177_electricity_demand_forecast.csv
2025-12-28 16:52:19,378 | INFO | Saved model at AI_forecasting\artifacts\ml\models\ward_177_water_demand_lgb.joblib
2025-12-28 16:52:19,728 | INFO | Saved forecast at AI_forecasting\results\ml\forecasts\ward_177_water_demand_forecast.csv
2025-12-28 16:52:20,223 | INFO | Saved model at AI_forecasting\artifacts\ml\models\ward_177_congestion_index_lgb.joblib
2025-12-28 16:52:20,573 | INFO | Saved forecast at AI_forecasting\results\ml\forecasts\ward_177_congestion_index_forecast.csv
2025-12-28 16:52:21,097 | INFO | Saved model at AI_forecasting\artifacts\ml\models\ward_177_pm25_lgb.joblib
2025-12-28 16:52:21,449 | INFO | Saved forecast at AI_forecasting\results\ml\forecasts\ward_177_pm25_forecast.csv
2025-12-28 16:52:21,951 | INFO | Saved model at AI_forecasting\artifacts\ml\models\ward_178_electricity_demand_lgb.joblib
2025-12-28 16:52:22,313 | INFO | Saved forecast at AI_forecasting\results\ml\forecasts\ward_178_electricity_demand_forecast.csv
2025-12-28 16:52:22,808 | INFO | Saved model at AI_forecasting\artifacts\ml\models\ward_178_water_demand_lgb.joblib
2025-12-28 16:52:23,171 | INFO | Saved forecast at AI_forecasting\results\ml\forecasts\ward_178_water_demand_forecast.csv
2025-12-28 16:52:23,656 | INFO | Saved model at AI_forecasting\artifacts\ml\models\ward_178_congestion_index_lgb.joblib
2025-12-28 16:52:24,009 | INFO | Saved forecast at AI_forecasting\results\ml\forecasts\ward_178_congestion_index_forecast.csv
2025-12-28 16:52:24,496 | INFO | Saved model at AI_forecasting\artifacts\ml\models\ward_178_pm25_lgb.joblib
2025-12-28 16:52:24,844 | INFO | Saved forecast at AI_forecasting\results\ml\forecasts\ward_178_pm25_forecast.csv
2025-12-28 16:52:25,336 | INFO | Saved model at AI_forecasting\artifacts\ml\models\ward_179_electricity_demand_lgb.joblib
2025-12-28 16:52:25,685 | INFO | Saved forecast at AI_forecasting\results\ml\forecasts\ward_179_electricity_demand_forecast.csv
2025-12-28 16:52:26,181 | INFO | Saved model at AI_forecasting\artifacts\ml\models\ward_179_water_demand_lgb.joblib
2025-12-28 16:52:26,529 | INFO | Saved forecast at AI_forecasting\results\ml\forecasts\ward_179_water_demand_forecast.csv
2025-12-28 16:52:27,025 | INFO | Saved model at AI_forecasting\artifacts\ml\models\ward_179_congestion_index_lgb.joblib
2025-12-28 16:52:27,377 | INFO | Saved forecast at AI_forecasting\results\ml\forecasts\ward_179_congestion_index_forecast.csv
2025-12-28 16:52:27,865 | INFO | Saved model at AI_forecasting\artifacts\ml\models\ward_179_pm25_lgb.joblib
2025-12-28 16:52:28,215 | INFO | Saved forecast at AI_forecasting\results\ml\forecasts\ward_179_pm25_forecast.csv
2025-12-28 16:52:28,719 | INFO | Saved model at AI_forecasting\artifacts\ml\models\ward_18_electricity_demand_lgb.joblib
2025-12-28 16:52:29,069 | INFO | Saved forecast at AI_forecasting\results\ml\forecasts\ward_18_electricity_demand_forecast.csv
2025-12-28 16:52:29,570 | INFO | Saved model at AI_forecasting\artifacts\ml\models\ward_18_water_demand_lgb.joblib
2025-12-28 16:52:29,922 | INFO | Saved forecast at AI_forecasting\results\ml\forecasts\ward_18_water_demand_forecast.csv
2025-12-28 16:52:30,416 | INFO | Saved model at AI_forecasting\artifacts\ml\models\ward_18_congestion_index_lgb.joblib
2025-12-28 16:52:30,762 | INFO | Saved forecast at AI_forecasting\results\ml\forecasts\ward_18_congestion_index_forecast.csv
2025-12-28 16:52:31,257 | INFO | Saved model at AI_forecasting\artifacts\ml\models\ward_18_pm25_lgb.joblib
2025-12-28 16:52:31,613 | INFO | Saved forecast at AI_forecasting\results\ml\forecasts\ward_18_pm25_forecast.csv
2025-12-28 16:52:32,120 | INFO | Saved model at AI_forecasting\artifacts\ml\models\ward_180_electricity_demand_lgb.joblib
2025-12-28 16:52:32,577 | INFO | Saved forecast at AI_forecasting\results\ml\forecasts\ward_180_electricity_demand_forecast.csv
2025-12-28 16:52:33,076 | INFO | Saved model at AI_forecasting\artifacts\ml\models\ward_180_water_demand_lgb.joblib
2025-12-28 16:52:33,422 | INFO | Saved forecast at AI_forecasting\results\ml\forecasts\ward_180_water_demand_forecast.csv
2025-12-28 16:52:33,914 | INFO | Saved model at AI_forecasting\artifacts\ml\models\ward_180_congestion_index_lgb.joblib
2025-12-28 16:52:34,256 | INFO | Saved forecast at AI_forecasting\results\ml\forecasts\ward_180_congestion_index_forecast.csv
2025-12-28 16:52:34,779 | INFO | Saved model at AI_forecasting\artifacts\ml\models\ward_180_pm25_lgb.joblib
2025-12-28 16:52:35,159 | INFO | Saved forecast at AI_forecasting\results\ml\forecasts\ward_180_pm25_forecast.csv
2025-12-28 16:52:35,691 | INFO | Saved model at AI_forecasting\artifacts\ml\models\ward_181_electricity_demand_lgb.joblib
2025-12-28 16:52:36,047 | INFO | Saved forecast at AI_forecasting\results\ml\forecasts\ward_181_electricity_demand_forecast.csv
2025-12-28 16:52:36,558 | INFO | Saved model at AI_forecasting\artifacts\ml\models\ward_181_water_demand_lgb.joblib
2025-12-28 16:52:36,902 | INFO | Saved forecast at AI_forecasting\results\ml\forecasts\ward_181_water_demand_forecast.csv
2025-12-28 16:52:37,400 | INFO | Saved model at AI_forecasting\artifacts\ml\models\ward_181_congestion_index_lgb.joblib
2025-12-28 16:52:37,752 | INFO | Saved forecast at AI_forecasting\results\ml\forecasts\ward_181_congestion_index_forecast.csv
2025-12-28 16:52:38,268 | INFO | Saved model at AI_forecasting\artifacts\ml\models\ward_181_pm25_lgb.joblib
2025-12-28 16:52:38,623 | INFO | Saved forecast at AI_forecasting\results\ml\forecasts\ward_181_pm25_forecast.csv
2025-12-28 16:52:39,124 | INFO | Saved model at AI_forecasting\artifacts\ml\models\ward_182_electricity_demand_lgb.joblib
2025-12-28 16:52:39,485 | INFO | Saved forecast at AI_forecasting\results\ml\forecasts\ward_182_electricity_demand_forecast.csv
2025-12-28 16:52:39,990 | INFO | Saved model at AI_forecasting\artifacts\ml\models\ward_182_water_demand_lgb.joblib
2025-12-28 16:52:40,332 | INFO | Saved forecast at AI_forecasting\results\ml\forecasts\ward_182_water_demand_forecast.csv
2025-12-28 16:52:40,857 | INFO | Saved model at AI_forecasting\artifacts\ml\models\ward_182_congestion_index_lgb.joblib
2025-12-28 16:52:41,208 | INFO | Saved forecast at AI_forecasting\results\ml\forecasts\ward_182_congestion_index_forecast.csv
2025-12-28 16:52:41,717 | INFO | Saved model at AI_forecasting\artifacts\ml\models\ward_182_pm25_lgb.joblib
2025-12-28 16:52:42,066 | INFO | Saved forecast at AI_forecasting\results\ml\forecasts\ward_182_pm25_forecast.csv
2025-12-28 16:52:42,560 | INFO | Saved model at AI_forecasting\artifacts\ml\models\ward_183_electricity_demand_lgb.joblib
2025-12-28 16:52:42,911 | INFO | Saved forecast at AI_forecasting\results\ml\forecasts\ward_183_electricity_demand_forecast.csv
2025-12-28 16:52:43,409 | INFO | Saved model at AI_forecasting\artifacts\ml\models\ward_183_water_demand_lgb.joblib
2025-12-28 16:52:43,759 | INFO | Saved forecast at AI_forecasting\results\ml\forecasts\ward_183_water_demand_forecast.csv
2025-12-28 16:52:44,254 | INFO | Saved model at AI_forecasting\artifacts\ml\models\ward_183_congestion_index_lgb.joblib
2025-12-28 16:52:44,628 | INFO | Saved forecast at AI_forecasting\results\ml\forecasts\ward_183_congestion_index_forecast.csv
2025-12-28 16:52:45,128 | INFO | Saved model at AI_forecasting\artifacts\ml\models\ward_183_pm25_lgb.joblib
2025-12-28 16:52:45,528 | INFO | Saved forecast at AI_forecasting\results\ml\forecasts\ward_183_pm25_forecast.csv
2025-12-28 16:52:46,044 | INFO | Saved model at AI_forecasting\artifacts\ml\models\ward_184_electricity_demand_lgb.joblib
2025-12-28 16:52:46,401 | INFO | Saved forecast at AI_forecasting\results\ml\forecasts\ward_184_electricity_demand_forecast.csv
2025-12-28 16:52:46,903 | INFO | Saved model at AI_forecasting\artifacts\ml\models\ward_184_water_demand_lgb.joblib
2025-12-28 16:52:47,254 | INFO | Saved forecast at AI_forecasting\results\ml\forecasts\ward_184_water_demand_forecast.csv
2025-12-28 16:52:47,758 | INFO | Saved model at AI_forecasting\artifacts\ml\models\ward_184_congestion_index_lgb.joblib
2025-12-28 16:52:48,109 | INFO | Saved forecast at AI_forecasting\results\ml\forecasts\ward_184_congestion_index_forecast.csv
2025-12-28 16:52:48,604 | INFO | Saved model at AI_forecasting\artifacts\ml\models\ward_184_pm25_lgb.joblib
2025-12-28 16:52:48,953 | INFO | Saved forecast at AI_forecasting\results\ml\forecasts\ward_184_pm25_forecast.csv
2025-12-28 16:52:49,440 | INFO | Saved model at AI_forecasting\artifacts\ml\models\ward_185_electricity_demand_lgb.joblib
2025-12-28 16:52:49,788 | INFO | Saved forecast at AI_forecasting\results\ml\forecasts\ward_185_electricity_demand_forecast.csv
2025-12-28 16:52:50,278 | INFO | Saved model at AI_forecasting\artifacts\ml\models\ward_185_water_demand_lgb.joblib
2025-12-28 16:52:50,632 | INFO | Saved forecast at AI_forecasting\results\ml\forecasts\ward_185_water_demand_forecast.csv
2025-12-28 16:52:51,134 | INFO | Saved model at AI_forecasting\artifacts\ml\models\ward_185_congestion_index_lgb.joblib
2025-12-28 16:52:51,515 | INFO | Saved forecast at AI_forecasting\results\ml\forecasts\ward_185_congestion_index_forecast.csv
2025-12-28 16:52:52,002 | INFO | Saved model at AI_forecasting\artifacts\ml\models\ward_185_pm25_lgb.joblib
2025-12-28 16:52:52,348 | INFO | Saved forecast at AI_forecasting\results\ml\forecasts\ward_185_pm25_forecast.csv
2025-12-28 16:52:52,835 | INFO | Saved model at AI_forecasting\artifacts\ml\models\ward_186_electricity_demand_lgb.joblib
2025-12-28 16:52:53,182 | INFO | Saved forecast at AI_forecasting\results\ml\forecasts\ward_186_electricity_demand_forecast.csv
2025-12-28 16:52:53,678 | INFO | Saved model at AI_forecasting\artifacts\ml\models\ward_186_water_demand_lgb.joblib
2025-12-28 16:52:54,031 | INFO | Saved forecast at AI_forecasting\results\ml\forecasts\ward_186_water_demand_forecast.csv
2025-12-28 16:52:54,530 | INFO | Saved model at AI_forecasting\artifacts\ml\models\ward_186_congestion_index_lgb.joblib
2025-12-28 16:52:54,884 | INFO | Saved forecast at AI_forecasting\results\ml\forecasts\ward_186_congestion_index_forecast.csv
2025-12-28 16:52:55,370 | INFO | Saved model at AI_forecasting\artifacts\ml\models\ward_186_pm25_lgb.joblib
2025-12-28 16:52:55,719 | INFO | Saved forecast at AI_forecasting\results\ml\forecasts\ward_186_pm25_forecast.csv
2025-12-28 16:52:56,214 | INFO | Saved model at AI_forecasting\artifacts\ml\models\ward_187_electricity_demand_lgb.joblib
2025-12-28 16:52:56,565 | INFO | Saved forecast at AI_forecasting\results\ml\forecasts\ward_187_electricity_demand_forecast.csv
2025-12-28 16:52:57,055 | INFO | Saved model at AI_forecasting\artifacts\ml\models\ward_187_water_demand_lgb.joblib
2025-12-28 16:52:57,407 | INFO | Saved forecast at AI_forecasting\results\ml\forecasts\ward_187_water_demand_forecast.csv
2025-12-28 16:52:57,911 | INFO | Saved model at AI_forecasting\artifacts\ml\models\ward_187_congestion_index_lgb.joblib
2025-12-28 16:52:58,260 | INFO | Saved forecast at AI_forecasting\results\ml\forecasts\ward_187_congestion_index_forecast.csv
2025-12-28 16:52:58,770 | INFO | Saved model at AI_forecasting\artifacts\ml\models\ward_187_pm25_lgb.joblib
2025-12-28 16:52:59,118 | INFO | Saved forecast at AI_forecasting\results\ml\forecasts\ward_187_pm25_forecast.csv
2025-12-28 16:52:59,656 | INFO | Saved model at AI_forecasting\artifacts\ml\models\ward_188_electricity_demand_lgb.joblib
2025-12-28 16:53:00,055 | INFO | Saved forecast at AI_forecasting\results\ml\forecasts\ward_188_electricity_demand_forecast.csv
2025-12-28 16:53:00,532 | INFO | Saved model at AI_forecasting\artifacts\ml\models\ward_188_water_demand_lgb.joblib
2025-12-28 16:53:00,879 | INFO | Saved forecast at AI_forecasting\results\ml\forecasts\ward_188_water_demand_forecast.csv
2025-12-28 16:53:01,391 | INFO | Saved model at AI_forecasting\artifacts\ml\models\ward_188_congestion_index_lgb.joblib
2025-12-28 16:53:01,741 | INFO | Saved forecast at AI_forecasting\results\ml\forecasts\ward_188_congestion_index_forecast.csv
2025-12-28 16:53:02,223 | INFO | Saved model at AI_forecasting\artifacts\ml\models\ward_188_pm25_lgb.joblib
2025-12-28 16:53:02,573 | INFO | Saved forecast at AI_forecasting\results\ml\forecasts\ward_188_pm25_forecast.csv
2025-12-28 16:53:03,067 | INFO | Saved model at AI_forecasting\artifacts\ml\models\ward_189_electricity_demand_lgb.joblib
2025-12-28 16:53:03,426 | INFO | Saved forecast at AI_forecasting\results\ml\forecasts\ward_189_electricity_demand_forecast.csv
2025-12-28 16:53:03,937 | INFO | Saved model at AI_forecasting\artifacts\ml\models\ward_189_water_demand_lgb.joblib
2025-12-28 16:53:04,292 | INFO | Saved forecast at AI_forecasting\results\ml\forecasts\ward_189_water_demand_forecast.csv
2025-12-28 16:53:04,791 | INFO | Saved model at AI_forecasting\artifacts\ml\models\ward_189_congestion_index_lgb.joblib
2025-12-28 16:53:05,139 | INFO | Saved forecast at AI_forecasting\results\ml\forecasts\ward_189_congestion_index_forecast.csv
2025-12-28 16:53:05,628 | INFO | Saved model at AI_forecasting\artifacts\ml\models\ward_189_pm25_lgb.joblib
2025-12-28 16:53:05,990 | INFO | Saved forecast at AI_forecasting\results\ml\forecasts\ward_189_pm25_forecast.csv
2025-12-28 16:53:06,487 | INFO | Saved model at AI_forecasting\artifacts\ml\models\ward_19_electricity_demand_lgb.joblib
2025-12-28 16:53:06,836 | INFO | Saved forecast at AI_forecasting\results\ml\forecasts\ward_19_electricity_demand_forecast.csv
2025-12-28 16:53:07,350 | INFO | Saved model at AI_forecasting\artifacts\ml\models\ward_19_water_demand_lgb.joblib
2025-12-28 16:53:07,711 | INFO | Saved forecast at AI_forecasting\results\ml\forecasts\ward_19_water_demand_forecast.csv
2025-12-28 16:53:08,238 | INFO | Saved model at AI_forecasting\artifacts\ml\models\ward_19_congestion_index_lgb.joblib
2025-12-28 16:53:08,615 | INFO | Saved forecast at AI_forecasting\results\ml\forecasts\ward_19_congestion_index_forecast.csv
2025-12-28 16:53:09,098 | INFO | Saved model at AI_forecasting\artifacts\ml\models\ward_19_pm25_lgb.joblib
2025-12-28 16:53:09,463 | INFO | Saved forecast at AI_forecasting\results\ml\forecasts\ward_19_pm25_forecast.csv
2025-12-28 16:53:09,943 | INFO | Saved model at AI_forecasting\artifacts\ml\models\ward_190_electricity_demand_lgb.joblib
2025-12-28 16:53:10,286 | INFO | Saved forecast at AI_forecasting\results\ml\forecasts\ward_190_electricity_demand_forecast.csv
2025-12-28 16:53:10,773 | INFO | Saved model at AI_forecasting\artifacts\ml\models\ward_190_water_demand_lgb.joblib
2025-12-28 16:53:11,120 | INFO | Saved forecast at AI_forecasting\results\ml\forecasts\ward_190_water_demand_forecast.csv
2025-12-28 16:53:11,614 | INFO | Saved model at AI_forecasting\artifacts\ml\models\ward_190_congestion_index_lgb.joblib
2025-12-28 16:53:11,965 | INFO | Saved forecast at AI_forecasting\results\ml\forecasts\ward_190_congestion_index_forecast.csv
2025-12-28 16:53:12,448 | INFO | Saved model at AI_forecasting\artifacts\ml\models\ward_190_pm25_lgb.joblib
2025-12-28 16:53:12,799 | INFO | Saved forecast at AI_forecasting\results\ml\forecasts\ward_190_pm25_forecast.csv
2025-12-28 16:53:13,292 | INFO | Saved model at AI_forecasting\artifacts\ml\models\ward_191_electricity_demand_lgb.joblib
2025-12-28 16:53:13,638 | INFO | Saved forecast at AI_forecasting\results\ml\forecasts\ward_191_electricity_demand_forecast.csv
2025-12-28 16:53:14,139 | INFO | Saved model at AI_forecasting\artifacts\ml\models\ward_191_water_demand_lgb.joblib
2025-12-28 16:53:14,487 | INFO | Saved forecast at AI_forecasting\results\ml\forecasts\ward_191_water_demand_forecast.csv
2025-12-28 16:53:14,987 | INFO | Saved model at AI_forecasting\artifacts\ml\models\ward_191_congestion_index_lgb.joblib
2025-12-28 16:53:15,336 | INFO | Saved forecast at AI_forecasting\results\ml\forecasts\ward_191_congestion_index_forecast.csv
2025-12-28 16:53:15,823 | INFO | Saved model at AI_forecasting\artifacts\ml\models\ward_191_pm25_lgb.joblib
2025-12-28 16:53:16,169 | INFO | Saved forecast at AI_forecasting\results\ml\forecasts\ward_191_pm25_forecast.csv
2025-12-28 16:53:16,660 | INFO | Saved model at AI_forecasting\artifacts\ml\models\ward_192_electricity_demand_lgb.joblib
2025-12-28 16:53:17,006 | INFO | Saved forecast at AI_forecasting\results\ml\forecasts\ward_192_electricity_demand_forecast.csv
2025-12-28 16:53:17,502 | INFO | Saved model at AI_forecasting\artifacts\ml\models\ward_192_water_demand_lgb.joblib
2025-12-28 16:53:17,849 | INFO | Saved forecast at AI_forecasting\results\ml\forecasts\ward_192_water_demand_forecast.csv
2025-12-28 16:53:18,344 | INFO | Saved model at AI_forecasting\artifacts\ml\models\ward_192_congestion_index_lgb.joblib
2025-12-28 16:53:18,695 | INFO | Saved forecast at AI_forecasting\results\ml\forecasts\ward_192_congestion_index_forecast.csv
2025-12-28 16:53:19,181 | INFO | Saved model at AI_forecasting\artifacts\ml\models\ward_192_pm25_lgb.joblib
2025-12-28 16:53:19,532 | INFO | Saved forecast at AI_forecasting\results\ml\forecasts\ward_192_pm25_forecast.csv
2025-12-28 16:53:20,053 | INFO | Saved model at AI_forecasting\artifacts\ml\models\ward_193_electricity_demand_lgb.joblib
2025-12-28 16:53:20,402 | INFO | Saved forecast at AI_forecasting\results\ml\forecasts\ward_193_electricity_demand_forecast.csv
2025-12-28 16:53:20,900 | INFO | Saved model at AI_forecasting\artifacts\ml\models\ward_193_water_demand_lgb.joblib
2025-12-28 16:53:21,249 | INFO | Saved forecast at AI_forecasting\results\ml\forecasts\ward_193_water_demand_forecast.csv
2025-12-28 16:53:21,741 | INFO | Saved model at AI_forecasting\artifacts\ml\models\ward_193_congestion_index_lgb.joblib
2025-12-28 16:53:22,095 | INFO | Saved forecast at AI_forecasting\results\ml\forecasts\ward_193_congestion_index_forecast.csv
2025-12-28 16:53:22,582 | INFO | Saved model at AI_forecasting\artifacts\ml\models\ward_193_pm25_lgb.joblib
2025-12-28 16:53:22,932 | INFO | Saved forecast at AI_forecasting\results\ml\forecasts\ward_193_pm25_forecast.csv
2025-12-28 16:53:23,422 | INFO | Saved model at AI_forecasting\artifacts\ml\models\ward_194_electricity_demand_lgb.joblib
2025-12-28 16:53:23,768 | INFO | Saved forecast at AI_forecasting\results\ml\forecasts\ward_194_electricity_demand_forecast.csv
2025-12-28 16:53:24,257 | INFO | Saved model at AI_forecasting\artifacts\ml\models\ward_194_water_demand_lgb.joblib
2025-12-28 16:53:24,598 | INFO | Saved forecast at AI_forecasting\results\ml\forecasts\ward_194_water_demand_forecast.csv
2025-12-28 16:53:25,101 | INFO | Saved model at AI_forecasting\artifacts\ml\models\ward_194_congestion_index_lgb.joblib
2025-12-28 16:53:25,468 | INFO | Saved forecast at AI_forecasting\results\ml\forecasts\ward_194_congestion_index_forecast.csv
2025-12-28 16:53:25,955 | INFO | Saved model at AI_forecasting\artifacts\ml\models\ward_194_pm25_lgb.joblib
2025-12-28 16:53:26,304 | INFO | Saved forecast at AI_forecasting\results\ml\forecasts\ward_194_pm25_forecast.csv
2025-12-28 16:53:26,801 | INFO | Saved model at AI_forecasting\artifacts\ml\models\ward_195_electricity_demand_lgb.joblib
2025-12-28 16:53:27,149 | INFO | Saved forecast at AI_forecasting\results\ml\forecasts\ward_195_electricity_demand_forecast.csv
2025-12-28 16:53:27,644 | INFO | Saved model at AI_forecasting\artifacts\ml\models\ward_195_water_demand_lgb.joblib
2025-12-28 16:53:27,992 | INFO | Saved forecast at AI_forecasting\results\ml\forecasts\ward_195_water_demand_forecast.csv
2025-12-28 16:53:28,492 | INFO | Saved model at AI_forecasting\artifacts\ml\models\ward_195_congestion_index_lgb.joblib
2025-12-28 16:53:28,839 | INFO | Saved forecast at AI_forecasting\results\ml\forecasts\ward_195_congestion_index_forecast.csv
2025-12-28 16:53:29,320 | INFO | Saved model at AI_forecasting\artifacts\ml\models\ward_195_pm25_lgb.joblib
2025-12-28 16:53:29,665 | INFO | Saved forecast at AI_forecasting\results\ml\forecasts\ward_195_pm25_forecast.csv
2025-12-28 16:53:30,149 | INFO | Saved model at AI_forecasting\artifacts\ml\models\ward_196_electricity_demand_lgb.joblib
2025-12-28 16:53:30,497 | INFO | Saved forecast at AI_forecasting\results\ml\forecasts\ward_196_electricity_demand_forecast.csv
2025-12-28 16:53:30,994 | INFO | Saved model at AI_forecasting\artifacts\ml\models\ward_196_water_demand_lgb.joblib
2025-12-28 16:53:31,343 | INFO | Saved forecast at AI_forecasting\results\ml\forecasts\ward_196_water_demand_forecast.csv
2025-12-28 16:53:31,854 | INFO | Saved model at AI_forecasting\artifacts\ml\models\ward_196_congestion_index_lgb.joblib
2025-12-28 16:53:32,213 | INFO | Saved forecast at AI_forecasting\results\ml\forecasts\ward_196_congestion_index_forecast.csv
2025-12-28 16:53:32,750 | INFO | Saved model at AI_forecasting\artifacts\ml\models\ward_196_pm25_lgb.joblib
2025-12-28 16:53:33,115 | INFO | Saved forecast at AI_forecasting\results\ml\forecasts\ward_196_pm25_forecast.csv
2025-12-28 16:53:33,610 | INFO | Saved model at AI_forecasting\artifacts\ml\models\ward_197_electricity_demand_lgb.joblib
2025-12-28 16:53:33,968 | INFO | Saved forecast at AI_forecasting\results\ml\forecasts\ward_197_electricity_demand_forecast.csv
2025-12-28 16:53:34,473 | INFO | Saved model at AI_forecasting\artifacts\ml\models\ward_197_water_demand_lgb.joblib
2025-12-28 16:53:34,863 | INFO | Saved forecast at AI_forecasting\results\ml\forecasts\ward_197_water_demand_forecast.csv
2025-12-28 16:53:35,354 | INFO | Saved model at AI_forecasting\artifacts\ml\models\ward_197_congestion_index_lgb.joblib
2025-12-28 16:53:35,703 | INFO | Saved forecast at AI_forecasting\results\ml\forecasts\ward_197_congestion_index_forecast.csv
2025-12-28 16:53:36,197 | INFO | Saved model at AI_forecasting\artifacts\ml\models\ward_197_pm25_lgb.joblib
2025-12-28 16:53:36,550 | INFO | Saved forecast at AI_forecasting\results\ml\forecasts\ward_197_pm25_forecast.csv
2025-12-28 16:53:37,033 | INFO | Saved model at AI_forecasting\artifacts\ml\models\ward_198_electricity_demand_lgb.joblib
2025-12-28 16:53:37,387 | INFO | Saved forecast at AI_forecasting\results\ml\forecasts\ward_198_electricity_demand_forecast.csv
2025-12-28 16:53:37,886 | INFO | Saved model at AI_forecasting\artifacts\ml\models\ward_198_water_demand_lgb.joblib
2025-12-28 16:53:38,242 | INFO | Saved forecast at AI_forecasting\results\ml\forecasts\ward_198_water_demand_forecast.csv
2025-12-28 16:53:38,741 | INFO | Saved model at AI_forecasting\artifacts\ml\models\ward_198_congestion_index_lgb.joblib
2025-12-28 16:53:39,099 | INFO | Saved forecast at AI_forecasting\results\ml\forecasts\ward_198_congestion_index_forecast.csv
2025-12-28 16:53:39,597 | INFO | Saved model at AI_forecasting\artifacts\ml\models\ward_198_pm25_lgb.joblib
2025-12-28 16:53:39,964 | INFO | Saved forecast at AI_forecasting\results\ml\forecasts\ward_198_pm25_forecast.csv
2025-12-28 16:53:40,460 | INFO | Saved model at AI_forecasting\artifacts\ml\models\ward_2_electricity_demand_lgb.joblib
2025-12-28 16:53:40,829 | INFO | Saved forecast at AI_forecasting\results\ml\forecasts\ward_2_electricity_demand_forecast.csv
2025-12-28 16:53:41,326 | INFO | Saved model at AI_forecasting\artifacts\ml\models\ward_2_water_demand_lgb.joblib
2025-12-28 16:53:41,671 | INFO | Saved forecast at AI_forecasting\results\ml\forecasts\ward_2_water_demand_forecast.csv
2025-12-28 16:53:42,167 | INFO | Saved model at AI_forecasting\artifacts\ml\models\ward_2_congestion_index_lgb.joblib
2025-12-28 16:53:42,518 | INFO | Saved forecast at AI_forecasting\results\ml\forecasts\ward_2_congestion_index_forecast.csv
2025-12-28 16:53:43,016 | INFO | Saved model at AI_forecasting\artifacts\ml\models\ward_2_pm25_lgb.joblib
2025-12-28 16:53:43,371 | INFO | Saved forecast at AI_forecasting\results\ml\forecasts\ward_2_pm25_forecast.csv
2025-12-28 16:53:43,877 | INFO | Saved model at AI_forecasting\artifacts\ml\models\ward_20_electricity_demand_lgb.joblib
2025-12-28 16:53:44,231 | INFO | Saved forecast at AI_forecasting\results\ml\forecasts\ward_20_electricity_demand_forecast.csv
2025-12-28 16:53:44,721 | INFO | Saved model at AI_forecasting\artifacts\ml\models\ward_20_water_demand_lgb.joblib
2025-12-28 16:53:45,071 | INFO | Saved forecast at AI_forecasting\results\ml\forecasts\ward_20_water_demand_forecast.csv
2025-12-28 16:53:45,582 | INFO | Saved model at AI_forecasting\artifacts\ml\models\ward_20_congestion_index_lgb.joblib
2025-12-28 16:53:45,945 | INFO | Saved forecast at AI_forecasting\results\ml\forecasts\ward_20_congestion_index_forecast.csv
2025-12-28 16:53:46,453 | INFO | Saved model at AI_forecasting\artifacts\ml\models\ward_20_pm25_lgb.joblib
2025-12-28 16:53:46,832 | INFO | Saved forecast at AI_forecasting\results\ml\forecasts\ward_20_pm25_forecast.csv
2025-12-28 16:53:47,326 | INFO | Saved model at AI_forecasting\artifacts\ml\models\ward_21_electricity_demand_lgb.joblib
2025-12-28 16:53:47,686 | INFO | Saved forecast at AI_forecasting\results\ml\forecasts\ward_21_electricity_demand_forecast.csv
2025-12-28 16:53:48,174 | INFO | Saved model at AI_forecasting\artifacts\ml\models\ward_21_water_demand_lgb.joblib
2025-12-28 16:53:48,522 | INFO | Saved forecast at AI_forecasting\results\ml\forecasts\ward_21_water_demand_forecast.csv
2025-12-28 16:53:49,023 | INFO | Saved model at AI_forecasting\artifacts\ml\models\ward_21_congestion_index_lgb.joblib
2025-12-28 16:53:49,379 | INFO | Saved forecast at AI_forecasting\results\ml\forecasts\ward_21_congestion_index_forecast.csv
2025-12-28 16:53:49,894 | INFO | Saved model at AI_forecasting\artifacts\ml\models\ward_21_pm25_lgb.joblib
2025-12-28 16:53:50,254 | INFO | Saved forecast at AI_forecasting\results\ml\forecasts\ward_21_pm25_forecast.csv
2025-12-28 16:53:50,739 | INFO | Saved model at AI_forecasting\artifacts\ml\models\ward_22_electricity_demand_lgb.joblib
2025-12-28 16:53:51,090 | INFO | Saved forecast at AI_forecasting\results\ml\forecasts\ward_22_electricity_demand_forecast.csv
2025-12-28 16:53:51,582 | INFO | Saved model at AI_forecasting\artifacts\ml\models\ward_22_water_demand_lgb.joblib
2025-12-28 16:53:51,930 | INFO | Saved forecast at AI_forecasting\results\ml\forecasts\ward_22_water_demand_forecast.csv
2025-12-28 16:53:52,429 | INFO | Saved model at AI_forecasting\artifacts\ml\models\ward_22_congestion_index_lgb.joblib
2025-12-28 16:53:52,773 | INFO | Saved forecast at AI_forecasting\results\ml\forecasts\ward_22_congestion_index_forecast.csv
2025-12-28 16:53:53,255 | INFO | Saved model at AI_forecasting\artifacts\ml\models\ward_22_pm25_lgb.joblib
2025-12-28 16:53:53,602 | INFO | Saved forecast at AI_forecasting\results\ml\forecasts\ward_22_pm25_forecast.csv
2025-12-28 16:53:54,088 | INFO | Saved model at AI_forecasting\artifacts\ml\models\ward_23_electricity_demand_lgb.joblib
2025-12-28 16:53:54,436 | INFO | Saved forecast at AI_forecasting\results\ml\forecasts\ward_23_electricity_demand_forecast.csv
2025-12-28 16:53:54,947 | INFO | Saved model at AI_forecasting\artifacts\ml\models\ward_23_water_demand_lgb.joblib
2025-12-28 16:53:55,310 | INFO | Saved forecast at AI_forecasting\results\ml\forecasts\ward_23_water_demand_forecast.csv
2025-12-28 16:53:55,808 | INFO | Saved model at AI_forecasting\artifacts\ml\models\ward_23_congestion_index_lgb.joblib
2025-12-28 16:53:56,156 | INFO | Saved forecast at AI_forecasting\results\ml\forecasts\ward_23_congestion_index_forecast.csv
2025-12-28 16:53:56,653 | INFO | Saved model at AI_forecasting\artifacts\ml\models\ward_23_pm25_lgb.joblib
2025-12-28 16:53:57,005 | INFO | Saved forecast at AI_forecasting\results\ml\forecasts\ward_23_pm25_forecast.csv
2025-12-28 16:53:57,515 | INFO | Saved model at AI_forecasting\artifacts\ml\models\ward_24_electricity_demand_lgb.joblib
2025-12-28 16:53:57,879 | INFO | Saved forecast at AI_forecasting\results\ml\forecasts\ward_24_electricity_demand_forecast.csv
2025-12-28 16:53:58,384 | INFO | Saved model at AI_forecasting\artifacts\ml\models\ward_24_water_demand_lgb.joblib
2025-12-28 16:53:58,752 | INFO | Saved forecast at AI_forecasting\results\ml\forecasts\ward_24_water_demand_forecast.csv
2025-12-28 16:53:59,267 | INFO | Saved model at AI_forecasting\artifacts\ml\models\ward_24_congestion_index_lgb.joblib
2025-12-28 16:53:59,619 | INFO | Saved forecast at AI_forecasting\results\ml\forecasts\ward_24_congestion_index_forecast.csv
2025-12-28 16:54:00,147 | INFO | Saved model at AI_forecasting\artifacts\ml\models\ward_24_pm25_lgb.joblib
2025-12-28 16:54:00,539 | INFO | Saved forecast at AI_forecasting\results\ml\forecasts\ward_24_pm25_forecast.csv
2025-12-28 16:54:01,079 | INFO | Saved model at AI_forecasting\artifacts\ml\models\ward_25_electricity_demand_lgb.joblib
2025-12-28 16:54:01,447 | INFO | Saved forecast at AI_forecasting\results\ml\forecasts\ward_25_electricity_demand_forecast.csv
2025-12-28 16:54:01,949 | INFO | Saved model at AI_forecasting\artifacts\ml\models\ward_25_water_demand_lgb.joblib
2025-12-28 16:54:02,304 | INFO | Saved forecast at AI_forecasting\results\ml\forecasts\ward_25_water_demand_forecast.csv
2025-12-28 16:54:02,930 | INFO | Saved model at AI_forecasting\artifacts\ml\models\ward_25_congestion_index_lgb.joblib
2025-12-28 16:54:03,584 | INFO | Saved forecast at AI_forecasting\results\ml\forecasts\ward_25_congestion_index_forecast.csv
2025-12-28 16:54:04,247 | INFO | Saved model at AI_forecasting\artifacts\ml\models\ward_25_pm25_lgb.joblib
2025-12-28 16:54:04,851 | INFO | Saved forecast at AI_forecasting\results\ml\forecasts\ward_25_pm25_forecast.csv
2025-12-28 16:54:05,523 | INFO | Saved model at AI_forecasting\artifacts\ml\models\ward_26_electricity_demand_lgb.joblib
2025-12-28 16:54:05,992 | INFO | Saved forecast at AI_forecasting\results\ml\forecasts\ward_26_electricity_demand_forecast.csv
2025-12-28 16:54:06,613 | INFO | Saved model at AI_forecasting\artifacts\ml\models\ward_26_water_demand_lgb.joblib
2025-12-28 16:54:07,039 | INFO | Saved forecast at AI_forecasting\results\ml\forecasts\ward_26_water_demand_forecast.csv
2025-12-28 16:54:07,791 | INFO | Saved model at AI_forecasting\artifacts\ml\models\ward_26_congestion_index_lgb.joblib
2025-12-28 16:54:08,235 | INFO | Saved forecast at AI_forecasting\results\ml\forecasts\ward_26_congestion_index_forecast.csv
2025-12-28 16:54:08,838 | INFO | Saved model at AI_forecasting\artifacts\ml\models\ward_26_pm25_lgb.joblib
2025-12-28 16:54:09,275 | INFO | Saved forecast at AI_forecasting\results\ml\forecasts\ward_26_pm25_forecast.csv
2025-12-28 16:54:09,885 | INFO | Saved model at AI_forecasting\artifacts\ml\models\ward_27_electricity_demand_lgb.joblib
2025-12-28 16:54:10,376 | INFO | Saved forecast at AI_forecasting\results\ml\forecasts\ward_27_electricity_demand_forecast.csv
2025-12-28 16:54:11,067 | INFO | Saved model at AI_forecasting\artifacts\ml\models\ward_27_water_demand_lgb.joblib
2025-12-28 16:54:11,649 | INFO | Saved forecast at AI_forecasting\results\ml\forecasts\ward_27_water_demand_forecast.csv
2025-12-28 16:54:12,389 | INFO | Saved model at AI_forecasting\artifacts\ml\models\ward_27_congestion_index_lgb.joblib
2025-12-28 16:54:12,980 | INFO | Saved forecast at AI_forecasting\results\ml\forecasts\ward_27_congestion_index_forecast.csv
2025-12-28 16:54:13,661 | INFO | Saved model at AI_forecasting\artifacts\ml\models\ward_27_pm25_lgb.joblib
2025-12-28 16:54:14,117 | INFO | Saved forecast at AI_forecasting\results\ml\forecasts\ward_27_pm25_forecast.csv
2025-12-28 16:54:14,725 | INFO | Saved model at AI_forecasting\artifacts\ml\models\ward_28_electricity_demand_lgb.joblib
2025-12-28 16:54:15,196 | INFO | Saved forecast at AI_forecasting\results\ml\forecasts\ward_28_electricity_demand_forecast.csv
2025-12-28 16:54:15,874 | INFO | Saved model at AI_forecasting\artifacts\ml\models\ward_28_water_demand_lgb.joblib
2025-12-28 16:54:16,343 | INFO | Saved forecast at AI_forecasting\results\ml\forecasts\ward_28_water_demand_forecast.csv
2025-12-28 16:54:17,023 | INFO | Saved model at AI_forecasting\artifacts\ml\models\ward_28_congestion_index_lgb.joblib
2025-12-28 16:54:17,574 | INFO | Saved forecast at AI_forecasting\results\ml\forecasts\ward_28_congestion_index_forecast.csv
2025-12-28 16:54:18,224 | INFO | Saved model at AI_forecasting\artifacts\ml\models\ward_28_pm25_lgb.joblib
2025-12-28 16:54:18,667 | INFO | Saved forecast at AI_forecasting\results\ml\forecasts\ward_28_pm25_forecast.csv
2025-12-28 16:54:19,317 | INFO | Saved model at AI_forecasting\artifacts\ml\models\ward_29_electricity_demand_lgb.joblib
2025-12-28 16:54:19,811 | INFO | Saved forecast at AI_forecasting\results\ml\forecasts\ward_29_electricity_demand_forecast.csv
2025-12-28 16:54:20,451 | INFO | Saved model at AI_forecasting\artifacts\ml\models\ward_29_water_demand_lgb.joblib
2025-12-28 16:54:20,923 | INFO | Saved forecast at AI_forecasting\results\ml\forecasts\ward_29_water_demand_forecast.csv
2025-12-28 16:54:21,563 | INFO | Saved model at AI_forecasting\artifacts\ml\models\ward_29_congestion_index_lgb.joblib
2025-12-28 16:54:22,082 | INFO | Saved forecast at AI_forecasting\results\ml\forecasts\ward_29_congestion_index_forecast.csv
2025-12-28 16:54:22,712 | INFO | Saved model at AI_forecasting\artifacts\ml\models\ward_29_pm25_lgb.joblib
2025-12-28 16:54:23,180 | INFO | Saved forecast at AI_forecasting\results\ml\forecasts\ward_29_pm25_forecast.csv
2025-12-28 16:54:23,820 | INFO | Saved model at AI_forecasting\artifacts\ml\models\ward_3_electricity_demand_lgb.joblib
2025-12-28 16:54:24,238 | INFO | Saved forecast at AI_forecasting\results\ml\forecasts\ward_3_electricity_demand_forecast.csv
2025-12-28 16:54:24,903 | INFO | Saved model at AI_forecasting\artifacts\ml\models\ward_3_water_demand_lgb.joblib
2025-12-28 16:54:25,478 | INFO | Saved forecast at AI_forecasting\results\ml\forecasts\ward_3_water_demand_forecast.csv
2025-12-28 16:54:26,146 | INFO | Saved model at AI_forecasting\artifacts\ml\models\ward_3_congestion_index_lgb.joblib
2025-12-28 16:54:26,609 | INFO | Saved forecast at AI_forecasting\results\ml\forecasts\ward_3_congestion_index_forecast.csv
2025-12-28 16:54:27,220 | INFO | Saved model at AI_forecasting\artifacts\ml\models\ward_3_pm25_lgb.joblib
2025-12-28 16:54:27,799 | INFO | Saved forecast at AI_forecasting\results\ml\forecasts\ward_3_pm25_forecast.csv
2025-12-28 16:54:28,479 | INFO | Saved model at AI_forecasting\artifacts\ml\models\ward_30_electricity_demand_lgb.joblib
2025-12-28 16:54:28,970 | INFO | Saved forecast at AI_forecasting\results\ml\forecasts\ward_30_electricity_demand_forecast.csv
2025-12-28 16:54:29,641 | INFO | Saved model at AI_forecasting\artifacts\ml\models\ward_30_water_demand_lgb.joblib
2025-12-28 16:54:30,092 | INFO | Saved forecast at AI_forecasting\results\ml\forecasts\ward_30_water_demand_forecast.csv
2025-12-28 16:54:30,711 | INFO | Saved model at AI_forecasting\artifacts\ml\models\ward_30_congestion_index_lgb.joblib
2025-12-28 16:54:31,166 | INFO | Saved forecast at AI_forecasting\results\ml\forecasts\ward_30_congestion_index_forecast.csv
2025-12-28 16:54:31,808 | INFO | Saved model at AI_forecasting\artifacts\ml\models\ward_30_pm25_lgb.joblib
2025-12-28 16:54:32,297 | INFO | Saved forecast at AI_forecasting\results\ml\forecasts\ward_30_pm25_forecast.csv
2025-12-28 16:54:32,924 | INFO | Saved model at AI_forecasting\artifacts\ml\models\ward_31_electricity_demand_lgb.joblib
2025-12-28 16:54:33,416 | INFO | Saved forecast at AI_forecasting\results\ml\forecasts\ward_31_electricity_demand_forecast.csv
2025-12-28 16:54:34,071 | INFO | Saved model at AI_forecasting\artifacts\ml\models\ward_31_water_demand_lgb.joblib
2025-12-28 16:54:34,600 | INFO | Saved forecast at AI_forecasting\results\ml\forecasts\ward_31_water_demand_forecast.csv
2025-12-28 16:54:35,295 | INFO | Saved model at AI_forecasting\artifacts\ml\models\ward_31_congestion_index_lgb.joblib
2025-12-28 16:54:35,775 | INFO | Saved forecast at AI_forecasting\results\ml\forecasts\ward_31_congestion_index_forecast.csv
2025-12-28 16:54:36,422 | INFO | Saved model at AI_forecasting\artifacts\ml\models\ward_31_pm25_lgb.joblib
2025-12-28 16:54:36,872 | INFO | Saved forecast at AI_forecasting\results\ml\forecasts\ward_31_pm25_forecast.csv
2025-12-28 16:54:37,508 | INFO | Saved model at AI_forecasting\artifacts\ml\models\ward_32_electricity_demand_lgb.joblib
2025-12-28 16:54:37,949 | INFO | Saved forecast at AI_forecasting\results\ml\forecasts\ward_32_electricity_demand_forecast.csv
2025-12-28 16:54:38,606 | INFO | Saved model at AI_forecasting\artifacts\ml\models\ward_32_water_demand_lgb.joblib
2025-12-28 16:54:39,133 | INFO | Saved forecast at AI_forecasting\results\ml\forecasts\ward_32_water_demand_forecast.csv
2025-12-28 16:54:39,846 | INFO | Saved model at AI_forecasting\artifacts\ml\models\ward_32_congestion_index_lgb.joblib
2025-12-28 16:54:40,371 | INFO | Saved forecast at AI_forecasting\results\ml\forecasts\ward_32_congestion_index_forecast.csv
2025-12-28 16:54:41,014 | INFO | Saved model at AI_forecasting\artifacts\ml\models\ward_32_pm25_lgb.joblib
2025-12-28 16:54:41,444 | INFO | Saved forecast at AI_forecasting\results\ml\forecasts\ward_32_pm25_forecast.csv
2025-12-28 16:54:42,077 | INFO | Saved model at AI_forecasting\artifacts\ml\models\ward_33_electricity_demand_lgb.joblib
2025-12-28 16:54:42,525 | INFO | Saved forecast at AI_forecasting\results\ml\forecasts\ward_33_electricity_demand_forecast.csv
2025-12-28 16:54:43,162 | INFO | Saved model at AI_forecasting\artifacts\ml\models\ward_33_water_demand_lgb.joblib
2025-12-28 16:54:43,609 | INFO | Saved forecast at AI_forecasting\results\ml\forecasts\ward_33_water_demand_forecast.csv
2025-12-28 16:54:44,281 | INFO | Saved model at AI_forecasting\artifacts\ml\models\ward_33_congestion_index_lgb.joblib
2025-12-28 16:54:44,838 | INFO | Saved forecast at AI_forecasting\results\ml\forecasts\ward_33_congestion_index_forecast.csv
2025-12-28 16:54:45,566 | INFO | Saved model at AI_forecasting\artifacts\ml\models\ward_33_pm25_lgb.joblib
2025-12-28 16:54:46,093 | INFO | Saved forecast at AI_forecasting\results\ml\forecasts\ward_33_pm25_forecast.csv
2025-12-28 16:54:46,783 | INFO | Saved model at AI_forecasting\artifacts\ml\models\ward_34_electricity_demand_lgb.joblib
2025-12-28 16:54:47,208 | INFO | Saved forecast at AI_forecasting\results\ml\forecasts\ward_34_electricity_demand_forecast.csv
2025-12-28 16:54:47,902 | INFO | Saved model at AI_forecasting\artifacts\ml\models\ward_34_water_demand_lgb.joblib
2025-12-28 16:54:48,433 | INFO | Saved forecast at AI_forecasting\results\ml\forecasts\ward_34_water_demand_forecast.csv
2025-12-28 16:54:49,135 | INFO | Saved model at AI_forecasting\artifacts\ml\models\ward_34_congestion_index_lgb.joblib
2025-12-28 16:54:49,591 | INFO | Saved forecast at AI_forecasting\results\ml\forecasts\ward_34_congestion_index_forecast.csv
2025-12-28 16:54:50,350 | INFO | Saved model at AI_forecasting\artifacts\ml\models\ward_34_pm25_lgb.joblib
2025-12-28 16:54:50,807 | INFO | Saved forecast at AI_forecasting\results\ml\forecasts\ward_34_pm25_forecast.csv
2025-12-28 16:54:51,432 | INFO | Saved model at AI_forecasting\artifacts\ml\models\ward_35_electricity_demand_lgb.joblib
2025-12-28 16:54:51,895 | INFO | Saved forecast at AI_forecasting\results\ml\forecasts\ward_35_electricity_demand_forecast.csv
2025-12-28 16:54:52,550 | INFO | Saved model at AI_forecasting\artifacts\ml\models\ward_35_water_demand_lgb.joblib
2025-12-28 16:54:53,025 | INFO | Saved forecast at AI_forecasting\results\ml\forecasts\ward_35_water_demand_forecast.csv
2025-12-28 16:54:53,647 | INFO | Saved model at AI_forecasting\artifacts\ml\models\ward_35_congestion_index_lgb.joblib
2025-12-28 16:54:54,125 | INFO | Saved forecast at AI_forecasting\results\ml\forecasts\ward_35_congestion_index_forecast.csv
2025-12-28 16:54:54,782 | INFO | Saved model at AI_forecasting\artifacts\ml\models\ward_35_pm25_lgb.joblib
2025-12-28 16:54:55,273 | INFO | Saved forecast at AI_forecasting\results\ml\forecasts\ward_35_pm25_forecast.csv
2025-12-28 16:54:55,925 | INFO | Saved model at AI_forecasting\artifacts\ml\models\ward_36_electricity_demand_lgb.joblib
2025-12-28 16:54:56,367 | INFO | Saved forecast at AI_forecasting\results\ml\forecasts\ward_36_electricity_demand_forecast.csv
2025-12-28 16:54:57,048 | INFO | Saved model at AI_forecasting\artifacts\ml\models\ward_36_water_demand_lgb.joblib
2025-12-28 16:54:57,484 | INFO | Saved forecast at AI_forecasting\results\ml\forecasts\ward_36_water_demand_forecast.csv
2025-12-28 16:54:58,184 | INFO | Saved model at AI_forecasting\artifacts\ml\models\ward_36_congestion_index_lgb.joblib
2025-12-28 16:54:58,639 | INFO | Saved forecast at AI_forecasting\results\ml\forecasts\ward_36_congestion_index_forecast.csv
2025-12-28 16:54:59,312 | INFO | Saved model at AI_forecasting\artifacts\ml\models\ward_36_pm25_lgb.joblib
2025-12-28 16:54:59,793 | INFO | Saved forecast at AI_forecasting\results\ml\forecasts\ward_36_pm25_forecast.csv
2025-12-28 16:55:00,443 | INFO | Saved model at AI_forecasting\artifacts\ml\models\ward_37_electricity_demand_lgb.joblib
2025-12-28 16:55:00,902 | INFO | Saved forecast at AI_forecasting\results\ml\forecasts\ward_37_electricity_demand_forecast.csv
2025-12-28 16:55:01,589 | INFO | Saved model at AI_forecasting\artifacts\ml\models\ward_37_water_demand_lgb.joblib
2025-12-28 16:55:02,039 | INFO | Saved forecast at AI_forecasting\results\ml\forecasts\ward_37_water_demand_forecast.csv
2025-12-28 16:55:02,685 | INFO | Saved model at AI_forecasting\artifacts\ml\models\ward_37_congestion_index_lgb.joblib
2025-12-28 16:55:03,106 | INFO | Saved forecast at AI_forecasting\results\ml\forecasts\ward_37_congestion_index_forecast.csv
2025-12-28 16:55:03,765 | INFO | Saved model at AI_forecasting\artifacts\ml\models\ward_37_pm25_lgb.joblib
2025-12-28 16:55:04,220 | INFO | Saved forecast at AI_forecasting\results\ml\forecasts\ward_37_pm25_forecast.csv
2025-12-28 16:55:04,919 | INFO | Saved model at AI_forecasting\artifacts\ml\models\ward_38_electricity_demand_lgb.joblib
2025-12-28 16:55:05,543 | INFO | Saved forecast at AI_forecasting\results\ml\forecasts\ward_38_electricity_demand_forecast.csv
2025-12-28 16:55:06,241 | INFO | Saved model at AI_forecasting\artifacts\ml\models\ward_38_water_demand_lgb.joblib
2025-12-28 16:55:06,710 | INFO | Saved forecast at AI_forecasting\results\ml\forecasts\ward_38_water_demand_forecast.csv
2025-12-28 16:55:07,352 | INFO | Saved model at AI_forecasting\artifacts\ml\models\ward_38_congestion_index_lgb.joblib
2025-12-28 16:55:07,781 | INFO | Saved forecast at AI_forecasting\results\ml\forecasts\ward_38_congestion_index_forecast.csv
2025-12-28 16:55:08,400 | INFO | Saved model at AI_forecasting\artifacts\ml\models\ward_38_pm25_lgb.joblib
2025-12-28 16:55:08,858 | INFO | Saved forecast at AI_forecasting\results\ml\forecasts\ward_38_pm25_forecast.csv
2025-12-28 16:55:09,488 | INFO | Saved model at AI_forecasting\artifacts\ml\models\ward_39_electricity_demand_lgb.joblib
2025-12-28 16:55:09,934 | INFO | Saved forecast at AI_forecasting\results\ml\forecasts\ward_39_electricity_demand_forecast.csv
2025-12-28 16:55:10,541 | INFO | Saved model at AI_forecasting\artifacts\ml\models\ward_39_water_demand_lgb.joblib
2025-12-28 16:55:11,002 | INFO | Saved forecast at AI_forecasting\results\ml\forecasts\ward_39_water_demand_forecast.csv
2025-12-28 16:55:11,622 | INFO | Saved model at AI_forecasting\artifacts\ml\models\ward_39_congestion_index_lgb.joblib
2025-12-28 16:55:12,068 | INFO | Saved forecast at AI_forecasting\results\ml\forecasts\ward_39_congestion_index_forecast.csv
2025-12-28 16:55:12,711 | INFO | Saved model at AI_forecasting\artifacts\ml\models\ward_39_pm25_lgb.joblib
2025-12-28 16:55:13,216 | INFO | Saved forecast at AI_forecasting\results\ml\forecasts\ward_39_pm25_forecast.csv
2025-12-28 16:55:13,835 | INFO | Saved model at AI_forecasting\artifacts\ml\models\ward_4_electricity_demand_lgb.joblib
2025-12-28 16:55:14,287 | INFO | Saved forecast at AI_forecasting\results\ml\forecasts\ward_4_electricity_demand_forecast.csv
2025-12-28 16:55:14,906 | INFO | Saved model at AI_forecasting\artifacts\ml\models\ward_4_water_demand_lgb.joblib
2025-12-28 16:55:15,457 | INFO | Saved forecast at AI_forecasting\results\ml\forecasts\ward_4_water_demand_forecast.csv
2025-12-28 16:55:16,119 | INFO | Saved model at AI_forecasting\artifacts\ml\models\ward_4_congestion_index_lgb.joblib
2025-12-28 16:55:16,654 | INFO | Saved forecast at AI_forecasting\results\ml\forecasts\ward_4_congestion_index_forecast.csv
2025-12-28 16:55:17,341 | INFO | Saved model at AI_forecasting\artifacts\ml\models\ward_4_pm25_lgb.joblib
2025-12-28 16:55:17,821 | INFO | Saved forecast at AI_forecasting\results\ml\forecasts\ward_4_pm25_forecast.csv
2025-12-28 16:55:18,524 | INFO | Saved model at AI_forecasting\artifacts\ml\models\ward_40_electricity_demand_lgb.joblib
2025-12-28 16:55:18,989 | INFO | Saved forecast at AI_forecasting\results\ml\forecasts\ward_40_electricity_demand_forecast.csv
2025-12-28 16:55:19,685 | INFO | Saved model at AI_forecasting\artifacts\ml\models\ward_40_water_demand_lgb.joblib
2025-12-28 16:55:20,230 | INFO | Saved forecast at AI_forecasting\results\ml\forecasts\ward_40_water_demand_forecast.csv
2025-12-28 16:55:20,889 | INFO | Saved model at AI_forecasting\artifacts\ml\models\ward_40_congestion_index_lgb.joblib
2025-12-28 16:55:21,317 | INFO | Saved forecast at AI_forecasting\results\ml\forecasts\ward_40_congestion_index_forecast.csv
2025-12-28 16:55:21,952 | INFO | Saved model at AI_forecasting\artifacts\ml\models\ward_40_pm25_lgb.joblib
2025-12-28 16:55:22,480 | INFO | Saved forecast at AI_forecasting\results\ml\forecasts\ward_40_pm25_forecast.csv
2025-12-28 16:55:23,164 | INFO | Saved model at AI_forecasting\artifacts\ml\models\ward_41_electricity_demand_lgb.joblib
2025-12-28 16:55:23,676 | INFO | Saved forecast at AI_forecasting\results\ml\forecasts\ward_41_electricity_demand_forecast.csv
2025-12-28 16:55:24,318 | INFO | Saved model at AI_forecasting\artifacts\ml\models\ward_41_water_demand_lgb.joblib
2025-12-28 16:55:24,819 | INFO | Saved forecast at AI_forecasting\results\ml\forecasts\ward_41_water_demand_forecast.csv
2025-12-28 16:55:25,519 | INFO | Saved model at AI_forecasting\artifacts\ml\models\ward_41_congestion_index_lgb.joblib
2025-12-28 16:55:25,943 | INFO | Saved forecast at AI_forecasting\results\ml\forecasts\ward_41_congestion_index_forecast.csv
2025-12-28 16:55:26,553 | INFO | Saved model at AI_forecasting\artifacts\ml\models\ward_41_pm25_lgb.joblib
2025-12-28 16:55:26,996 | INFO | Saved forecast at AI_forecasting\results\ml\forecasts\ward_41_pm25_forecast.csv
2025-12-28 16:55:27,670 | INFO | Saved model at AI_forecasting\artifacts\ml\models\ward_42_electricity_demand_lgb.joblib
2025-12-28 16:55:28,168 | INFO | Saved forecast at AI_forecasting\results\ml\forecasts\ward_42_electricity_demand_forecast.csv
2025-12-28 16:55:28,875 | INFO | Saved model at AI_forecasting\artifacts\ml\models\ward_42_water_demand_lgb.joblib
2025-12-28 16:55:29,313 | INFO | Saved forecast at AI_forecasting\results\ml\forecasts\ward_42_water_demand_forecast.csv
2025-12-28 16:55:29,971 | INFO | Saved model at AI_forecasting\artifacts\ml\models\ward_42_congestion_index_lgb.joblib
2025-12-28 16:55:30,407 | INFO | Saved forecast at AI_forecasting\results\ml\forecasts\ward_42_congestion_index_forecast.csv
2025-12-28 16:55:31,099 | INFO | Saved model at AI_forecasting\artifacts\ml\models\ward_42_pm25_lgb.joblib
2025-12-28 16:55:31,604 | INFO | Saved forecast at AI_forecasting\results\ml\forecasts\ward_42_pm25_forecast.csv
2025-12-28 16:55:32,241 | INFO | Saved model at AI_forecasting\artifacts\ml\models\ward_43_electricity_demand_lgb.joblib
2025-12-28 16:55:32,720 | INFO | Saved forecast at AI_forecasting\results\ml\forecasts\ward_43_electricity_demand_forecast.csv
2025-12-28 16:55:33,399 | INFO | Saved model at AI_forecasting\artifacts\ml\models\ward_43_water_demand_lgb.joblib
2025-12-28 16:55:33,840 | INFO | Saved forecast at AI_forecasting\results\ml\forecasts\ward_43_water_demand_forecast.csv
2025-12-28 16:55:34,540 | INFO | Saved model at AI_forecasting\artifacts\ml\models\ward_43_congestion_index_lgb.joblib
2025-12-28 16:55:34,997 | INFO | Saved forecast at AI_forecasting\results\ml\forecasts\ward_43_congestion_index_forecast.csv
2025-12-28 16:55:35,648 | INFO | Saved model at AI_forecasting\artifacts\ml\models\ward_43_pm25_lgb.joblib
2025-12-28 16:55:36,096 | INFO | Saved forecast at AI_forecasting\results\ml\forecasts\ward_43_pm25_forecast.csv
2025-12-28 16:55:36,857 | INFO | Saved model at AI_forecasting\artifacts\ml\models\ward_44_electricity_demand_lgb.joblib
2025-12-28 16:55:37,309 | INFO | Saved forecast at AI_forecasting\results\ml\forecasts\ward_44_electricity_demand_forecast.csv
2025-12-28 16:55:37,916 | INFO | Saved model at AI_forecasting\artifacts\ml\models\ward_44_water_demand_lgb.joblib
2025-12-28 16:55:38,349 | INFO | Saved forecast at AI_forecasting\results\ml\forecasts\ward_44_water_demand_forecast.csv
2025-12-28 16:55:38,952 | INFO | Saved model at AI_forecasting\artifacts\ml\models\ward_44_congestion_index_lgb.joblib
2025-12-28 16:55:39,410 | INFO | Saved forecast at AI_forecasting\results\ml\forecasts\ward_44_congestion_index_forecast.csv
2025-12-28 16:55:40,067 | INFO | Saved model at AI_forecasting\artifacts\ml\models\ward_44_pm25_lgb.joblib
2025-12-28 16:55:40,565 | INFO | Saved forecast at AI_forecasting\results\ml\forecasts\ward_44_pm25_forecast.csv
2025-12-28 16:55:41,196 | INFO | Saved model at AI_forecasting\artifacts\ml\models\ward_45_electricity_demand_lgb.joblib
2025-12-28 16:55:41,673 | INFO | Saved forecast at AI_forecasting\results\ml\forecasts\ward_45_electricity_demand_forecast.csv
2025-12-28 16:55:42,383 | INFO | Saved model at AI_forecasting\artifacts\ml\models\ward_45_water_demand_lgb.joblib
2025-12-28 16:55:42,844 | INFO | Saved forecast at AI_forecasting\results\ml\forecasts\ward_45_water_demand_forecast.csv
2025-12-28 16:55:43,542 | INFO | Saved model at AI_forecasting\artifacts\ml\models\ward_45_congestion_index_lgb.joblib
2025-12-28 16:55:44,062 | INFO | Saved forecast at AI_forecasting\results\ml\forecasts\ward_45_congestion_index_forecast.csv
2025-12-28 16:55:44,646 | INFO | Saved model at AI_forecasting\artifacts\ml\models\ward_45_pm25_lgb.joblib
2025-12-28 16:55:45,153 | INFO | Saved forecast at AI_forecasting\results\ml\forecasts\ward_45_pm25_forecast.csv
2025-12-28 16:55:45,821 | INFO | Saved model at AI_forecasting\artifacts\ml\models\ward_46_electricity_demand_lgb.joblib
2025-12-28 16:55:46,251 | INFO | Saved forecast at AI_forecasting\results\ml\forecasts\ward_46_electricity_demand_forecast.csv
2025-12-28 16:55:46,873 | INFO | Saved model at AI_forecasting\artifacts\ml\models\ward_46_water_demand_lgb.joblib
2025-12-28 16:55:47,397 | INFO | Saved forecast at AI_forecasting\results\ml\forecasts\ward_46_water_demand_forecast.csv
2025-12-28 16:55:48,053 | INFO | Saved model at AI_forecasting\artifacts\ml\models\ward_46_congestion_index_lgb.joblib
2025-12-28 16:55:48,581 | INFO | Saved forecast at AI_forecasting\results\ml\forecasts\ward_46_congestion_index_forecast.csv
2025-12-28 16:55:49,246 | INFO | Saved model at AI_forecasting\artifacts\ml\models\ward_46_pm25_lgb.joblib
2025-12-28 16:55:49,716 | INFO | Saved forecast at AI_forecasting\results\ml\forecasts\ward_46_pm25_forecast.csv
2025-12-28 16:55:50,390 | INFO | Saved model at AI_forecasting\artifacts\ml\models\ward_47_electricity_demand_lgb.joblib
2025-12-28 16:55:50,893 | INFO | Saved forecast at AI_forecasting\results\ml\forecasts\ward_47_electricity_demand_forecast.csv
2025-12-28 16:55:51,541 | INFO | Saved model at AI_forecasting\artifacts\ml\models\ward_47_water_demand_lgb.joblib
2025-12-28 16:55:52,024 | INFO | Saved forecast at AI_forecasting\results\ml\forecasts\ward_47_water_demand_forecast.csv
2025-12-28 16:55:52,689 | INFO | Saved model at AI_forecasting\artifacts\ml\models\ward_47_congestion_index_lgb.joblib
2025-12-28 16:55:53,125 | INFO | Saved forecast at AI_forecasting\results\ml\forecasts\ward_47_congestion_index_forecast.csv
2025-12-28 16:55:53,860 | INFO | Saved model at AI_forecasting\artifacts\ml\models\ward_47_pm25_lgb.joblib
2025-12-28 16:55:54,582 | INFO | Saved forecast at AI_forecasting\results\ml\forecasts\ward_47_pm25_forecast.csv
2025-12-28 16:55:55,268 | INFO | Saved model at AI_forecasting\artifacts\ml\models\ward_48_electricity_demand_lgb.joblib
2025-12-28 16:55:55,751 | INFO | Saved forecast at AI_forecasting\results\ml\forecasts\ward_48_electricity_demand_forecast.csv
2025-12-28 16:55:56,362 | INFO | Saved model at AI_forecasting\artifacts\ml\models\ward_48_water_demand_lgb.joblib
2025-12-28 16:55:56,786 | INFO | Saved forecast at AI_forecasting\results\ml\forecasts\ward_48_water_demand_forecast.csv
2025-12-28 16:55:57,436 | INFO | Saved model at AI_forecasting\artifacts\ml\models\ward_48_congestion_index_lgb.joblib
2025-12-28 16:55:57,994 | INFO | Saved forecast at AI_forecasting\results\ml\forecasts\ward_48_congestion_index_forecast.csv
2025-12-28 16:55:58,628 | INFO | Saved model at AI_forecasting\artifacts\ml\models\ward_48_pm25_lgb.joblib
2025-12-28 16:55:59,055 | INFO | Saved forecast at AI_forecasting\results\ml\forecasts\ward_48_pm25_forecast.csv
2025-12-28 16:55:59,688 | INFO | Saved model at AI_forecasting\artifacts\ml\models\ward_49_electricity_demand_lgb.joblib
2025-12-28 16:56:00,161 | INFO | Saved forecast at AI_forecasting\results\ml\forecasts\ward_49_electricity_demand_forecast.csv
2025-12-28 16:56:00,832 | INFO | Saved model at AI_forecasting\artifacts\ml\models\ward_49_water_demand_lgb.joblib
2025-12-28 16:56:01,260 | INFO | Saved forecast at AI_forecasting\results\ml\forecasts\ward_49_water_demand_forecast.csv
2025-12-28 16:56:01,894 | INFO | Saved model at AI_forecasting\artifacts\ml\models\ward_49_congestion_index_lgb.joblib
2025-12-28 16:56:02,325 | INFO | Saved forecast at AI_forecasting\results\ml\forecasts\ward_49_congestion_index_forecast.csv
2025-12-28 16:56:02,924 | INFO | Saved model at AI_forecasting\artifacts\ml\models\ward_49_pm25_lgb.joblib
2025-12-28 16:56:03,354 | INFO | Saved forecast at AI_forecasting\results\ml\forecasts\ward_49_pm25_forecast.csv
2025-12-28 16:56:04,072 | INFO | Saved model at AI_forecasting\artifacts\ml\models\ward_5_electricity_demand_lgb.joblib
2025-12-28 16:56:04,546 | INFO | Saved forecast at AI_forecasting\results\ml\forecasts\ward_5_electricity_demand_forecast.csv
2025-12-28 16:56:05,213 | INFO | Saved model at AI_forecasting\artifacts\ml\models\ward_5_water_demand_lgb.joblib
2025-12-28 16:56:05,753 | INFO | Saved forecast at AI_forecasting\results\ml\forecasts\ward_5_water_demand_forecast.csv
2025-12-28 16:56:06,452 | INFO | Saved model at AI_forecasting\artifacts\ml\models\ward_5_congestion_index_lgb.joblib
2025-12-28 16:56:06,941 | INFO | Saved forecast at AI_forecasting\results\ml\forecasts\ward_5_congestion_index_forecast.csv
2025-12-28 16:56:07,652 | INFO | Saved model at AI_forecasting\artifacts\ml\models\ward_5_pm25_lgb.joblib
2025-12-28 16:56:08,304 | INFO | Saved forecast at AI_forecasting\results\ml\forecasts\ward_5_pm25_forecast.csv
2025-12-28 16:56:08,941 | INFO | Saved model at AI_forecasting\artifacts\ml\models\ward_50_electricity_demand_lgb.joblib
2025-12-28 16:56:09,415 | INFO | Saved forecast at AI_forecasting\results\ml\forecasts\ward_50_electricity_demand_forecast.csv
2025-12-28 16:56:10,086 | INFO | Saved model at AI_forecasting\artifacts\ml\models\ward_50_water_demand_lgb.joblib
2025-12-28 16:56:10,599 | INFO | Saved forecast at AI_forecasting\results\ml\forecasts\ward_50_water_demand_forecast.csv
2025-12-28 16:56:11,271 | INFO | Saved model at AI_forecasting\artifacts\ml\models\ward_50_congestion_index_lgb.joblib
2025-12-28 16:56:11,816 | INFO | Saved forecast at AI_forecasting\results\ml\forecasts\ward_50_congestion_index_forecast.csv
2025-12-28 16:56:12,517 | INFO | Saved model at AI_forecasting\artifacts\ml\models\ward_50_pm25_lgb.joblib
2025-12-28 16:56:13,076 | INFO | Saved forecast at AI_forecasting\results\ml\forecasts\ward_50_pm25_forecast.csv
2025-12-28 16:56:13,721 | INFO | Saved model at AI_forecasting\artifacts\ml\models\ward_51_electricity_demand_lgb.joblib
2025-12-28 16:56:14,164 | INFO | Saved forecast at AI_forecasting\results\ml\forecasts\ward_51_electricity_demand_forecast.csv
2025-12-28 16:56:14,827 | INFO | Saved model at AI_forecasting\artifacts\ml\models\ward_51_water_demand_lgb.joblib
2025-12-28 16:56:15,282 | INFO | Saved forecast at AI_forecasting\results\ml\forecasts\ward_51_water_demand_forecast.csv
2025-12-28 16:56:15,908 | INFO | Saved model at AI_forecasting\artifacts\ml\models\ward_51_congestion_index_lgb.joblib
2025-12-28 16:56:16,360 | INFO | Saved forecast at AI_forecasting\results\ml\forecasts\ward_51_congestion_index_forecast.csv
2025-12-28 16:56:16,956 | INFO | Saved model at AI_forecasting\artifacts\ml\models\ward_51_pm25_lgb.joblib
2025-12-28 16:56:17,386 | INFO | Saved forecast at AI_forecasting\results\ml\forecasts\ward_51_pm25_forecast.csv
2025-12-28 16:56:18,029 | INFO | Saved model at AI_forecasting\artifacts\ml\models\ward_52_electricity_demand_lgb.joblib
2025-12-28 16:56:18,461 | INFO | Saved forecast at AI_forecasting\results\ml\forecasts\ward_52_electricity_demand_forecast.csv
2025-12-28 16:56:19,054 | INFO | Saved model at AI_forecasting\artifacts\ml\models\ward_52_water_demand_lgb.joblib
2025-12-28 16:56:19,510 | INFO | Saved forecast at AI_forecasting\results\ml\forecasts\ward_52_water_demand_forecast.csv
2025-12-28 16:56:20,147 | INFO | Saved model at AI_forecasting\artifacts\ml\models\ward_52_congestion_index_lgb.joblib
2025-12-28 16:56:20,593 | INFO | Saved forecast at AI_forecasting\results\ml\forecasts\ward_52_congestion_index_forecast.csv
2025-12-28 16:56:21,184 | INFO | Saved model at AI_forecasting\artifacts\ml\models\ward_52_pm25_lgb.joblib
2025-12-28 16:56:21,612 | INFO | Saved forecast at AI_forecasting\results\ml\forecasts\ward_52_pm25_forecast.csv
2025-12-28 16:56:22,227 | INFO | Saved model at AI_forecasting\artifacts\ml\models\ward_53_electricity_demand_lgb.joblib
2025-12-28 16:56:22,666 | INFO | Saved forecast at AI_forecasting\results\ml\forecasts\ward_53_electricity_demand_forecast.csv
2025-12-28 16:56:23,396 | INFO | Saved model at AI_forecasting\artifacts\ml\models\ward_53_water_demand_lgb.joblib
2025-12-28 16:56:23,855 | INFO | Saved forecast at AI_forecasting\results\ml\forecasts\ward_53_water_demand_forecast.csv
2025-12-28 16:56:24,511 | INFO | Saved model at AI_forecasting\artifacts\ml\models\ward_53_congestion_index_lgb.joblib
2025-12-28 16:56:24,971 | INFO | Saved forecast at AI_forecasting\results\ml\forecasts\ward_53_congestion_index_forecast.csv
2025-12-28 16:56:25,611 | INFO | Saved model at AI_forecasting\artifacts\ml\models\ward_53_pm25_lgb.joblib
2025-12-28 16:56:26,076 | INFO | Saved forecast at AI_forecasting\results\ml\forecasts\ward_53_pm25_forecast.csv
2025-12-28 16:56:26,707 | INFO | Saved model at AI_forecasting\artifacts\ml\models\ward_54_electricity_demand_lgb.joblib
2025-12-28 16:56:27,150 | INFO | Saved forecast at AI_forecasting\results\ml\forecasts\ward_54_electricity_demand_forecast.csv
2025-12-28 16:56:27,767 | INFO | Saved model at AI_forecasting\artifacts\ml\models\ward_54_water_demand_lgb.joblib
2025-12-28 16:56:28,196 | INFO | Saved forecast at AI_forecasting\results\ml\forecasts\ward_54_water_demand_forecast.csv
2025-12-28 16:56:28,815 | INFO | Saved model at AI_forecasting\artifacts\ml\models\ward_54_congestion_index_lgb.joblib
2025-12-28 16:56:29,245 | INFO | Saved forecast at AI_forecasting\results\ml\forecasts\ward_54_congestion_index_forecast.csv
2025-12-28 16:56:29,840 | INFO | Saved model at AI_forecasting\artifacts\ml\models\ward_54_pm25_lgb.joblib
2025-12-28 16:56:30,306 | INFO | Saved forecast at AI_forecasting\results\ml\forecasts\ward_54_pm25_forecast.csv
2025-12-28 16:56:30,963 | INFO | Saved model at AI_forecasting\artifacts\ml\models\ward_55_electricity_demand_lgb.joblib
2025-12-28 16:56:31,462 | INFO | Saved forecast at AI_forecasting\results\ml\forecasts\ward_55_electricity_demand_forecast.csv
2025-12-28 16:56:32,095 | INFO | Saved model at AI_forecasting\artifacts\ml\models\ward_55_water_demand_lgb.joblib
2025-12-28 16:56:32,542 | INFO | Saved forecast at AI_forecasting\results\ml\forecasts\ward_55_water_demand_forecast.csv
2025-12-28 16:56:33,149 | INFO | Saved model at AI_forecasting\artifacts\ml\models\ward_55_congestion_index_lgb.joblib
2025-12-28 16:56:33,589 | INFO | Saved forecast at AI_forecasting\results\ml\forecasts\ward_55_congestion_index_forecast.csv
2025-12-28 16:56:34,170 | INFO | Saved model at AI_forecasting\artifacts\ml\models\ward_55_pm25_lgb.joblib
2025-12-28 16:56:34,623 | INFO | Saved forecast at AI_forecasting\results\ml\forecasts\ward_55_pm25_forecast.csv
2025-12-28 16:56:35,234 | INFO | Saved model at AI_forecasting\artifacts\ml\models\ward_56_electricity_demand_lgb.joblib
2025-12-28 16:56:35,728 | INFO | Saved forecast at AI_forecasting\results\ml\forecasts\ward_56_electricity_demand_forecast.csv
2025-12-28 16:56:36,417 | INFO | Saved model at AI_forecasting\artifacts\ml\models\ward_56_water_demand_lgb.joblib
2025-12-28 16:56:36,930 | INFO | Saved forecast at AI_forecasting\results\ml\forecasts\ward_56_water_demand_forecast.csv
2025-12-28 16:56:37,600 | INFO | Saved model at AI_forecasting\artifacts\ml\models\ward_56_congestion_index_lgb.joblib
2025-12-28 16:56:38,021 | INFO | Saved forecast at AI_forecasting\results\ml\forecasts\ward_56_congestion_index_forecast.csv
2025-12-28 16:56:38,655 | INFO | Saved model at AI_forecasting\artifacts\ml\models\ward_56_pm25_lgb.joblib
2025-12-28 16:56:39,109 | INFO | Saved forecast at AI_forecasting\results\ml\forecasts\ward_56_pm25_forecast.csv
2025-12-28 16:56:39,757 | INFO | Saved model at AI_forecasting\artifacts\ml\models\ward_57_electricity_demand_lgb.joblib
2025-12-28 16:56:40,207 | INFO | Saved forecast at AI_forecasting\results\ml\forecasts\ward_57_electricity_demand_forecast.csv
2025-12-28 16:56:40,839 | INFO | Saved model at AI_forecasting\artifacts\ml\models\ward_57_water_demand_lgb.joblib
2025-12-28 16:56:41,291 | INFO | Saved forecast at AI_forecasting\results\ml\forecasts\ward_57_water_demand_forecast.csv
2025-12-28 16:56:42,008 | INFO | Saved model at AI_forecasting\artifacts\ml\models\ward_57_congestion_index_lgb.joblib
2025-12-28 16:56:42,501 | INFO | Saved forecast at AI_forecasting\results\ml\forecasts\ward_57_congestion_index_forecast.csv
2025-12-28 16:56:43,170 | INFO | Saved model at AI_forecasting\artifacts\ml\models\ward_57_pm25_lgb.joblib
2025-12-28 16:56:43,658 | INFO | Saved forecast at AI_forecasting\results\ml\forecasts\ward_57_pm25_forecast.csv
2025-12-28 16:56:44,318 | INFO | Saved model at AI_forecasting\artifacts\ml\models\ward_58_electricity_demand_lgb.joblib
2025-12-28 16:56:44,830 | INFO | Saved forecast at AI_forecasting\results\ml\forecasts\ward_58_electricity_demand_forecast.csv
2025-12-28 16:56:45,538 | INFO | Saved model at AI_forecasting\artifacts\ml\models\ward_58_water_demand_lgb.joblib
2025-12-28 16:56:46,094 | INFO | Saved forecast at AI_forecasting\results\ml\forecasts\ward_58_water_demand_forecast.csv
2025-12-28 16:56:46,763 | INFO | Saved model at AI_forecasting\artifacts\ml\models\ward_58_congestion_index_lgb.joblib
2025-12-28 16:56:47,220 | INFO | Saved forecast at AI_forecasting\results\ml\forecasts\ward_58_congestion_index_forecast.csv
2025-12-28 16:56:47,863 | INFO | Saved model at AI_forecasting\artifacts\ml\models\ward_58_pm25_lgb.joblib
2025-12-28 16:56:48,299 | INFO | Saved forecast at AI_forecasting\results\ml\forecasts\ward_58_pm25_forecast.csv
2025-12-28 16:56:48,937 | INFO | Saved model at AI_forecasting\artifacts\ml\models\ward_59_electricity_demand_lgb.joblib
2025-12-28 16:56:49,414 | INFO | Saved forecast at AI_forecasting\results\ml\forecasts\ward_59_electricity_demand_forecast.csv
2025-12-28 16:56:50,021 | INFO | Saved model at AI_forecasting\artifacts\ml\models\ward_59_water_demand_lgb.joblib
2025-12-28 16:56:50,524 | INFO | Saved forecast at AI_forecasting\results\ml\forecasts\ward_59_water_demand_forecast.csv
2025-12-28 16:56:51,205 | INFO | Saved model at AI_forecasting\artifacts\ml\models\ward_59_congestion_index_lgb.joblib
2025-12-28 16:56:51,643 | INFO | Saved forecast at AI_forecasting\results\ml\forecasts\ward_59_congestion_index_forecast.csv
2025-12-28 16:56:52,272 | INFO | Saved model at AI_forecasting\artifacts\ml\models\ward_59_pm25_lgb.joblib
2025-12-28 16:56:52,706 | INFO | Saved forecast at AI_forecasting\results\ml\forecasts\ward_59_pm25_forecast.csv
2025-12-28 16:56:53,334 | INFO | Saved model at AI_forecasting\artifacts\ml\models\ward_6_electricity_demand_lgb.joblib
2025-12-28 16:56:53,789 | INFO | Saved forecast at AI_forecasting\results\ml\forecasts\ward_6_electricity_demand_forecast.csv
2025-12-28 16:56:54,414 | INFO | Saved model at AI_forecasting\artifacts\ml\models\ward_6_water_demand_lgb.joblib
2025-12-28 16:56:54,860 | INFO | Saved forecast at AI_forecasting\results\ml\forecasts\ward_6_water_demand_forecast.csv
2025-12-28 16:56:55,539 | INFO | Saved model at AI_forecasting\artifacts\ml\models\ward_6_congestion_index_lgb.joblib
2025-12-28 16:56:56,362 | INFO | Saved forecast at AI_forecasting\results\ml\forecasts\ward_6_congestion_index_forecast.csv
2025-12-28 16:56:57,131 | INFO | Saved model at AI_forecasting\artifacts\ml\models\ward_6_pm25_lgb.joblib
2025-12-28 16:56:57,570 | INFO | Saved forecast at AI_forecasting\results\ml\forecasts\ward_6_pm25_forecast.csv
2025-12-28 16:56:58,248 | INFO | Saved model at AI_forecasting\artifacts\ml\models\ward_60_electricity_demand_lgb.joblib
2025-12-28 16:56:58,677 | INFO | Saved forecast at AI_forecasting\results\ml\forecasts\ward_60_electricity_demand_forecast.csv
2025-12-28 16:56:59,377 | INFO | Saved model at AI_forecasting\artifacts\ml\models\ward_60_water_demand_lgb.joblib
2025-12-28 16:56:59,865 | INFO | Saved forecast at AI_forecasting\results\ml\forecasts\ward_60_water_demand_forecast.csv
2025-12-28 16:57:00,492 | INFO | Saved model at AI_forecasting\artifacts\ml\models\ward_60_congestion_index_lgb.joblib
2025-12-28 16:57:01,024 | INFO | Saved forecast at AI_forecasting\results\ml\forecasts\ward_60_congestion_index_forecast.csv
2025-12-28 16:57:01,661 | INFO | Saved model at AI_forecasting\artifacts\ml\models\ward_60_pm25_lgb.joblib
2025-12-28 16:57:02,159 | INFO | Saved forecast at AI_forecasting\results\ml\forecasts\ward_60_pm25_forecast.csv
2025-12-28 16:57:02,790 | INFO | Saved model at AI_forecasting\artifacts\ml\models\ward_61_electricity_demand_lgb.joblib
2025-12-28 16:57:03,268 | INFO | Saved forecast at AI_forecasting\results\ml\forecasts\ward_61_electricity_demand_forecast.csv
2025-12-28 16:57:03,945 | INFO | Saved model at AI_forecasting\artifacts\ml\models\ward_61_water_demand_lgb.joblib
2025-12-28 16:57:04,477 | INFO | Saved forecast at AI_forecasting\results\ml\forecasts\ward_61_water_demand_forecast.csv
2025-12-28 16:57:05,150 | INFO | Saved model at AI_forecasting\artifacts\ml\models\ward_61_congestion_index_lgb.joblib
2025-12-28 16:57:05,584 | INFO | Saved forecast at AI_forecasting\results\ml\forecasts\ward_61_congestion_index_forecast.csv
2025-12-28 16:57:06,222 | INFO | Saved model at AI_forecasting\artifacts\ml\models\ward_61_pm25_lgb.joblib
2025-12-28 16:57:06,699 | INFO | Saved forecast at AI_forecasting\results\ml\forecasts\ward_61_pm25_forecast.csv
2025-12-28 16:57:07,338 | INFO | Saved model at AI_forecasting\artifacts\ml\models\ward_62_electricity_demand_lgb.joblib
2025-12-28 16:57:07,933 | INFO | Saved forecast at AI_forecasting\results\ml\forecasts\ward_62_electricity_demand_forecast.csv
2025-12-28 16:57:08,573 | INFO | Saved model at AI_forecasting\artifacts\ml\models\ward_62_water_demand_lgb.joblib
2025-12-28 16:57:09,079 | INFO | Saved forecast at AI_forecasting\results\ml\forecasts\ward_62_water_demand_forecast.csv
2025-12-28 16:57:09,713 | INFO | Saved model at AI_forecasting\artifacts\ml\models\ward_62_congestion_index_lgb.joblib
2025-12-28 16:57:10,186 | INFO | Saved forecast at AI_forecasting\results\ml\forecasts\ward_62_congestion_index_forecast.csv
2025-12-28 16:57:10,836 | INFO | Saved model at AI_forecasting\artifacts\ml\models\ward_62_pm25_lgb.joblib
2025-12-28 16:57:11,429 | INFO | Saved forecast at AI_forecasting\results\ml\forecasts\ward_62_pm25_forecast.csv
2025-12-28 16:57:12,124 | INFO | Saved model at AI_forecasting\artifacts\ml\models\ward_63_electricity_demand_lgb.joblib
2025-12-28 16:57:12,614 | INFO | Saved forecast at AI_forecasting\results\ml\forecasts\ward_63_electricity_demand_forecast.csv
2025-12-28 16:57:13,352 | INFO | Saved model at AI_forecasting\artifacts\ml\models\ward_63_water_demand_lgb.joblib
2025-12-28 16:57:13,780 | INFO | Saved forecast at AI_forecasting\results\ml\forecasts\ward_63_water_demand_forecast.csv
2025-12-28 16:57:14,522 | INFO | Saved model at AI_forecasting\artifacts\ml\models\ward_63_congestion_index_lgb.joblib
2025-12-28 16:57:15,011 | INFO | Saved forecast at AI_forecasting\results\ml\forecasts\ward_63_congestion_index_forecast.csv
2025-12-28 16:57:15,679 | INFO | Saved model at AI_forecasting\artifacts\ml\models\ward_63_pm25_lgb.joblib
2025-12-28 16:57:16,211 | INFO | Saved forecast at AI_forecasting\results\ml\forecasts\ward_63_pm25_forecast.csv
2025-12-28 16:57:16,845 | INFO | Saved model at AI_forecasting\artifacts\ml\models\ward_64_electricity_demand_lgb.joblib
2025-12-28 16:57:17,357 | INFO | Saved forecast at AI_forecasting\results\ml\forecasts\ward_64_electricity_demand_forecast.csv
2025-12-28 16:57:18,008 | INFO | Saved model at AI_forecasting\artifacts\ml\models\ward_64_water_demand_lgb.joblib
2025-12-28 16:57:18,481 | INFO | Saved forecast at AI_forecasting\results\ml\forecasts\ward_64_water_demand_forecast.csv
2025-12-28 16:57:19,174 | INFO | Saved model at AI_forecasting\artifacts\ml\models\ward_64_congestion_index_lgb.joblib
2025-12-28 16:57:19,698 | INFO | Saved forecast at AI_forecasting\results\ml\forecasts\ward_64_congestion_index_forecast.csv
2025-12-28 16:57:20,355 | INFO | Saved model at AI_forecasting\artifacts\ml\models\ward_64_pm25_lgb.joblib
2025-12-28 16:57:20,858 | INFO | Saved forecast at AI_forecasting\results\ml\forecasts\ward_64_pm25_forecast.csv
2025-12-28 16:57:21,537 | INFO | Saved model at AI_forecasting\artifacts\ml\models\ward_65_electricity_demand_lgb.joblib
2025-12-28 16:57:22,013 | INFO | Saved forecast at AI_forecasting\results\ml\forecasts\ward_65_electricity_demand_forecast.csv
2025-12-28 16:57:22,689 | INFO | Saved model at AI_forecasting\artifacts\ml\models\ward_65_water_demand_lgb.joblib
2025-12-28 16:57:23,170 | INFO | Saved forecast at AI_forecasting\results\ml\forecasts\ward_65_water_demand_forecast.csv
2025-12-28 16:57:23,836 | INFO | Saved model at AI_forecasting\artifacts\ml\models\ward_65_congestion_index_lgb.joblib
2025-12-28 16:57:24,323 | INFO | Saved forecast at AI_forecasting\results\ml\forecasts\ward_65_congestion_index_forecast.csv
2025-12-28 16:57:24,970 | INFO | Saved model at AI_forecasting\artifacts\ml\models\ward_65_pm25_lgb.joblib
2025-12-28 16:57:25,504 | INFO | Saved forecast at AI_forecasting\results\ml\forecasts\ward_65_pm25_forecast.csv
2025-12-28 16:57:26,160 | INFO | Saved model at AI_forecasting\artifacts\ml\models\ward_66_electricity_demand_lgb.joblib
2025-12-28 16:57:26,648 | INFO | Saved forecast at AI_forecasting\results\ml\forecasts\ward_66_electricity_demand_forecast.csv
2025-12-28 16:57:27,335 | INFO | Saved model at AI_forecasting\artifacts\ml\models\ward_66_water_demand_lgb.joblib
2025-12-28 16:57:27,915 | INFO | Saved forecast at AI_forecasting\results\ml\forecasts\ward_66_water_demand_forecast.csv
2025-12-28 16:57:28,696 | INFO | Saved model at AI_forecasting\artifacts\ml\models\ward_66_congestion_index_lgb.joblib
2025-12-28 16:57:29,296 | INFO | Saved forecast at AI_forecasting\results\ml\forecasts\ward_66_congestion_index_forecast.csv
2025-12-28 16:57:29,924 | INFO | Saved model at AI_forecasting\artifacts\ml\models\ward_66_pm25_lgb.joblib
2025-12-28 16:57:30,400 | INFO | Saved forecast at AI_forecasting\results\ml\forecasts\ward_66_pm25_forecast.csv
2025-12-28 16:57:31,068 | INFO | Saved model at AI_forecasting\artifacts\ml\models\ward_67_electricity_demand_lgb.joblib
2025-12-28 16:57:31,582 | INFO | Saved forecast at AI_forecasting\results\ml\forecasts\ward_67_electricity_demand_forecast.csv
2025-12-28 16:57:32,328 | INFO | Saved model at AI_forecasting\artifacts\ml\models\ward_67_water_demand_lgb.joblib
2025-12-28 16:57:32,806 | INFO | Saved forecast at AI_forecasting\results\ml\forecasts\ward_67_water_demand_forecast.csv
2025-12-28 16:57:33,476 | INFO | Saved model at AI_forecasting\artifacts\ml\models\ward_67_congestion_index_lgb.joblib
2025-12-28 16:57:34,026 | INFO | Saved forecast at AI_forecasting\results\ml\forecasts\ward_67_congestion_index_forecast.csv
2025-12-28 16:57:34,711 | INFO | Saved model at AI_forecasting\artifacts\ml\models\ward_67_pm25_lgb.joblib
2025-12-28 16:57:35,161 | INFO | Saved forecast at AI_forecasting\results\ml\forecasts\ward_67_pm25_forecast.csv
2025-12-28 16:57:35,777 | INFO | Saved model at AI_forecasting\artifacts\ml\models\ward_68_electricity_demand_lgb.joblib
2025-12-28 16:57:36,210 | INFO | Saved forecast at AI_forecasting\results\ml\forecasts\ward_68_electricity_demand_forecast.csv
2025-12-28 16:57:36,811 | INFO | Saved model at AI_forecasting\artifacts\ml\models\ward_68_water_demand_lgb.joblib
2025-12-28 16:57:37,347 | INFO | Saved forecast at AI_forecasting\results\ml\forecasts\ward_68_water_demand_forecast.csv
2025-12-28 16:57:37,986 | INFO | Saved model at AI_forecasting\artifacts\ml\models\ward_68_congestion_index_lgb.joblib
2025-12-28 16:57:38,410 | INFO | Saved forecast at AI_forecasting\results\ml\forecasts\ward_68_congestion_index_forecast.csv
2025-12-28 16:57:39,059 | INFO | Saved model at AI_forecasting\artifacts\ml\models\ward_68_pm25_lgb.joblib
2025-12-28 16:57:39,530 | INFO | Saved forecast at AI_forecasting\results\ml\forecasts\ward_68_pm25_forecast.csv
2025-12-28 16:57:40,208 | INFO | Saved model at AI_forecasting\artifacts\ml\models\ward_69_electricity_demand_lgb.joblib
2025-12-28 16:57:40,657 | INFO | Saved forecast at AI_forecasting\results\ml\forecasts\ward_69_electricity_demand_forecast.csv
2025-12-28 16:57:41,329 | INFO | Saved model at AI_forecasting\artifacts\ml\models\ward_69_water_demand_lgb.joblib
2025-12-28 16:57:41,874 | INFO | Saved forecast at AI_forecasting\results\ml\forecasts\ward_69_water_demand_forecast.csv
2025-12-28 16:57:42,593 | INFO | Saved model at AI_forecasting\artifacts\ml\models\ward_69_congestion_index_lgb.joblib
2025-12-28 16:57:43,121 | INFO | Saved forecast at AI_forecasting\results\ml\forecasts\ward_69_congestion_index_forecast.csv
2025-12-28 16:57:43,773 | INFO | Saved model at AI_forecasting\artifacts\ml\models\ward_69_pm25_lgb.joblib
2025-12-28 16:57:44,258 | INFO | Saved forecast at AI_forecasting\results\ml\forecasts\ward_69_pm25_forecast.csv
2025-12-28 16:57:44,892 | INFO | Saved model at AI_forecasting\artifacts\ml\models\ward_7_electricity_demand_lgb.joblib
2025-12-28 16:57:45,378 | INFO | Saved forecast at AI_forecasting\results\ml\forecasts\ward_7_electricity_demand_forecast.csv
2025-12-28 16:57:46,053 | INFO | Saved model at AI_forecasting\artifacts\ml\models\ward_7_water_demand_lgb.joblib
2025-12-28 16:57:46,551 | INFO | Saved forecast at AI_forecasting\results\ml\forecasts\ward_7_water_demand_forecast.csv
2025-12-28 16:57:47,189 | INFO | Saved model at AI_forecasting\artifacts\ml\models\ward_7_congestion_index_lgb.joblib
2025-12-28 16:57:47,715 | INFO | Saved forecast at AI_forecasting\results\ml\forecasts\ward_7_congestion_index_forecast.csv
2025-12-28 16:57:48,444 | INFO | Saved model at AI_forecasting\artifacts\ml\models\ward_7_pm25_lgb.joblib
2025-12-28 16:57:48,867 | INFO | Saved forecast at AI_forecasting\results\ml\forecasts\ward_7_pm25_forecast.csv
2025-12-28 16:57:49,487 | INFO | Saved model at AI_forecasting\artifacts\ml\models\ward_70_electricity_demand_lgb.joblib
2025-12-28 16:57:49,935 | INFO | Saved forecast at AI_forecasting\results\ml\forecasts\ward_70_electricity_demand_forecast.csv
2025-12-28 16:57:50,550 | INFO | Saved model at AI_forecasting\artifacts\ml\models\ward_70_water_demand_lgb.joblib
2025-12-28 16:57:51,001 | INFO | Saved forecast at AI_forecasting\results\ml\forecasts\ward_70_water_demand_forecast.csv
2025-12-28 16:57:51,647 | INFO | Saved model at AI_forecasting\artifacts\ml\models\ward_70_congestion_index_lgb.joblib
2025-12-28 16:57:52,155 | INFO | Saved forecast at AI_forecasting\results\ml\forecasts\ward_70_congestion_index_forecast.csv
2025-12-28 16:57:52,801 | INFO | Saved model at AI_forecasting\artifacts\ml\models\ward_70_pm25_lgb.joblib
2025-12-28 16:57:53,275 | INFO | Saved forecast at AI_forecasting\results\ml\forecasts\ward_70_pm25_forecast.csv
2025-12-28 16:57:53,907 | INFO | Saved model at AI_forecasting\artifacts\ml\models\ward_71_electricity_demand_lgb.joblib
2025-12-28 16:57:54,331 | INFO | Saved forecast at AI_forecasting\results\ml\forecasts\ward_71_electricity_demand_forecast.csv
2025-12-28 16:57:54,956 | INFO | Saved model at AI_forecasting\artifacts\ml\models\ward_71_water_demand_lgb.joblib
2025-12-28 16:57:55,452 | INFO | Saved forecast at AI_forecasting\results\ml\forecasts\ward_71_water_demand_forecast.csv
2025-12-28 16:57:56,107 | INFO | Saved model at AI_forecasting\artifacts\ml\models\ward_71_congestion_index_lgb.joblib
2025-12-28 16:57:56,568 | INFO | Saved forecast at AI_forecasting\results\ml\forecasts\ward_71_congestion_index_forecast.csv
2025-12-28 16:57:57,215 | INFO | Saved model at AI_forecasting\artifacts\ml\models\ward_71_pm25_lgb.joblib
2025-12-28 16:57:57,638 | INFO | Saved forecast at AI_forecasting\results\ml\forecasts\ward_71_pm25_forecast.csv
2025-12-28 16:57:58,264 | INFO | Saved model at AI_forecasting\artifacts\ml\models\ward_72_electricity_demand_lgb.joblib
2025-12-28 16:57:58,764 | INFO | Saved forecast at AI_forecasting\results\ml\forecasts\ward_72_electricity_demand_forecast.csv
2025-12-28 16:57:59,401 | INFO | Saved model at AI_forecasting\artifacts\ml\models\ward_72_water_demand_lgb.joblib
2025-12-28 16:57:59,877 | INFO | Saved forecast at AI_forecasting\results\ml\forecasts\ward_72_water_demand_forecast.csv
2025-12-28 16:58:00,557 | INFO | Saved model at AI_forecasting\artifacts\ml\models\ward_72_congestion_index_lgb.joblib
2025-12-28 16:58:01,033 | INFO | Saved forecast at AI_forecasting\results\ml\forecasts\ward_72_congestion_index_forecast.csv
2025-12-28 16:58:01,660 | INFO | Saved model at AI_forecasting\artifacts\ml\models\ward_72_pm25_lgb.joblib
2025-12-28 16:58:02,153 | INFO | Saved forecast at AI_forecasting\results\ml\forecasts\ward_72_pm25_forecast.csv
2025-12-28 16:58:02,798 | INFO | Saved model at AI_forecasting\artifacts\ml\models\ward_73_electricity_demand_lgb.joblib
2025-12-28 16:58:03,308 | INFO | Saved forecast at AI_forecasting\results\ml\forecasts\ward_73_electricity_demand_forecast.csv
2025-12-28 16:58:03,961 | INFO | Saved model at AI_forecasting\artifacts\ml\models\ward_73_water_demand_lgb.joblib
2025-12-28 16:58:04,479 | INFO | Saved forecast at AI_forecasting\results\ml\forecasts\ward_73_water_demand_forecast.csv
2025-12-28 16:58:05,195 | INFO | Saved model at AI_forecasting\artifacts\ml\models\ward_73_congestion_index_lgb.joblib
2025-12-28 16:58:05,751 | INFO | Saved forecast at AI_forecasting\results\ml\forecasts\ward_73_congestion_index_forecast.csv
2025-12-28 16:58:06,427 | INFO | Saved model at AI_forecasting\artifacts\ml\models\ward_73_pm25_lgb.joblib
2025-12-28 16:58:06,867 | INFO | Saved forecast at AI_forecasting\results\ml\forecasts\ward_73_pm25_forecast.csv
2025-12-28 16:58:07,588 | INFO | Saved model at AI_forecasting\artifacts\ml\models\ward_74_electricity_demand_lgb.joblib
2025-12-28 16:58:08,098 | INFO | Saved forecast at AI_forecasting\results\ml\forecasts\ward_74_electricity_demand_forecast.csv
2025-12-28 16:58:08,802 | INFO | Saved model at AI_forecasting\artifacts\ml\models\ward_74_water_demand_lgb.joblib
2025-12-28 16:58:09,253 | INFO | Saved forecast at AI_forecasting\results\ml\forecasts\ward_74_water_demand_forecast.csv
2025-12-28 16:58:09,907 | INFO | Saved model at AI_forecasting\artifacts\ml\models\ward_74_congestion_index_lgb.joblib
2025-12-28 16:58:10,425 | INFO | Saved forecast at AI_forecasting\results\ml\forecasts\ward_74_congestion_index_forecast.csv
2025-12-28 16:58:11,051 | INFO | Saved model at AI_forecasting\artifacts\ml\models\ward_74_pm25_lgb.joblib
2025-12-28 16:58:11,530 | INFO | Saved forecast at AI_forecasting\results\ml\forecasts\ward_74_pm25_forecast.csv
2025-12-28 16:58:12,142 | INFO | Saved model at AI_forecasting\artifacts\ml\models\ward_75_electricity_demand_lgb.joblib
2025-12-28 16:58:12,576 | INFO | Saved forecast at AI_forecasting\results\ml\forecasts\ward_75_electricity_demand_forecast.csv
2025-12-28 16:58:13,222 | INFO | Saved model at AI_forecasting\artifacts\ml\models\ward_75_water_demand_lgb.joblib
2025-12-28 16:58:13,638 | INFO | Saved forecast at AI_forecasting\results\ml\forecasts\ward_75_water_demand_forecast.csv
2025-12-28 16:58:14,337 | INFO | Saved model at AI_forecasting\artifacts\ml\models\ward_75_congestion_index_lgb.joblib
2025-12-28 16:58:14,806 | INFO | Saved forecast at AI_forecasting\results\ml\forecasts\ward_75_congestion_index_forecast.csv
2025-12-28 16:58:15,389 | INFO | Saved model at AI_forecasting\artifacts\ml\models\ward_75_pm25_lgb.joblib
2025-12-28 16:58:15,880 | INFO | Saved forecast at AI_forecasting\results\ml\forecasts\ward_75_pm25_forecast.csv
2025-12-28 16:58:16,534 | INFO | Saved model at AI_forecasting\artifacts\ml\models\ward_76_electricity_demand_lgb.joblib
2025-12-28 16:58:16,991 | INFO | Saved forecast at AI_forecasting\results\ml\forecasts\ward_76_electricity_demand_forecast.csv
2025-12-28 16:58:17,667 | INFO | Saved model at AI_forecasting\artifacts\ml\models\ward_76_water_demand_lgb.joblib
2025-12-28 16:58:18,198 | INFO | Saved forecast at AI_forecasting\results\ml\forecasts\ward_76_water_demand_forecast.csv
2025-12-28 16:58:18,838 | INFO | Saved model at AI_forecasting\artifacts\ml\models\ward_76_congestion_index_lgb.joblib
2025-12-28 16:58:19,284 | INFO | Saved forecast at AI_forecasting\results\ml\forecasts\ward_76_congestion_index_forecast.csv
2025-12-28 16:58:19,900 | INFO | Saved model at AI_forecasting\artifacts\ml\models\ward_76_pm25_lgb.joblib
2025-12-28 16:58:20,353 | INFO | Saved forecast at AI_forecasting\results\ml\forecasts\ward_76_pm25_forecast.csv
2025-12-28 16:58:21,031 | INFO | Saved model at AI_forecasting\artifacts\ml\models\ward_77_electricity_demand_lgb.joblib
2025-12-28 16:58:21,523 | INFO | Saved forecast at AI_forecasting\results\ml\forecasts\ward_77_electricity_demand_forecast.csv
2025-12-28 16:58:22,156 | INFO | Saved model at AI_forecasting\artifacts\ml\models\ward_77_water_demand_lgb.joblib
2025-12-28 16:58:22,587 | INFO | Saved forecast at AI_forecasting\results\ml\forecasts\ward_77_water_demand_forecast.csv
2025-12-28 16:58:23,242 | INFO | Saved model at AI_forecasting\artifacts\ml\models\ward_77_congestion_index_lgb.joblib
2025-12-28 16:58:23,729 | INFO | Saved forecast at AI_forecasting\results\ml\forecasts\ward_77_congestion_index_forecast.csv
2025-12-28 16:58:24,353 | INFO | Saved model at AI_forecasting\artifacts\ml\models\ward_77_pm25_lgb.joblib
2025-12-28 16:58:24,850 | INFO | Saved forecast at AI_forecasting\results\ml\forecasts\ward_77_pm25_forecast.csv
2025-12-28 16:58:25,482 | INFO | Saved model at AI_forecasting\artifacts\ml\models\ward_78_electricity_demand_lgb.joblib
2025-12-28 16:58:25,929 | INFO | Saved forecast at AI_forecasting\results\ml\forecasts\ward_78_electricity_demand_forecast.csv
2025-12-28 16:58:26,583 | INFO | Saved model at AI_forecasting\artifacts\ml\models\ward_78_water_demand_lgb.joblib
2025-12-28 16:58:27,101 | INFO | Saved forecast at AI_forecasting\results\ml\forecasts\ward_78_water_demand_forecast.csv
2025-12-28 16:58:27,760 | INFO | Saved model at AI_forecasting\artifacts\ml\models\ward_78_congestion_index_lgb.joblib
2025-12-28 16:58:28,209 | INFO | Saved forecast at AI_forecasting\results\ml\forecasts\ward_78_congestion_index_forecast.csv
2025-12-28 16:58:28,862 | INFO | Saved model at AI_forecasting\artifacts\ml\models\ward_78_pm25_lgb.joblib
2025-12-28 16:58:29,297 | INFO | Saved forecast at AI_forecasting\results\ml\forecasts\ward_78_pm25_forecast.csv
2025-12-28 16:58:29,937 | INFO | Saved model at AI_forecasting\artifacts\ml\models\ward_79_electricity_demand_lgb.joblib
2025-12-28 16:58:30,440 | INFO | Saved forecast at AI_forecasting\results\ml\forecasts\ward_79_electricity_demand_forecast.csv
2025-12-28 16:58:31,091 | INFO | Saved model at AI_forecasting\artifacts\ml\models\ward_79_water_demand_lgb.joblib
2025-12-28 16:58:31,599 | INFO | Saved forecast at AI_forecasting\results\ml\forecasts\ward_79_water_demand_forecast.csv
2025-12-28 16:58:32,255 | INFO | Saved model at AI_forecasting\artifacts\ml\models\ward_79_congestion_index_lgb.joblib
2025-12-28 16:58:32,734 | INFO | Saved forecast at AI_forecasting\results\ml\forecasts\ward_79_congestion_index_forecast.csv
2025-12-28 16:58:33,404 | INFO | Saved model at AI_forecasting\artifacts\ml\models\ward_79_pm25_lgb.joblib
2025-12-28 16:58:33,912 | INFO | Saved forecast at AI_forecasting\results\ml\forecasts\ward_79_pm25_forecast.csv
2025-12-28 16:58:34,570 | INFO | Saved model at AI_forecasting\artifacts\ml\models\ward_8_electricity_demand_lgb.joblib
2025-12-28 16:58:35,092 | INFO | Saved forecast at AI_forecasting\results\ml\forecasts\ward_8_electricity_demand_forecast.csv
2025-12-28 16:58:35,705 | INFO | Saved model at AI_forecasting\artifacts\ml\models\ward_8_water_demand_lgb.joblib
2025-12-28 16:58:36,151 | INFO | Saved forecast at AI_forecasting\results\ml\forecasts\ward_8_water_demand_forecast.csv
2025-12-28 16:58:36,798 | INFO | Saved model at AI_forecasting\artifacts\ml\models\ward_8_congestion_index_lgb.joblib
2025-12-28 16:58:37,237 | INFO | Saved forecast at AI_forecasting\results\ml\forecasts\ward_8_congestion_index_forecast.csv
2025-12-28 16:58:37,853 | INFO | Saved model at AI_forecasting\artifacts\ml\models\ward_8_pm25_lgb.joblib
2025-12-28 16:58:38,410 | INFO | Saved forecast at AI_forecasting\results\ml\forecasts\ward_8_pm25_forecast.csv
2025-12-28 16:58:39,057 | INFO | Saved model at AI_forecasting\artifacts\ml\models\ward_80_electricity_demand_lgb.joblib
2025-12-28 16:58:39,543 | INFO | Saved forecast at AI_forecasting\results\ml\forecasts\ward_80_electricity_demand_forecast.csv
2025-12-28 16:58:40,083 | INFO | Saved model at AI_forecasting\artifacts\ml\models\ward_80_water_demand_lgb.joblib
2025-12-28 16:58:40,512 | INFO | Saved forecast at AI_forecasting\results\ml\forecasts\ward_80_water_demand_forecast.csv
2025-12-28 16:58:41,021 | INFO | Saved model at AI_forecasting\artifacts\ml\models\ward_80_congestion_index_lgb.joblib
2025-12-28 16:58:41,396 | INFO | Saved forecast at AI_forecasting\results\ml\forecasts\ward_80_congestion_index_forecast.csv
2025-12-28 16:58:41,889 | INFO | Saved model at AI_forecasting\artifacts\ml\models\ward_80_pm25_lgb.joblib
2025-12-28 16:58:42,247 | INFO | Saved forecast at AI_forecasting\results\ml\forecasts\ward_80_pm25_forecast.csv
2025-12-28 16:58:42,778 | INFO | Saved model at AI_forecasting\artifacts\ml\models\ward_81_electricity_demand_lgb.joblib
2025-12-28 16:58:43,167 | INFO | Saved forecast at AI_forecasting\results\ml\forecasts\ward_81_electricity_demand_forecast.csv
2025-12-28 16:58:43,684 | INFO | Saved model at AI_forecasting\artifacts\ml\models\ward_81_water_demand_lgb.joblib
2025-12-28 16:58:44,074 | INFO | Saved forecast at AI_forecasting\results\ml\forecasts\ward_81_water_demand_forecast.csv
2025-12-28 16:58:44,592 | INFO | Saved model at AI_forecasting\artifacts\ml\models\ward_81_congestion_index_lgb.joblib
2025-12-28 16:58:44,969 | INFO | Saved forecast at AI_forecasting\results\ml\forecasts\ward_81_congestion_index_forecast.csv
2025-12-28 16:58:45,452 | INFO | Saved model at AI_forecasting\artifacts\ml\models\ward_81_pm25_lgb.joblib
2025-12-28 16:58:45,847 | INFO | Saved forecast at AI_forecasting\results\ml\forecasts\ward_81_pm25_forecast.csv
2025-12-28 16:58:46,358 | INFO | Saved model at AI_forecasting\artifacts\ml\models\ward_82_electricity_demand_lgb.joblib
2025-12-28 16:58:46,735 | INFO | Saved forecast at AI_forecasting\results\ml\forecasts\ward_82_electricity_demand_forecast.csv
2025-12-28 16:58:47,245 | INFO | Saved model at AI_forecasting\artifacts\ml\models\ward_82_water_demand_lgb.joblib
2025-12-28 16:58:47,618 | INFO | Saved forecast at AI_forecasting\results\ml\forecasts\ward_82_water_demand_forecast.csv
2025-12-28 16:58:48,114 | INFO | Saved model at AI_forecasting\artifacts\ml\models\ward_82_congestion_index_lgb.joblib
2025-12-28 16:58:48,474 | INFO | Saved forecast at AI_forecasting\results\ml\forecasts\ward_82_congestion_index_forecast.csv
2025-12-28 16:58:48,981 | INFO | Saved model at AI_forecasting\artifacts\ml\models\ward_82_pm25_lgb.joblib
2025-12-28 16:58:49,336 | INFO | Saved forecast at AI_forecasting\results\ml\forecasts\ward_82_pm25_forecast.csv
2025-12-28 16:58:49,815 | INFO | Saved model at AI_forecasting\artifacts\ml\models\ward_83_electricity_demand_lgb.joblib
2025-12-28 16:58:50,163 | INFO | Saved forecast at AI_forecasting\results\ml\forecasts\ward_83_electricity_demand_forecast.csv
2025-12-28 16:58:50,648 | INFO | Saved model at AI_forecasting\artifacts\ml\models\ward_83_water_demand_lgb.joblib
2025-12-28 16:58:51,003 | INFO | Saved forecast at AI_forecasting\results\ml\forecasts\ward_83_water_demand_forecast.csv
2025-12-28 16:58:51,516 | INFO | Saved model at AI_forecasting\artifacts\ml\models\ward_83_congestion_index_lgb.joblib
2025-12-28 16:58:51,872 | INFO | Saved forecast at AI_forecasting\results\ml\forecasts\ward_83_congestion_index_forecast.csv
2025-12-28 16:58:52,366 | INFO | Saved model at AI_forecasting\artifacts\ml\models\ward_83_pm25_lgb.joblib
2025-12-28 16:58:52,731 | INFO | Saved forecast at AI_forecasting\results\ml\forecasts\ward_83_pm25_forecast.csv
2025-12-28 16:58:53,228 | INFO | Saved model at AI_forecasting\artifacts\ml\models\ward_84_electricity_demand_lgb.joblib
2025-12-28 16:58:53,667 | INFO | Saved forecast at AI_forecasting\results\ml\forecasts\ward_84_electricity_demand_forecast.csv
2025-12-28 16:58:54,198 | INFO | Saved model at AI_forecasting\artifacts\ml\models\ward_84_water_demand_lgb.joblib
2025-12-28 16:58:54,605 | INFO | Saved forecast at AI_forecasting\results\ml\forecasts\ward_84_water_demand_forecast.csv
2025-12-28 16:58:55,131 | INFO | Saved model at AI_forecasting\artifacts\ml\models\ward_84_congestion_index_lgb.joblib
2025-12-28 16:58:55,517 | INFO | Saved forecast at AI_forecasting\results\ml\forecasts\ward_84_congestion_index_forecast.csv
2025-12-28 16:58:56,042 | INFO | Saved model at AI_forecasting\artifacts\ml\models\ward_84_pm25_lgb.joblib
2025-12-28 16:58:56,423 | INFO | Saved forecast at AI_forecasting\results\ml\forecasts\ward_84_pm25_forecast.csv
2025-12-28 16:58:56,912 | INFO | Saved model at AI_forecasting\artifacts\ml\models\ward_85_electricity_demand_lgb.joblib
2025-12-28 16:58:57,256 | INFO | Saved forecast at AI_forecasting\results\ml\forecasts\ward_85_electricity_demand_forecast.csv
2025-12-28 16:58:57,751 | INFO | Saved model at AI_forecasting\artifacts\ml\models\ward_85_water_demand_lgb.joblib
2025-12-28 16:58:58,138 | INFO | Saved forecast at AI_forecasting\results\ml\forecasts\ward_85_water_demand_forecast.csv
2025-12-28 16:58:58,654 | INFO | Saved model at AI_forecasting\artifacts\ml\models\ward_85_congestion_index_lgb.joblib
2025-12-28 16:58:59,051 | INFO | Saved forecast at AI_forecasting\results\ml\forecasts\ward_85_congestion_index_forecast.csv
2025-12-28 16:58:59,539 | INFO | Saved model at AI_forecasting\artifacts\ml\models\ward_85_pm25_lgb.joblib
2025-12-28 16:58:59,897 | INFO | Saved forecast at AI_forecasting\results\ml\forecasts\ward_85_pm25_forecast.csv
2025-12-28 16:59:00,421 | INFO | Saved model at AI_forecasting\artifacts\ml\models\ward_86_electricity_demand_lgb.joblib
2025-12-28 16:59:00,817 | INFO | Saved forecast at AI_forecasting\results\ml\forecasts\ward_86_electricity_demand_forecast.csv
2025-12-28 16:59:01,325 | INFO | Saved model at AI_forecasting\artifacts\ml\models\ward_86_water_demand_lgb.joblib
2025-12-28 16:59:01,718 | INFO | Saved forecast at AI_forecasting\results\ml\forecasts\ward_86_water_demand_forecast.csv
2025-12-28 16:59:02,239 | INFO | Saved model at AI_forecasting\artifacts\ml\models\ward_86_congestion_index_lgb.joblib
2025-12-28 16:59:02,633 | INFO | Saved forecast at AI_forecasting\results\ml\forecasts\ward_86_congestion_index_forecast.csv
2025-12-28 16:59:03,132 | INFO | Saved model at AI_forecasting\artifacts\ml\models\ward_86_pm25_lgb.joblib
2025-12-28 16:59:03,494 | INFO | Saved forecast at AI_forecasting\results\ml\forecasts\ward_86_pm25_forecast.csv
2025-12-28 16:59:04,014 | INFO | Saved model at AI_forecasting\artifacts\ml\models\ward_87_electricity_demand_lgb.joblib
2025-12-28 16:59:04,373 | INFO | Saved forecast at AI_forecasting\results\ml\forecasts\ward_87_electricity_demand_forecast.csv
2025-12-28 16:59:04,877 | INFO | Saved model at AI_forecasting\artifacts\ml\models\ward_87_water_demand_lgb.joblib
2025-12-28 16:59:05,235 | INFO | Saved forecast at AI_forecasting\results\ml\forecasts\ward_87_water_demand_forecast.csv
2025-12-28 16:59:05,736 | INFO | Saved model at AI_forecasting\artifacts\ml\models\ward_87_congestion_index_lgb.joblib
2025-12-28 16:59:06,102 | INFO | Saved forecast at AI_forecasting\results\ml\forecasts\ward_87_congestion_index_forecast.csv
2025-12-28 16:59:06,628 | INFO | Saved model at AI_forecasting\artifacts\ml\models\ward_87_pm25_lgb.joblib
2025-12-28 16:59:07,004 | INFO | Saved forecast at AI_forecasting\results\ml\forecasts\ward_87_pm25_forecast.csv
2025-12-28 16:59:07,509 | INFO | Saved model at AI_forecasting\artifacts\ml\models\ward_88_electricity_demand_lgb.joblib
2025-12-28 16:59:07,900 | INFO | Saved forecast at AI_forecasting\results\ml\forecasts\ward_88_electricity_demand_forecast.csv
2025-12-28 16:59:08,416 | INFO | Saved model at AI_forecasting\artifacts\ml\models\ward_88_water_demand_lgb.joblib
2025-12-28 16:59:08,790 | INFO | Saved forecast at AI_forecasting\results\ml\forecasts\ward_88_water_demand_forecast.csv
2025-12-28 16:59:09,326 | INFO | Saved model at AI_forecasting\artifacts\ml\models\ward_88_congestion_index_lgb.joblib
2025-12-28 16:59:09,679 | INFO | Saved forecast at AI_forecasting\results\ml\forecasts\ward_88_congestion_index_forecast.csv
2025-12-28 16:59:10,177 | INFO | Saved model at AI_forecasting\artifacts\ml\models\ward_88_pm25_lgb.joblib
2025-12-28 16:59:10,558 | INFO | Saved forecast at AI_forecasting\results\ml\forecasts\ward_88_pm25_forecast.csv
2025-12-28 16:59:11,075 | INFO | Saved model at AI_forecasting\artifacts\ml\models\ward_89_electricity_demand_lgb.joblib
2025-12-28 16:59:11,523 | INFO | Saved forecast at AI_forecasting\results\ml\forecasts\ward_89_electricity_demand_forecast.csv
2025-12-28 16:59:12,079 | INFO | Saved model at AI_forecasting\artifacts\ml\models\ward_89_water_demand_lgb.joblib
2025-12-28 16:59:12,480 | INFO | Saved forecast at AI_forecasting\results\ml\forecasts\ward_89_water_demand_forecast.csv
2025-12-28 16:59:13,008 | INFO | Saved model at AI_forecasting\artifacts\ml\models\ward_89_congestion_index_lgb.joblib
2025-12-28 16:59:13,406 | INFO | Saved forecast at AI_forecasting\results\ml\forecasts\ward_89_congestion_index_forecast.csv
2025-12-28 16:59:13,918 | INFO | Saved model at AI_forecasting\artifacts\ml\models\ward_89_pm25_lgb.joblib
2025-12-28 16:59:14,271 | INFO | Saved forecast at AI_forecasting\results\ml\forecasts\ward_89_pm25_forecast.csv
2025-12-28 16:59:14,767 | INFO | Saved model at AI_forecasting\artifacts\ml\models\ward_9_electricity_demand_lgb.joblib
2025-12-28 16:59:15,116 | INFO | Saved forecast at AI_forecasting\results\ml\forecasts\ward_9_electricity_demand_forecast.csv
2025-12-28 16:59:15,595 | INFO | Saved model at AI_forecasting\artifacts\ml\models\ward_9_water_demand_lgb.joblib
2025-12-28 16:59:15,948 | INFO | Saved forecast at AI_forecasting\results\ml\forecasts\ward_9_water_demand_forecast.csv
2025-12-28 16:59:16,466 | INFO | Saved model at AI_forecasting\artifacts\ml\models\ward_9_congestion_index_lgb.joblib
2025-12-28 16:59:16,833 | INFO | Saved forecast at AI_forecasting\results\ml\forecasts\ward_9_congestion_index_forecast.csv
2025-12-28 16:59:17,316 | INFO | Saved model at AI_forecasting\artifacts\ml\models\ward_9_pm25_lgb.joblib
2025-12-28 16:59:17,668 | INFO | Saved forecast at AI_forecasting\results\ml\forecasts\ward_9_pm25_forecast.csv
2025-12-28 16:59:18,158 | INFO | Saved model at AI_forecasting\artifacts\ml\models\ward_90_electricity_demand_lgb.joblib
2025-12-28 16:59:18,550 | INFO | Saved forecast at AI_forecasting\results\ml\forecasts\ward_90_electricity_demand_forecast.csv
2025-12-28 16:59:19,047 | INFO | Saved model at AI_forecasting\artifacts\ml\models\ward_90_water_demand_lgb.joblib
2025-12-28 16:59:19,398 | INFO | Saved forecast at AI_forecasting\results\ml\forecasts\ward_90_water_demand_forecast.csv
2025-12-28 16:59:19,894 | INFO | Saved model at AI_forecasting\artifacts\ml\models\ward_90_congestion_index_lgb.joblib
2025-12-28 16:59:20,240 | INFO | Saved forecast at AI_forecasting\results\ml\forecasts\ward_90_congestion_index_forecast.csv
2025-12-28 16:59:20,723 | INFO | Saved model at AI_forecasting\artifacts\ml\models\ward_90_pm25_lgb.joblib
2025-12-28 16:59:21,068 | INFO | Saved forecast at AI_forecasting\results\ml\forecasts\ward_90_pm25_forecast.csv
2025-12-28 16:59:21,556 | INFO | Saved model at AI_forecasting\artifacts\ml\models\ward_91_electricity_demand_lgb.joblib
2025-12-28 16:59:21,905 | INFO | Saved forecast at AI_forecasting\results\ml\forecasts\ward_91_electricity_demand_forecast.csv
2025-12-28 16:59:22,395 | INFO | Saved model at AI_forecasting\artifacts\ml\models\ward_91_water_demand_lgb.joblib
2025-12-28 16:59:22,744 | INFO | Saved forecast at AI_forecasting\results\ml\forecasts\ward_91_water_demand_forecast.csv
2025-12-28 16:59:23,233 | INFO | Saved model at AI_forecasting\artifacts\ml\models\ward_91_congestion_index_lgb.joblib
2025-12-28 16:59:23,580 | INFO | Saved forecast at AI_forecasting\results\ml\forecasts\ward_91_congestion_index_forecast.csv
2025-12-28 16:59:24,061 | INFO | Saved model at AI_forecasting\artifacts\ml\models\ward_91_pm25_lgb.joblib
2025-12-28 16:59:24,415 | INFO | Saved forecast at AI_forecasting\results\ml\forecasts\ward_91_pm25_forecast.csv
2025-12-28 16:59:24,903 | INFO | Saved model at AI_forecasting\artifacts\ml\models\ward_92_electricity_demand_lgb.joblib
2025-12-28 16:59:25,255 | INFO | Saved forecast at AI_forecasting\results\ml\forecasts\ward_92_electricity_demand_forecast.csv
2025-12-28 16:59:25,767 | INFO | Saved model at AI_forecasting\artifacts\ml\models\ward_92_water_demand_lgb.joblib
2025-12-28 16:59:26,120 | INFO | Saved forecast at AI_forecasting\results\ml\forecasts\ward_92_water_demand_forecast.csv
2025-12-28 16:59:26,620 | INFO | Saved model at AI_forecasting\artifacts\ml\models\ward_92_congestion_index_lgb.joblib
2025-12-28 16:59:26,968 | INFO | Saved forecast at AI_forecasting\results\ml\forecasts\ward_92_congestion_index_forecast.csv
2025-12-28 16:59:27,469 | INFO | Saved model at AI_forecasting\artifacts\ml\models\ward_92_pm25_lgb.joblib
2025-12-28 16:59:27,819 | INFO | Saved forecast at AI_forecasting\results\ml\forecasts\ward_92_pm25_forecast.csv
2025-12-28 16:59:28,342 | INFO | Saved model at AI_forecasting\artifacts\ml\models\ward_93_electricity_demand_lgb.joblib
2025-12-28 16:59:28,691 | INFO | Saved forecast at AI_forecasting\results\ml\forecasts\ward_93_electricity_demand_forecast.csv
2025-12-28 16:59:29,179 | INFO | Saved model at AI_forecasting\artifacts\ml\models\ward_93_water_demand_lgb.joblib
2025-12-28 16:59:29,525 | INFO | Saved forecast at AI_forecasting\results\ml\forecasts\ward_93_water_demand_forecast.csv
2025-12-28 16:59:30,015 | INFO | Saved model at AI_forecasting\artifacts\ml\models\ward_93_congestion_index_lgb.joblib
2025-12-28 16:59:30,362 | INFO | Saved forecast at AI_forecasting\results\ml\forecasts\ward_93_congestion_index_forecast.csv
2025-12-28 16:59:30,846 | INFO | Saved model at AI_forecasting\artifacts\ml\models\ward_93_pm25_lgb.joblib
2025-12-28 16:59:31,197 | INFO | Saved forecast at AI_forecasting\results\ml\forecasts\ward_93_pm25_forecast.csv
2025-12-28 16:59:31,688 | INFO | Saved model at AI_forecasting\artifacts\ml\models\ward_94_electricity_demand_lgb.joblib
2025-12-28 16:59:32,031 | INFO | Saved forecast at AI_forecasting\results\ml\forecasts\ward_94_electricity_demand_forecast.csv
2025-12-28 16:59:32,523 | INFO | Saved model at AI_forecasting\artifacts\ml\models\ward_94_water_demand_lgb.joblib
2025-12-28 16:59:32,868 | INFO | Saved forecast at AI_forecasting\results\ml\forecasts\ward_94_water_demand_forecast.csv
2025-12-28 16:59:33,365 | INFO | Saved model at AI_forecasting\artifacts\ml\models\ward_94_congestion_index_lgb.joblib
2025-12-28 16:59:33,713 | INFO | Saved forecast at AI_forecasting\results\ml\forecasts\ward_94_congestion_index_forecast.csv
2025-12-28 16:59:34,203 | INFO | Saved model at AI_forecasting\artifacts\ml\models\ward_94_pm25_lgb.joblib
2025-12-28 16:59:34,553 | INFO | Saved forecast at AI_forecasting\results\ml\forecasts\ward_94_pm25_forecast.csv
2025-12-28 16:59:35,045 | INFO | Saved model at AI_forecasting\artifacts\ml\models\ward_95_electricity_demand_lgb.joblib
2025-12-28 16:59:35,396 | INFO | Saved forecast at AI_forecasting\results\ml\forecasts\ward_95_electricity_demand_forecast.csv
2025-12-28 16:59:35,896 | INFO | Saved model at AI_forecasting\artifacts\ml\models\ward_95_water_demand_lgb.joblib
2025-12-28 16:59:36,265 | INFO | Saved forecast at AI_forecasting\results\ml\forecasts\ward_95_water_demand_forecast.csv
2025-12-28 16:59:36,791 | INFO | Saved model at AI_forecasting\artifacts\ml\models\ward_95_congestion_index_lgb.joblib
2025-12-28 16:59:37,196 | INFO | Saved forecast at AI_forecasting\results\ml\forecasts\ward_95_congestion_index_forecast.csv
2025-12-28 16:59:37,711 | INFO | Saved model at AI_forecasting\artifacts\ml\models\ward_95_pm25_lgb.joblib
2025-12-28 16:59:38,113 | INFO | Saved forecast at AI_forecasting\results\ml\forecasts\ward_95_pm25_forecast.csv
2025-12-28 16:59:38,618 | INFO | Saved model at AI_forecasting\artifacts\ml\models\ward_96_electricity_demand_lgb.joblib
2025-12-28 16:59:39,024 | INFO | Saved forecast at AI_forecasting\results\ml\forecasts\ward_96_electricity_demand_forecast.csv
2025-12-28 16:59:39,575 | INFO | Saved model at AI_forecasting\artifacts\ml\models\ward_96_water_demand_lgb.joblib
2025-12-28 16:59:39,975 | INFO | Saved forecast at AI_forecasting\results\ml\forecasts\ward_96_water_demand_forecast.csv
2025-12-28 16:59:40,484 | INFO | Saved model at AI_forecasting\artifacts\ml\models\ward_96_congestion_index_lgb.joblib
2025-12-28 16:59:40,857 | INFO | Saved forecast at AI_forecasting\results\ml\forecasts\ward_96_congestion_index_forecast.csv
2025-12-28 16:59:41,378 | INFO | Saved model at AI_forecasting\artifacts\ml\models\ward_96_pm25_lgb.joblib
2025-12-28 16:59:41,774 | INFO | Saved forecast at AI_forecasting\results\ml\forecasts\ward_96_pm25_forecast.csv
2025-12-28 16:59:42,263 | INFO | Saved model at AI_forecasting\artifacts\ml\models\ward_97_electricity_demand_lgb.joblib
2025-12-28 16:59:42,633 | INFO | Saved forecast at AI_forecasting\results\ml\forecasts\ward_97_electricity_demand_forecast.csv
2025-12-28 16:59:43,119 | INFO | Saved model at AI_forecasting\artifacts\ml\models\ward_97_water_demand_lgb.joblib
2025-12-28 16:59:43,474 | INFO | Saved forecast at AI_forecasting\results\ml\forecasts\ward_97_water_demand_forecast.csv
2025-12-28 16:59:43,966 | INFO | Saved model at AI_forecasting\artifacts\ml\models\ward_97_congestion_index_lgb.joblib
2025-12-28 16:59:44,319 | INFO | Saved forecast at AI_forecasting\results\ml\forecasts\ward_97_congestion_index_forecast.csv
2025-12-28 16:59:44,798 | INFO | Saved model at AI_forecasting\artifacts\ml\models\ward_97_pm25_lgb.joblib
2025-12-28 16:59:45,161 | INFO | Saved forecast at AI_forecasting\results\ml\forecasts\ward_97_pm25_forecast.csv
2025-12-28 16:59:45,682 | INFO | Saved model at AI_forecasting\artifacts\ml\models\ward_98_electricity_demand_lgb.joblib
2025-12-28 16:59:46,057 | INFO | Saved forecast at AI_forecasting\results\ml\forecasts\ward_98_electricity_demand_forecast.csv
2025-12-28 16:59:46,576 | INFO | Saved model at AI_forecasting\artifacts\ml\models\ward_98_water_demand_lgb.joblib
2025-12-28 16:59:46,946 | INFO | Saved forecast at AI_forecasting\results\ml\forecasts\ward_98_water_demand_forecast.csv
2025-12-28 16:59:47,441 | INFO | Saved model at AI_forecasting\artifacts\ml\models\ward_98_congestion_index_lgb.joblib
2025-12-28 16:59:47,789 | INFO | Saved forecast at AI_forecasting\results\ml\forecasts\ward_98_congestion_index_forecast.csv
2025-12-28 16:59:48,266 | INFO | Saved model at AI_forecasting\artifacts\ml\models\ward_98_pm25_lgb.joblib
2025-12-28 16:59:48,614 | INFO | Saved forecast at AI_forecasting\results\ml\forecasts\ward_98_pm25_forecast.csv
2025-12-28 16:59:49,106 | INFO | Saved model at AI_forecasting\artifacts\ml\models\ward_99_electricity_demand_lgb.joblib
2025-12-28 16:59:49,459 | INFO | Saved forecast at AI_forecasting\results\ml\forecasts\ward_99_electricity_demand_forecast.csv
2025-12-28 16:59:49,950 | INFO | Saved model at AI_forecasting\artifacts\ml\models\ward_99_water_demand_lgb.joblib
2025-12-28 16:59:50,298 | INFO | Saved forecast at AI_forecasting\results\ml\forecasts\ward_99_water_demand_forecast.csv
2025-12-28 16:59:50,797 | INFO | Saved model at AI_forecasting\artifacts\ml\models\ward_99_congestion_index_lgb.joblib
2025-12-28 16:59:51,146 | INFO | Saved forecast at AI_forecasting\results\ml\forecasts\ward_99_congestion_index_forecast.csv
2025-12-28 16:59:51,635 | INFO | Saved model at AI_forecasting\artifacts\ml\models\ward_99_pm25_lgb.joblib
2025-12-28 16:59:51,981 | INFO | Saved forecast at AI_forecasting\results\ml\forecasts\ward_99_pm25_forecast.csv
2025-12-28 16:59:52,038 | INFO | City-level backtest summary saved at AI_forecasting\results\ml\summaries\city_level_backtest_summary.csv
2025-12-28 16:59:52,040 | INFO | Saved top/bottom 10 wards for congestion_index
2025-12-28 16:59:52,041 | INFO | Saved top/bottom 10 wards for electricity_demand
2025-12-28 16:59:52,042 | INFO | Saved top/bottom 10 wards for pm25
2025-12-28 16:59:52,045 | INFO | Saved top/bottom 10 wards for water_demand
